7577,9765,1
7577,9765,1
9764,9763,2
9764,9763,2
9765,7577,3
9765,7577,3
10139,8215,3
11443,8274,3
7577,9766,4
7577,9766,4
7577,10215,4
8274,11394,4
10215,7863,4
10215,7918,4
2538,8274,5
7765,11394,5
10139,8215,5
7706,11443,6
2405,7607,6
7577,10658,7
8017,11443,7
8117,10658,7
10658,7706,7
10658,7863,7
10658,8117,7
11101,8235,7
7577,2405,8
8017,10215,8
8215,2405,8
8215,11394,8
8274,10215,8
8327,2060,8
8327,2060,8
8327,2060,8
8327,2060,8
8327,2060,8
8327,2060,8
8327,2060,8
8327,13934,8
8327,14085,8
8327,14085,8
8327,14085,8
2405,7607,8
7607,2405,9
8235,2538,9
8274,2538,9
8327,4670,9
8327,4670,9
8327,4670,9
8327,4670,9
8327,4670,9
8327,4670,9
8327,4670,9
8327,4670,9
8327,4670,9
8327,4670,9
8327,4670,9
8327,4670,9
8327,4670,9
8327,4670,9
8327,4670,9
8327,4670,9
8327,4670,9
8327,4670,9
8327,4670,9
8327,4670,9
8327,4670,9
8327,4670,9
8327,4670,9
8327,4670,9
8327,4670,9
8327,4670,9
8327,4670,9
8327,4670,9
8327,4670,9
8327,4670,9
8327,4670,9
8327,4670,9
8327,4670,9
8327,4670,9
8327,4670,9
8327,4670,9
8327,4670,9
8327,4670,9
8327,4670,9
8327,4670,9
8327,4670,9
8933,2595,9
8933,2595,9
8933,2595,9
8933,2595,9
8933,2595,9
8933,2595,9
8933,2595,9
8933,2595,9
7607,2405,10
7918,10215,10
8017,10215,10
8236,2538,10
8933,2595,10
8933,2595,10
8933,2595,10
7751,10215,11
7765,11443,11
8236,10215,11
9765,7607,11
9765,9766,11
9765,9766,11
7577,9765,12
8933,2595,12
8933,18170,12
8933,18170,12
8933,18170,12
8933,18170,12
8933,18170,12
8933,18170,12
8933,18170,12
8933,18170,12
8933,18170,12
8933,18170,12
8933,18170,12
8933,18170,12
8933,18170,12
8933,18170,12
8933,18170,12
8933,18170,12
8933,18170,12
8933,18170,12
8933,18170,12
8933,18170,12
8933,18170,12
8933,18170,12
8933,18170,12
8933,18170,12
8933,18170,12
8933,18170,12
8933,18170,12
8933,18170,12
8933,18170,12
8933,18170,12
8933,18170,12
8933,18170,12
8933,18170,12
9763,9764,12
7897,11443,13
7897,11443,13
8274,2538,13
8274,10215,13
8274,10215,13
8235,11443,14
8235,18535,14
8327,4670,14
8327,4670,14
8327,4670,14
8327,4670,14
8327,4670,14
8327,4670,14
8327,4670,14
8327,4670,14
8327,4670,14
8327,4670,14
8327,4670,14
8327,4670,14
8327,4670,14
8327,4670,14
8327,4670,14
8327,4670,14
8327,4670,14
8327,4670,14
8327,4670,14
8327,4670,14
8327,4670,14
8327,4670,14
8327,4670,14
8327,4670,14
8327,4670,14
8327,4670,14
8327,4670,14
8327,4670,14
8327,23862,14
8327,23862,14
8327,23862,14
8327,23862,14
8327,23862,14
8327,23862,14
8327,23862,14
8933,18170,14
8933,18170,14
8933,18170,14
8933,18170,14
8933,18170,14
8933,18170,14
8933,18170,14
8933,18170,14
8933,18170,14
8933,18170,14
8933,18170,14
8933,18170,14
8933,18170,14
8327,18535,15
8327,21136,15
8327,21136,15
8327,21136,15
8327,21136,15
8327,21136,15
8327,21136,15
8327,21136,15
8327,21136,15
8327,21136,15
8327,21136,15
8327,21136,15
8327,21136,15
8327,21136,15
8327,21136,15
8327,21136,15
8327,21136,15
8327,21136,15
8327,21136,15
8327,21136,15
8327,21136,15
8327,21136,15
8327,21136,15
8327,21136,15
8327,21136,15
8327,21136,15
8327,21136,15
8327,21136,15
8327,21136,15
8933,12080,15
8933,12080,15
8933,12080,15
8933,12080,15
8933,12080,15
8933,12080,15
8933,12080,15
8933,12080,15
8933,12080,15
8933,12080,15
8933,12080,15
8933,12080,15
8933,12080,15
8933,12080,15
8933,12080,15
8933,12080,15
8933,12080,15
8933,12080,15
8933,12080,15
8933,12080,15
8933,12080,15
8933,12080,15
8933,12080,15
8933,12080,15
8933,12080,15
8933,12080,15
8933,12080,15
8933,12080,15
8327,3396,16
8327,3396,16
8327,3396,16
8327,3396,16
8327,3403,16
8327,3403,16
8327,3403,16
8327,3403,16
8327,3403,16
8327,3403,16
8327,3403,16
8327,3403,16
8327,3403,16
8327,3403,16
8327,3403,16
8327,21136,16
8327,21136,16
8327,21136,16
8327,21136,16
8327,21136,16
8327,21136,16
8327,21136,16
8327,21136,16
8327,21136,16
8327,21136,16
8933,12080,16
8933,12080,16
8933,12080,16
8933,12080,16
8933,12080,16
8933,12080,16
8933,12080,16
8933,12080,16
8933,12080,16
8933,12080,16
8933,12080,16
8933,12080,16
8933,12080,16
8933,12080,16
8933,12080,16
8933,12080,16
8933,12080,16
11237,8235,16
2405,7607,17
2405,7706,17
2405,7751,17
2405,7765,17
2405,7863,17
2405,7897,17
2405,7918,17
2405,8017,17
2405,8117,17
2405,8215,17
2405,8235,17
2405,8236,17
2405,8274,17
7751,2538,17
8117,2405,17
8327,4670,17
8327,4670,17
8327,4670,17
8327,4670,17
8327,4670,17
8327,4670,17
8327,4670,17
8327,4670,17
8327,4670,17
8327,4670,17
8327,4670,17
8327,4670,17
8327,4670,17
8327,4670,17
8327,4670,17
8327,4670,17
8327,4670,17
8327,4670,17
8327,4670,17
8327,4670,17
8327,4670,17
8327,4670,17
8327,4670,17
8327,4670,17
8327,4670,17
8327,4670,17
8327,4670,17
8327,4670,17
8327,22601,17
8327,23862,17
8327,23862,17
8327,23862,17
8327,23862,17
8327,23862,17
8327,23862,17
8327,23862,17
8933,13934,17
8933,14085,17
8933,14085,17
8933,14085,17
8933,18142,17
8933,18142,17
8933,18142,17
8933,18142,17
8933,18142,17
8933,18142,17
8933,18142,17
8933,18142,17
8933,18142,17
8933,18142,17
8933,18142,17
8933,18142,17
8933,18142,17
8933,18142,17
8933,18142,17
8933,18142,17
8933,18142,17
8933,18142,17
8933,18142,17
8933,18142,17
8933,18142,17
8933,21582,17
9765,7607,17
8327,745,18
8327,745,18
8327,745,18
8327,745,18
8327,745,18
8327,745,18
8327,745,18
8933,21582,18
8327,745,19
8327,20337,19
8327,21136,19
8327,21136,19
8327,21136,19
8327,21136,19
8327,21136,19
8327,21136,19
8327,21136,19
8327,21136,19
8327,21136,19
8327,21136,19
8327,21136,19
8327,21136,19
8327,21136,19
8327,21136,19
8327,21136,19
8327,21136,19
8327,21136,19
8327,21136,19
8327,21136,19
8327,21136,19
8327,21136,19
8327,21136,19
8327,21136,19
8327,21136,19
8327,21136,19
8327,21136,19
8327,21136,19
8327,21136,19
8327,21136,19
8327,21136,19
8327,21136,19
8327,21136,19
8327,21136,19
8327,21136,19
8327,21136,19
8327,21136,19
8327,21136,19
8327,21136,19
8327,21136,19
8327,21136,19
8327,21136,19
8327,21136,19
8327,21136,19
8327,21136,19
8327,21136,19
8327,21136,19
8327,21136,19
8327,21136,19
8327,21136,19
8327,21136,19
8327,21136,19
7577,9766,20
7706,11443,20
7751,11101,20
7765,10215,20
7897,11101,20
8235,11101,20
8235,11237,20
8933,2061,20
8933,2061,20
8933,2061,20
8933,2061,20
8933,2061,20
8933,2061,20
8933,2061,20
8933,2061,20
8933,2061,20
8933,2061,20
8933,2061,20
8933,2061,20
8933,2061,20
8933,2061,20
7897,11237,21
7897,18313,21
7897,18313,21
7897,18313,21
7897,18313,21
7897,18313,21
7897,18313,21
7897,18313,21
7897,18313,21
7897,18313,21
7897,18313,21
7897,18313,21
7897,18313,21
7897,18313,21
7897,18313,21
7897,18313,21
7897,18313,21
7897,18313,21
7897,18313,21
7897,18313,21
7897,18313,21
7897,18313,21
7897,18313,21
7897,18313,21
7897,18313,21
7897,18313,21
7897,18313,21
7897,18313,21
7897,18313,21
7897,18313,21
7897,18313,21
7897,18313,21
7897,18313,21
7897,18313,21
7897,18313,21
7897,18313,21
7897,18313,21
7897,18313,21
7897,18313,21
7897,18313,21
7897,18313,21
7897,18313,21
7897,18313,21
7897,18313,21
7897,18313,21
7897,18313,21
7897,18313,21
7897,18313,21
7897,18313,21
7897,18321,21
7897,18321,21
7897,18321,21
7897,18526,21
8327,21136,21
8327,21136,21
8327,21136,21
8327,21136,21
8327,21136,21
8327,21136,21
8327,21136,21
8327,21136,21
8327,21136,21
8327,21136,21
8556,18142,21
8556,18142,21
8556,18142,21
8556,18142,21
8556,18142,21
8556,18142,21
8556,18142,21
8556,18142,21
8556,18142,21
8556,18142,21
8556,18142,21
8556,18142,21
8556,18142,21
8556,18142,21
8556,18142,21
8556,18142,21
8556,18142,21
8556,18142,21
8556,18142,21
8556,18142,21
8556,18142,21
8933,2061,21
8933,2061,21
8933,2061,21
8933,2061,21
2538,7706,22
2538,7765,22
2538,7863,22
2538,7897,22
2538,7918,22
2538,8017,22
2538,8117,22
2538,8117,22
2538,8215,22
2538,8235,22
2538,8236,22
2538,8274,22
7577,2538,22
7765,10215,22
7897,18313,22
7897,18321,22
7918,10215,22
8117,2538,22
8327,745,22
8327,745,22
8327,745,22
8327,745,22
8327,745,22
8327,745,22
8327,745,22
8933,2061,22
8933,2061,22
8933,2061,22
8933,2061,22
9763,9764,22
9765,7577,22
8235,10215,23
8235,11237,23
8327,745,23
8327,21136,23
8327,21136,23
8327,21136,23
8327,21136,23
8327,21136,23
8327,21136,23
8327,21136,23
8327,21136,23
8327,21136,23
8327,21136,23
8327,21136,23
8327,21136,23
8327,21136,23
8327,21136,23
8327,21136,23
8327,21136,23
8327,21136,23
8327,21136,23
8327,21136,23
8556,14500,23
8556,18142,23
8556,18145,23
8556,18145,23
8556,18145,23
8556,18145,23
8556,18145,23
8556,18145,23
8556,18145,23
8556,18147,23
8556,18147,23
8556,18147,23
8556,18313,23
8556,18313,23
8556,18313,23
8556,18313,23
8556,18313,23
8556,18313,23
8556,18313,23
8556,18313,23
8556,18313,23
8556,18313,23
8556,18313,23
8556,18313,23
8556,18313,23
8556,18313,23
8556,18313,23
8556,18313,23
8556,18313,23
8556,18313,23
8556,18313,23
8933,12071,23
8933,12071,23
8933,12071,23
8933,12071,23
8933,12071,23
8933,12071,23
8933,12071,23
8933,12071,23
8933,12071,23
8933,12071,23
8933,18325,23
8933,18325,23
8933,18325,23
8933,18325,23
8933,18325,23
8933,18325,23
8933,18325,23
8933,18325,23
8933,18325,23
8933,18325,23
8933,18325,23
8933,18325,23
8933,18325,23
8933,18325,23
8933,18325,23
8933,18325,23
8933,18325,23
8933,18325,23
8933,18325,23
2538,7607,24
8556,18313,24
8556,18313,24
8556,18313,24
8556,18313,24
8556,18313,24
8556,18313,24
8556,18313,24
8556,18313,24
8556,18313,24
8556,18313,24
8556,18313,24
8556,18313,24
8556,18313,24
8933,12071,24
8933,12071,24
8933,12071,24
8933,12071,24
8933,12071,24
8933,12071,24
8933,12071,24
8933,12071,24
8933,12071,24
8933,12071,24
8933,12071,24
8933,12071,24
8933,12071,24
8933,12071,24
2538,7607,25
7897,18313,25
7897,18313,25
7897,18313,25
7897,18313,25
7897,18313,25
7897,18313,25
7897,18313,25
7897,18313,25
7897,18313,25
7897,18313,25
7897,18313,25
7897,18313,25
7897,18313,25
7897,18313,25
7897,18313,25
7897,18313,25
7897,18313,25
7897,18313,25
7897,18313,25
7897,18313,25
7897,18313,25
7897,18313,25
7897,18313,25
7897,18313,25
7897,18313,25
7897,18313,25
7897,18313,25
7897,18313,25
7897,18313,25
7897,18313,25
7897,18313,25
7897,18313,25
7897,18313,25
7897,18313,25
7897,18313,25
7897,18313,25
7897,18313,25
7897,18313,25
7897,18313,25
7897,18313,25
7897,18313,25
7897,18313,25
7897,18313,25
7897,18313,25
7897,18313,25
7897,18313,25
7897,18313,25
7897,18313,25
7897,18313,25
7897,18313,25
7897,18313,25
7897,18313,25
7897,18313,25
7897,18313,25
7897,18313,25
7897,18313,25
7897,18313,25
7897,18313,25
7897,18313,25
7897,18313,25
7897,18313,25
7897,18313,25
7897,18313,25
7897,18313,25
7897,18313,25
7897,18313,25
7897,18313,25
7897,18313,25
7897,18313,25
7897,18313,25
7897,18313,25
7897,18313,25
7897,18313,25
7897,18313,25
7897,18313,25
7897,18321,25
8327,14734,25
8327,14740,25
8327,14740,25
8327,14740,25
8327,14740,25
8327,14740,25
8327,14740,25
8327,14740,25
8327,14740,25
8327,14740,25
8327,14740,25
8327,14740,25
8327,14740,25
8327,14740,25
8327,14740,25
8556,3396,25
8556,3396,25
8556,3396,25
8556,3396,25
8556,3403,25
8556,3403,25
8556,3403,25
8556,3403,25
8556,3403,25
8556,3403,25
8556,3403,25
8556,3403,25
8556,3403,25
8556,3403,25
8556,3403,25
9765,7607,25
9765,7607,25
7765,11101,26
8327,2595,26
8327,2595,26
8327,2595,26
8327,2595,26
8327,2595,26
8327,2595,26
8327,2595,26
8327,2595,26
8327,2595,26
8327,2595,26
8327,2595,26
8327,2595,26
8327,14740,26
8327,14740,26
8327,14740,26
8327,14740,26
8327,14740,26
8327,14740,26
8327,14740,26
8327,17948,26
8327,17948,26
8327,17948,26
8327,17948,26
8327,17948,26
8327,17948,26
8327,17948,26
8327,17948,26
8327,17948,26
8327,17948,26
8327,17948,26
8327,17948,26
8327,17948,26
8327,20228,26
8327,25290,26
8933,12071,26
8933,12071,26
8933,12071,26
8933,12071,26
8933,12071,26
8933,12071,26
8933,12071,26
8933,12071,26
8933,12071,26
8933,12071,26
8933,12071,26
9765,7607,26
7897,18313,27
7897,18313,27
7897,18313,27
7897,18313,27
7897,18313,27
7897,18313,27
7897,18313,27
7897,18313,27
7897,18313,27
7897,18313,27
7897,18313,27
7897,18313,27
7897,18313,27
7897,18313,27
7897,18313,27
7897,18313,27
7897,18313,27
7897,18313,27
7897,18313,27
7897,18313,27
7897,18313,27
7897,18313,27
7897,18313,27
7897,18313,27
7897,18313,27
7897,18313,27
8327,2595,27
8556,3396,27
8556,3396,27
8556,3396,27
8556,3403,27
8556,3403,27
8556,3403,27
8556,3403,27
8556,3403,27
8556,3403,27
8556,3403,27
8556,3403,27
8556,3403,27
8556,3403,27
8556,3403,27
8556,3403,27
8556,3403,27
8556,3403,27
8556,3403,27
8556,3403,27
8556,3403,27
8556,3403,27
8556,3403,27
8556,3403,27
8556,3403,27
8556,3405,27
8556,11559,27
8556,11559,27
9765,7607,27
9765,7607,27
7577,9765,28
7577,10215,28
7897,11770,28
7897,11770,28
7897,11770,28
7897,11770,28
7897,11770,28
7897,11770,28
7897,11770,28
7897,11770,28
7897,11770,28
7897,11770,28
7897,11770,28
7897,11770,28
7897,11770,28
7897,11770,28
7897,11770,28
7897,11770,28
7897,11770,28
7897,11770,28
7897,11770,28
7897,11770,28
7897,11770,28
7897,11770,28
7897,11770,28
7897,11770,28
7897,11770,28
7897,11770,28
7897,18313,28
7897,18313,28
7897,18313,28
7897,18313,28
7897,18313,28
7897,18313,28
7897,18313,28
7897,18313,28
7897,18313,28
7897,18313,28
7897,18313,28
7897,18313,28
7897,18313,28
7897,18313,28
7897,18313,28
7897,18313,28
7897,18313,28
7897,18313,28
7897,18313,28
7897,18313,28
7897,18313,28
7897,18313,28
7897,18313,28
7897,18313,28
7897,18313,28
7897,18313,28
7897,18313,28
7897,18313,28
7897,18313,28
8327,2595,28
8327,2595,28
8327,2595,28
8327,2595,28
8327,2595,28
8327,2595,28
8327,2595,28
8327,2595,28
8327,2595,28
8327,2595,28
8327,2595,28
8327,9482,28
8327,9482,28
8327,9482,28
8327,9482,28
8327,9482,28
8327,9482,28
8327,9482,28
8327,9482,28
8327,9482,28
8327,9482,28
8327,9482,28
8327,9482,28
8327,9482,28
8327,9482,28
8327,9482,28
8327,9482,28
8556,3396,28
8933,12071,28
8933,12071,28
8933,12071,28
8933,12071,28
8933,12071,28
8933,12071,28
8933,12071,28
8933,12071,28
8933,12071,28
8933,12071,28
8933,12071,28
8933,12071,28
8933,12071,28
8933,12071,28
8933,12071,28
8933,12071,28
8933,12071,28
8933,12071,28
8933,12071,28
8933,12071,28
8933,12071,28
8933,12071,28
8933,12071,28
8933,12071,28
8933,12071,28
8933,12071,28
8933,12071,28
8933,12071,28
10215,7607,28
10215,7751,28
10215,7765,28
10215,7897,28
10215,8215,28
10215,8235,28
10215,8274,28
7897,15597,29
7897,15600,29
7897,15601,29
7897,15601,29
7897,15601,29
7897,15601,29
7897,15601,29
7897,15601,29
7897,15601,29
7897,15601,29
7897,15601,29
7897,15601,29
7897,15601,29
7897,15601,29
7897,15601,29
7897,15601,29
7897,15601,29
7897,15601,29
7897,15601,29
7897,15601,29
7897,15601,29
7897,15601,29
7897,15601,29
7897,15601,29
7897,15601,29
7897,15601,29
7897,15601,29
7897,15601,29
7897,15601,29
7897,15601,29
7897,15601,29
7897,15601,29
7897,15601,29
7897,15601,29
7897,15601,29
7897,15601,29
7897,15601,29
7897,15601,29
7897,15609,29
7897,15609,29
8327,14502,29
8327,14502,29
8327,14502,29
8327,14502,29
8327,14502,29
8327,14502,29
8327,14502,29
8327,14502,29
8327,17948,29
8327,17948,29
8327,17948,29
8327,17948,29
8327,17948,29
8327,17948,29
8327,17948,29
8327,17948,29
8327,17948,29
8327,17948,29
8327,17948,29
8327,17948,29
8327,17948,29
8327,17948,29
8327,17948,29
8327,17948,29
8327,20228,29
10215,8017,29
7897,14682,30
7897,14682,30
7897,14682,30
7897,14682,30
7897,14682,30
7897,14682,30
7897,14682,30
7897,14682,30
7897,14682,30
7897,14682,30
7897,14682,30
7897,14682,30
7897,14682,30
7897,14682,30
7897,14682,30
7897,14682,30
7897,14682,30
7897,14682,30
7897,15601,30
8235,11237,30
8327,2666,30
8327,2666,30
8327,2666,30
8327,2666,30
8327,2666,30
8327,2666,30
8327,2666,30
8327,2666,30
8327,2666,30
8327,2666,30
8327,2666,30
8327,2666,30
8327,2666,30
8327,2666,30
8327,2666,30
8327,2666,30
8327,2666,30
8327,2666,30
8327,2666,30
8327,2666,30
8327,2666,30
8327,2666,30
8327,2666,30
8327,2666,30
8327,2666,30
8327,2666,30
8327,2666,30
8327,2666,30
8327,2666,30
8327,2666,30
8327,14502,30
10215,7706,30
10215,7765,30
10215,8235,30
7607,2538,31
7607,10215,31
7897,3396,31
7897,3396,31
7897,3396,31
7897,3396,31
7897,3403,31
7897,3403,31
7897,3403,31
7897,3403,31
7897,3403,31
7897,3403,31
7897,3403,31
7897,3403,31
7897,3403,31
7897,3403,31
7897,3403,31
7897,15597,31
7897,15600,31
7897,15601,31
7897,15601,31
7897,15601,31
7897,15601,31
7897,15601,31
7897,15601,31
7897,15601,31
7897,15601,31
7897,15601,31
7897,15601,31
7897,15601,31
7897,15601,31
7897,15601,31
7897,15601,31
7897,15601,31
7897,15601,31
7897,15601,31
7897,15601,31
7897,15601,31
7897,15601,31
7897,15601,31
7897,15601,31
7897,15601,31
7897,15601,31
7897,15601,31
7897,15601,31
7897,15601,31
7897,15601,31
7897,15601,31
7897,15601,31
7897,15601,31
7897,15601,31
7897,15601,31
7897,15601,31
7897,15601,31
7897,15601,31
7897,15609,31
7897,15609,31
7897,18170,31
7897,18170,31
7897,18170,31
7897,18170,31
7897,18170,31
7897,18170,31
7897,18170,31
7897,18170,31
7897,18170,31
7897,18170,31
7897,18170,31
7897,18170,31
7897,18170,31
7897,18170,31
7897,18170,31
7897,18170,31
7897,18170,31
7897,18170,31
7897,18170,31
7897,18170,31
7897,18170,31
7897,18170,31
7897,18170,31
7897,18170,31
7897,18170,31
7897,18170,31
7897,18170,31
7897,18170,31
7897,18170,31
7897,18170,31
7897,18170,31
7897,18170,31
7897,18170,31
7897,18313,31
7897,18313,31
7897,18313,31
7897,18313,31
7897,18313,31
7897,18313,31
7897,18313,31
7897,18313,31
7897,18313,31
7897,18313,31
7897,18313,31
7897,18313,31
7897,18313,31
7897,18313,31
7897,18313,31
7897,18313,31
7897,18313,31
7897,18313,31
7897,18313,31
8327,17948,31
8327,17948,31
8327,17948,31
8556,3396,31
8556,3396,31
8556,3403,31
8556,3403,31
8556,3403,31
8556,3403,31
8556,3403,31
8556,3403,31
8556,3403,31
8556,3403,31
8556,3403,31
8556,3403,31
7607,10658,32
7897,18313,32
7897,18313,32
7897,18313,32
7897,18313,32
7897,18313,32
7897,18313,32
7897,18313,32
7897,18313,32
7897,18313,32
7897,18313,32
7897,18313,32
7897,18313,32
7897,18313,32
7897,18313,32
7897,18313,32
7897,18313,32
7897,18313,32
7897,18313,32
7897,18313,32
7897,18313,32
7897,18313,32
7897,18313,32
7897,18313,32
7897,18313,32
7897,18313,32
8017,2538,32
8327,17948,32
8327,17948,32
8327,17948,32
8327,17948,32
8327,17948,32
8327,17948,32
8327,17948,32
8327,17948,32
8327,17948,32
8556,3396,32
8556,3396,32
8556,3396,32
8556,3396,32
8556,3403,32
8556,3403,32
8556,3403,32
8556,3403,32
8556,3403,32
8556,3403,32
8556,3403,32
8556,3403,32
8556,3403,32
8556,3403,32
8556,3403,32
8556,3403,32
8556,3403,32
8556,3403,32
8556,3403,32
8556,3403,32
8556,3403,32
8556,3403,32
8556,3403,32
8556,11559,32
8556,11559,32
9763,9764,32
7897,2705,33
7897,2705,33
7897,18313,33
7897,18313,33
7897,18313,33
7897,18313,33
7897,18313,33
7897,18313,33
7897,18313,33
7897,18313,33
7897,18313,33
7897,18313,33
7897,18313,33
7897,18313,33
7897,18313,33
7897,18313,33
7897,18313,33
7897,18313,33
7897,18313,33
7897,18313,33
7897,18313,33
7897,18313,33
7897,18313,33
7897,18313,33
7897,18313,33
7897,18313,33
7897,18313,33
7897,18313,33
8327,15824,33
8556,1969,33
8556,1969,33
7897,2705,34
7897,2705,34
7897,2705,34
7897,2705,34
7897,2705,34
7897,2705,34
7897,2705,34
7897,2705,34
7897,2705,34
7897,2705,34
7897,2705,34
7897,18343,34
7918,11101,34
8017,2405,34
8327,2595,34
8327,2595,34
8327,2595,34
8327,14502,34
8556,4670,34
8556,4670,34
8556,4670,34
8556,4670,34
8556,4670,34
8556,4670,34
8556,4670,34
8556,4670,34
8556,4670,34
8556,4670,34
8556,4670,34
8556,4670,34
8556,4670,34
8556,4670,34
8556,4670,34
8556,4670,34
8556,4670,34
8556,4670,34
8556,4670,34
8556,4670,34
8556,4670,34
8556,4670,34
8556,4670,34
8556,4670,34
8556,4670,34
8556,4670,34
8556,4670,34
8556,4670,34
8556,4670,34
8556,4670,34
8556,4670,34
8556,4670,34
8556,4670,34
8556,4670,34
8556,4670,34
8556,4670,34
8556,4670,34
8556,4670,34
8556,4670,34
8556,4670,34
8556,4670,34
8556,4670,34
8556,4670,34
8556,4670,34
8556,4670,34
8556,4670,34
8556,4670,34
8556,4670,34
8556,4670,34
8556,4670,34
8556,4670,34
8556,4670,34
8556,4670,34
8556,4670,34
8556,4670,34
8556,4670,34
8556,4670,34
8556,4670,34
8556,4670,34
8556,4670,34
8556,4670,34
8556,4670,34
8556,4670,34
8556,4670,34
8556,4670,34
8556,4670,34
8556,4670,34
8556,4670,34
8556,4670,34
8556,4670,34
8556,4670,34
8556,4670,34
8556,4670,34
8556,4670,34
8556,4670,34
8556,4670,34
8556,4670,34
8556,4670,34
8556,4670,34
8556,4670,34
8556,4670,34
8556,4670,34
8556,4670,34
8556,4670,34
8556,4670,34
8556,4670,34
8556,4676,34
8556,22601,34
7577,9766,35
7897,2705,35
7897,2705,35
7897,2705,35
7897,2705,35
7897,2705,35
7897,2705,35
7897,2705,35
7897,2705,35
7897,2705,35
7897,2705,35
7897,2705,35
7897,2705,35
7897,2705,35
7897,2705,35
7897,2705,35
7897,2705,35
7897,2705,35
7897,2705,35
7897,2705,35
7897,2705,35
7897,2705,35
7897,2705,35
7897,2705,35
7897,2705,35
7897,2705,35
7897,2705,35
7897,2705,35
7897,2705,35
7897,2705,35
7897,2705,35
7897,2705,35
7897,2705,35
7897,2705,35
7897,2705,35
7897,2705,35
7897,2705,35
7897,2705,35
7897,2705,35
7897,2705,35
7897,2705,35
7897,2705,35
7897,2705,35
8327,4353,35
8327,15146,35
8327,15146,35
8327,15146,35
8327,15146,35
8327,15146,35
8327,15146,35
8327,15146,35
8327,15146,35
8327,15146,35
8327,15146,35
8327,15146,35
8327,15146,35
8556,4670,35
8556,4670,35
9765,7607,35
9765,9766,35
8327,15146,36
8327,15146,36
8327,15146,36
8327,15146,36
8327,15146,36
8327,15146,36
8327,15146,36
8327,15146,36
8327,15146,36
8327,15146,36
8327,17948,36
8327,17948,36
8327,17948,36
8556,1969,36
8556,1969,36
9765,7607,36
7706,2538,37
7897,2538,37
7897,4670,37
7897,4670,37
7897,4670,37
7897,4670,37
7897,4670,37
7897,4670,37
7897,4670,37
7897,4670,37
7897,4670,37
7897,4670,37
7897,4670,37
7897,4670,37
7897,4670,37
7897,4670,37
7897,4670,37
7897,4670,37
7897,4670,37
7897,4670,37
7897,4670,37
7897,4670,37
7897,4670,37
7897,4670,37
7897,4670,37
7897,4670,37
7897,4670,37
7897,4670,37
7897,4670,37
7897,4670,37
7897,4670,37
7897,4670,37
7897,4670,37
7897,4670,37
7897,4670,37
7897,4670,37
7897,4670,37
7897,4670,37
7897,4670,37
7897,4670,37
7897,4670,37
7897,4670,37
7897,13961,37
7897,14085,37
7897,14085,37
7897,14085,37
7897,14085,37
7897,15762,37
7897,17963,37
8327,15146,37
8327,15146,37
8327,15146,37
8327,15146,37
8327,15146,37
8327,15146,37
8327,15146,37
8327,15146,37
8327,15146,37
8327,15146,37
8327,15146,37
8327,15146,37
8556,1969,37
8556,1969,37
8556,1969,37
8556,1969,37
7706,10658,38
7897,13934,38
7897,13955,38
7897,14074,38
7897,20228,38
7918,2405,38
7918,2538,38
7918,11443,38
8327,2060,38
8327,2060,38
8327,2060,38
8327,2060,38
8327,2060,38
8327,2060,38
8327,2060,38
8327,17948,38
8327,17948,38
8327,17948,38
8327,17948,38
8327,17948,38
8327,17948,38
8327,17948,38
8556,1969,38
8556,1969,38
2405,8215,39
7577,2405,39
7897,13955,39
7897,14085,39
8556,1969,39
8556,1969,39
9765,7577,39
7897,13955,40
7897,14085,40
7897,13955,41
7897,20228,41
8327,4385,41
8327,4385,41
8327,4385,41
8327,4385,41
8327,4385,41
8327,4385,41
8327,4385,41
8327,4385,41
8327,4385,41
8327,4385,41
8327,4385,41
8327,4385,41
8327,4385,41
8327,4385,41
8327,15151,41
8327,15151,41
8327,15151,41
8327,15151,41
8327,15151,41
8327,15151,41
8327,15151,41
8327,15151,41
8327,15151,41
8327,15151,41
8327,15151,41
8327,15151,41
8327,15151,41
8327,15151,41
8327,15151,41
8327,17948,41
8327,17948,41
7897,724,42
7897,724,42
7897,724,42
7897,724,42
7897,724,42
7897,724,42
7897,724,42
7897,724,42
7897,724,42
7897,724,42
7897,724,42
7897,724,42
7897,724,42
7897,724,42
7897,724,42
7897,724,42
7897,2595,42
7897,2595,42
7897,2595,42
7897,2595,42
7897,2595,42
7897,2595,42
7897,2595,42
7897,2595,42
7897,2595,42
7897,2595,42
7897,2595,42
7897,18482,42
7897,18482,42
7897,18482,42
7897,18482,42
7897,18482,42
7897,18482,42
7897,18482,42
7897,18482,42
7897,18482,42
7897,18482,42
7897,18482,42
7897,18482,42
7897,18482,42
7897,18482,42
7897,18482,42
7897,18482,42
8327,12080,42
8327,12080,42
8327,12080,42
8327,12080,42
8327,12080,42
8327,12080,42
8327,12080,42
8327,12080,42
8327,12080,42
8327,12080,42
8327,12080,42
8327,12080,42
8327,12080,42
8327,12080,42
8327,12080,42
8327,12080,42
8327,12080,42
8327,12080,42
8327,12080,42
8327,12080,42
8327,12080,42
8327,12080,42
8327,12080,42
8327,12080,42
8327,12080,42
8327,12080,42
8327,12080,42
8327,12080,42
8327,12080,42
8327,12080,42
8327,12080,42
8327,12080,42
8327,12080,42
8327,12080,42
8327,12080,42
8327,12080,42
8327,12080,42
8327,12080,42
8327,12080,42
8327,13605,42
8327,13605,42
8327,13605,42
8327,13605,42
8327,13605,42
8327,13605,42
8327,13605,42
8327,13605,42
8327,13605,42
8327,13605,42
8327,13605,42
8327,13605,42
8327,13605,42
8327,13605,42
8327,13605,42
8327,13605,42
8327,13605,42
8327,13605,42
8327,13605,42
8327,13605,42
8327,13605,42
8327,13605,42
8327,13605,42
8327,13605,42
8327,13605,42
8327,15151,42
8327,15151,42
8327,15151,42
8327,15151,42
8327,15151,42
8327,15151,42
8327,15151,42
8327,15151,42
8327,15151,42
8327,15151,42
8327,15151,42
8327,15151,42
8556,1969,42
8556,1969,42
8556,3068,42
9763,9764,42
7897,18482,43
7897,18482,43
8327,15079,43
8327,15079,43
8327,15079,43
8327,15079,43
8327,15079,43
8327,15079,43
8327,15079,43
8327,15079,43
8327,15079,43
8327,15079,43
8327,15079,43
8556,1969,43
8556,1969,43
11394,8215,43
7577,9765,44
7577,11237,44
7897,19821,44
7897,19821,44
7897,19821,44
7897,19821,44
7897,19821,44
7897,19821,44
7897,19821,44
7897,19821,44
7897,19821,44
7897,19821,44
7897,19821,44
7897,19821,44
7897,19821,44
7897,19821,44
7897,19821,44
7897,19821,44
7897,19821,44
7897,19821,44
7897,19821,44
7897,19821,44
7897,19821,44
7897,19821,44
7897,19821,44
7897,19821,44
7897,19821,44
7897,19821,44
7897,19821,44
7897,19821,44
7897,19821,44
7897,19821,44
7897,19821,44
7897,19821,44
8327,2060,44
8327,2060,44
8327,2060,44
8327,2060,44
8327,2060,44
8327,2060,44
8327,2060,44
8327,12623,44
8327,12623,44
8327,12623,44
8327,12623,44
8327,12623,44
8327,12623,44
8327,12623,44
8327,13934,44
8327,14085,44
8327,14085,44
8327,14085,44
8327,15079,44
8327,15079,44
8327,15079,44
8327,15079,44
8327,15079,44
8327,15079,44
8327,15079,44
8327,15079,44
8327,15079,44
8327,15079,44
8327,15079,44
8327,21582,44
11237,7706,44
11237,7897,44
11237,8017,44
11237,8274,44
8327,2060,45
8327,2060,45
8327,12607,45
8327,12607,45
8327,12607,45
8327,12607,45
8327,12607,45
8327,12608,45
8327,12608,45
8327,12608,45
8327,12608,45
8327,12608,45
8327,12608,45
8327,12608,45
8327,12608,45
8327,12608,45
8327,12608,45
8327,12608,45
8327,12608,45
8327,12608,45
8327,12608,45
8327,13934,45
8327,13934,45
8327,14085,45
8327,14085,45
8327,14085,45
8327,14085,45
8327,14085,45
8327,14089,45
8327,14089,45
8327,21587,45
8327,21587,45
8327,21587,45
8327,21587,45
8327,21587,45
7897,18313,46
7897,18313,46
7897,18313,46
7897,18313,46
7897,18313,46
7897,18313,46
7897,18313,46
7897,18313,46
7897,18313,46
7897,18313,46
7897,18313,46
7897,18313,46
7897,18313,46
7897,18313,46
7897,18313,46
7897,18313,46
7897,18313,46
7897,18313,46
7897,18313,46
7897,18313,46
7897,18313,46
7897,18313,46
7897,18313,46
7897,18313,46
7897,18313,46
7897,18313,46
7897,19821,46
7897,19821,46
7897,19821,46
7897,19821,46
7897,19821,46
7897,19821,46
7897,19821,46
7897,19821,46
7897,19821,46
7897,19821,46
7897,19821,46
7897,19821,46
7897,19821,46
7897,19821,46
7897,19821,46
7897,19821,46
7918,11443,46
8327,12608,46
8327,12608,46
8327,12608,46
8327,13934,46
8327,14085,46
8327,14085,46
8327,14085,46
8327,21587,46
8327,21587,46
8327,21587,46
8327,21587,46
8327,21587,46
8327,21587,46
8327,21587,46
8327,21587,46
8327,21587,46
8327,21587,46
8327,21587,46
8327,21587,46
8327,21587,46
8327,21587,46
8327,21587,46
8327,21587,46
8327,21587,46
8327,21587,46
8327,21587,46
8327,21587,46
8327,21587,46
8327,21587,46
8327,21587,46
7577,11394,47
7897,3071,47
7897,3071,47
7897,3071,47
7897,3071,47
7897,3071,47
7897,3071,47
7897,3071,47
7897,3071,47
7897,3071,47
7897,3071,47
7897,3071,47
7897,3071,47
7897,3071,47
7897,3071,47
7897,3071,47
7897,3071,47
7897,3071,47
7897,3071,47
7897,3071,47
7897,3071,47
7897,3071,47
7897,3071,47
7897,3071,47
7897,3071,47
7897,3071,47
7897,3071,47
7897,3071,47
7897,3071,47
7897,3071,47
7897,3071,47
7897,3071,47
7897,18313,47
7897,18313,47
7897,18313,47
7897,18313,47
7897,18313,47
7897,18313,47
7897,18313,47
7897,18313,47
7897,18313,47
8327,953,47
8327,953,47
8327,953,47
8327,953,47
8327,953,47
8327,953,47
8327,953,47
8327,953,47
8327,961,47
8327,12608,47
8327,12608,47
8327,12608,47
8327,12608,47
8327,12608,47
8327,12608,47
8327,12608,47
8327,12608,47
8327,12608,47
8327,12608,47
8327,18788,47
8327,18790,47
9765,7607,47
11394,8215,47
7897,18313,48
7897,18313,48
7897,18313,48
7897,18313,48
7897,18313,48
7897,18313,48
7897,18313,48
7897,18313,48
7897,18313,48
7897,18313,48
7897,18313,48
7897,18313,48
7897,18313,48
7897,18313,48
7897,18313,48
7897,18313,48
7897,18313,48
7897,18313,48
7897,18313,48
7897,18313,48
7897,18313,48
7897,18313,48
7897,18313,48
7897,18313,48
7897,18313,48
7897,18313,48
7897,18313,48
7897,18313,48
7897,18313,48
7897,18313,48
7897,18313,48
7897,18313,48
7897,18313,48
7897,18313,48
7897,18313,48
7897,18313,48
7897,18313,48
7897,18313,48
7897,18313,48
7897,18313,48
7897,18313,48
8327,953,48
8327,953,48
8327,953,48
8327,953,48
8327,961,48
8327,12608,48
8327,12608,48
8327,12608,48
8327,12608,48
8327,12608,48
8327,12608,48
8327,12608,48
8327,12608,48
8327,12608,48
8327,12608,48
8327,12608,48
8327,12608,48
8327,12608,48
8327,12608,48
8327,21586,48
8327,21586,48
8327,21586,48
8327,21586,48
7897,18313,49
8327,953,49
8327,953,49
8327,953,49
8327,953,49
8327,953,49
8327,953,49
8327,961,49
8327,967,49
8327,12608,49
8327,12608,49
8327,12608,49
7577,9766,50
7897,18313,50
7897,18313,50
7897,18313,50
7897,18313,50
7897,18313,50
7897,18313,50
7897,18313,50
7897,18313,50
7897,18313,50
7897,18313,50
7897,18313,50
7897,18313,50
7897,18313,50
7897,18313,50
7897,18313,50
7897,18313,50
7897,18313,50
7897,18313,50
7897,18313,50
7897,18313,50
7897,18313,50
7897,18313,50
7897,18313,50
7897,18313,50
7897,18313,50
7897,18313,50
7897,18313,50
7897,18313,50
7897,18313,50
7897,18313,50
7897,18313,50
7897,18313,50
7897,18313,50
7897,18313,50
7897,18313,50
7897,18313,50
7897,18313,50
7897,18313,50
7897,18313,50
7897,18313,50
7897,18313,50
7897,18313,50
7897,18313,50
7897,18313,50
7897,18313,50
7897,18313,50
7897,18313,50
7897,18313,50
7897,18313,50
7897,18313,50
8327,1415,50
8327,1416,50
8327,1416,50
8327,1416,50
8327,3174,50
8327,3174,50
8327,3174,50
8327,3174,50
8327,21586,50
8327,21586,50
8327,21586,50
8327,21586,50
8327,21586,50
8327,21586,50
8327,23781,50
7751,2538,51
7897,18909,51
7897,23866,51
7897,23866,51
7897,23866,51
7897,23866,51
7897,23866,51
7897,23866,51
7897,23866,51
7897,23866,51
7897,23866,51
7897,23866,51
8327,1270,51
8327,1270,51
8327,1270,51
8327,1270,51
8327,1270,51
7897,23866,52
7897,23866,52
7897,23866,52
7897,23866,52
7897,23866,52
8117,11394,52
8327,953,52
8327,953,52
8327,953,52
8327,953,52
8327,953,52
8327,953,52
8327,953,52
8327,953,52
8327,961,52
8327,961,52
8327,2693,52
8327,2693,52
8327,2693,52
8327,2693,52
8327,2693,52
8327,2693,52
8327,2693,52
8327,2693,52
8327,2693,52
8327,2693,52
8327,2693,52
8327,3174,52
8327,3174,52
8327,3174,52
8327,18788,52
8327,18788,52
8327,18802,52
8327,18802,52
8327,18802,52
8327,18802,52
8327,18802,52
8327,18802,52
8327,18802,52
8327,18802,52
8327,18802,52
8327,18802,52
8327,18802,52
8327,18802,52
8327,18802,52
8327,18802,52
9763,9764,52
11394,7607,52
11394,8117,52
2538,7607,53
7897,23866,53
7897,23866,53
7897,23866,53
7897,23866,53
7897,23866,53
8327,2693,53
8327,2693,53
8327,2693,53
8327,2693,53
8327,2693,53
8327,2693,53
8327,2693,53
8327,2693,53
8327,2693,53
8327,2693,53
8327,2693,53
8327,2693,53
8327,2693,53
8327,2693,53
8327,2693,53
8327,2693,53
8327,2693,53
8327,3174,53
8327,3174,53
8327,3174,53
8327,3174,53
8327,9632,53
8327,9632,53
8327,9632,53
8327,9632,53
8327,9632,53
8327,9632,53
8327,9632,53
8327,9632,53
8327,9632,53
8327,9632,53
8327,9632,53
8327,9632,53
8327,18551,53
8327,18551,53
8327,18551,53
8327,18551,53
8327,18551,53
8327,18551,53
8327,18551,53
8327,18551,53
8327,18551,53
8327,18551,53
8327,18551,53
8327,18551,53
8327,18551,53
8327,18551,53
8327,18551,53
8327,18551,53
8327,18551,53
8327,18551,53
8327,23781,53
7577,2405,54
7607,2405,54
8327,9632,54
8327,9632,54
8327,9632,54
8327,9632,54
9765,7577,54
11237,8235,54
2538,8235,55
7577,2538,55
7897,21057,55
7897,21057,55
7897,21057,55
7897,21057,55
8327,2693,55
8327,2693,55
8327,2693,55
8327,2693,55
8327,2693,55
8327,2693,55
8327,2693,55
8327,2693,55
8327,2693,55
8327,2693,55
8327,2208,56
8327,2208,56
8327,2208,56
8327,2208,56
8327,2208,56
8327,2208,56
8327,2208,56
8327,2208,56
8327,2208,56
8327,2208,56
8327,2208,56
8327,2208,56
8327,2208,56
8327,2208,56
8327,2208,56
8327,2208,56
8327,2208,56
8327,2208,56
8327,2208,56
8327,2208,56
8327,2208,56
8327,2208,56
8327,2208,56
8327,2208,56
8327,2208,56
8327,2208,56
8327,2208,56
8327,2208,56
8327,9632,56
8327,9632,56
8327,9632,56
2405,8215,57
2405,8235,57
8327,2208,57
8327,9632,57
8327,9632,57
8327,9632,57
8327,9632,57
8327,9632,57
8327,9632,57
8327,9632,57
8327,9632,57
8327,9632,57
8327,9632,57
8327,9632,57
8327,9632,57
8327,9632,57
8327,9632,57
8327,9632,57
8327,17239,57
8327,18551,57
8327,18551,57
8327,18551,58
8327,18788,58
8327,18802,58
8327,18802,58
8327,18802,58
8327,18802,58
8327,18802,58
8327,18802,58
8327,18802,58
8327,18802,58
8327,18802,58
8327,18802,58
8327,18802,58
8327,18802,58
8327,18802,58
7897,1340,59
7897,1340,59
7897,1340,59
7897,1340,59
7897,1340,59
7897,1340,59
7897,1340,59
7897,1340,59
7897,1340,59
7897,1340,59
7897,2106,59
7897,2106,59
7897,2106,59
7897,2106,59
7897,2106,59
7897,2106,59
7897,2106,59
7918,21136,59
7918,21136,59
7918,21136,59
7918,21136,59
7918,21136,59
7918,21136,59
7918,21136,59
7918,21136,59
7918,21136,59
7918,21136,59
7918,21136,59
7918,21136,59
7918,21136,59
7918,21136,59
7918,21136,59
7918,21136,59
7918,21136,59
7918,21136,59
7918,21136,59
7918,21136,59
7918,21136,59
7918,21136,59
7918,21136,59
7918,21136,59
7918,21136,59
7918,21136,59
7918,21136,59
7918,21136,59
7918,22652,59
7918,22652,59
7918,22652,59
7918,22652,59
7918,22652,59
7918,22652,59
7918,22652,59
7918,22652,59
7918,22652,59
7918,22652,59
7918,22652,59
7918,22652,59
7918,22652,59
7918,22652,59
7918,22652,59
7918,22652,59
7918,22652,59
7918,22652,59
7918,22652,59
7918,22652,59
7918,22652,59
7918,22652,59
7918,22652,59
7918,22652,59
7918,22652,59
7918,22652,59
7918,22652,59
7918,22652,59
7918,22652,59
7918,22652,59
7918,22652,59
8117,11394,59
8327,18788,59
8327,18788,59
8327,18802,59
8327,18802,59
8327,18802,59
8327,18802,59
8327,18802,59
8327,18802,59
8327,18802,59
8327,18802,59
8327,18802,59
8327,18802,59
8327,18802,59
8327,18802,59
8327,18802,59
8327,18802,59
8327,18802,59
8327,18802,59
8327,18802,59
8327,18802,59
8327,18802,59
8327,18802,59
8327,18802,59
8327,18802,59
8327,18802,59
8327,18802,59
8327,18802,59
8327,18802,59
10139,7607,59
10139,7918,59
11394,7863,59
11394,8117,59
7577,9765,60
7607,2405,60
7607,2538,60
7607,11237,60
8117,10851,60
8215,11443,60
8327,2643,60
8327,2643,60
8327,2643,60
8327,2643,60
8327,2643,60
8327,2643,60
8327,2643,60
8327,2643,60
8327,2643,60
8327,9937,60
8327,9937,60
8327,9937,60
8327,9937,60
8327,9937,60
8327,9937,60
8327,9937,60
8327,9937,60
8327,9943,60
8327,18790,60
8327,19379,60
8327,19379,60
10139,8017,60
10851,8117,60
7577,11101,61
7897,2108,61
7897,2108,61
7897,2108,61
7897,2108,61
7897,2108,61
7897,2108,61
7897,2108,61
7918,13934,61
7918,13934,61
7918,14085,61
7918,14085,61
7918,14085,61
7918,14085,61
7918,14085,61
7918,14085,61
7918,14085,61
7918,21136,61
7918,21136,61
7918,21136,61
7918,21136,61
7918,21136,61
7918,21136,61
7918,21136,61
7918,21136,61
7918,21136,61
7918,21136,61
7918,21136,61
7918,21136,61
7918,21136,61
7918,21136,61
7918,21136,61
7918,21136,61
7918,21136,61
7918,21136,61
7918,21136,61
7918,21136,61
7918,21136,61
7918,21136,61
7918,21136,61
7918,21136,61
7918,21136,61
7918,21136,61
7918,21136,61
7918,21136,61
7918,21136,61
7918,21136,61
7918,21136,61
7918,21136,61
7918,21136,61
7918,21136,61
7918,21136,61
11101,7607,61
7577,11237,62
7706,2538,62
7897,21700,62
7897,21700,62
7897,24801,62
7897,24801,62
7897,24801,62
7918,18535,62
8235,10658,62
8327,1778,62
8327,3396,62
8327,3396,62
8327,3396,62
8327,3396,62
8327,3403,62
8327,3403,62
8327,3403,62
8327,3403,62
8327,3403,62
8327,3403,62
8327,3403,62
8327,3403,62
8327,3403,62
8327,3403,62
8327,3403,62
8327,9937,62
8327,9937,62
8327,9937,62
8327,9937,62
8327,9937,62
8327,9937,62
8327,9937,62
8327,9937,62
8327,9943,62
9763,9764,62
11237,7607,62
7706,11237,63
7918,18535,63
7918,18535,63
7918,18535,63
7918,18535,63
8017,11443,63
8017,11443,63
8117,10139,63
8236,11237,63
8327,19379,63
10139,8117,63
2538,8274,64
7751,2538,64
7863,2538,64
7897,1433,64
7897,1445,64
7897,1445,64
7897,1445,64
7897,1445,64
7897,1445,64
7897,1445,64
7897,24801,64
8017,11237,64
8235,2538,64
8235,11101,64
8235,11237,64
8327,3347,64
8327,3348,64
8327,3403,64
8327,3403,64
8327,3403,64
8327,3403,64
8327,3403,64
2538,7607,65
7577,9766,65
7577,10215,65
7607,10215,65
7607,10215,65
7765,11443,65
7897,2929,65
7918,16934,65
7918,16934,65
7918,16934,65
7918,16934,65
7918,16934,65
7918,16934,65
7918,16934,65
7918,16934,65
7918,16934,65
7918,16934,65
7918,16934,65
7918,16934,65
7918,16934,65
7918,19475,65
7918,19475,65
7918,19475,65
7918,19475,65
7918,19475,65
7918,19475,65
7918,19478,65
7918,19478,65
7918,19478,65
8327,9937,65
8327,9937,65
8327,9937,65
8327,9937,65
8327,9937,65
8327,9937,65
8327,9937,65
8327,9937,65
8327,19379,65
10215,8274,65
10215,8274,65
7765,2538,66
7765,10215,66
7918,23089,66
7918,23089,66
7918,23089,66
7918,23089,66
7918,23089,66
7918,23089,66
7918,23089,66
7918,23089,66
7918,23089,66
7918,23089,66
7918,23089,66
7918,23089,66
7918,23089,66
7918,23089,66
7918,23089,66
7918,23089,66
7918,23089,66
7918,23089,66
7918,23089,66
7918,23089,66
8117,11101,66
8235,10658,66
8327,2680,66
8327,2680,66
8327,2680,66
8327,2680,66
8327,2680,66
8327,2680,66
8327,2680,66
8327,2680,66
8327,2680,66
8327,2680,66
8327,2680,66
8327,2680,66
8327,2680,66
8327,2680,66
8327,17006,66
8327,17006,66
8327,17006,66
8327,17006,66
8327,17006,66
8327,17006,66
8327,17006,66
8327,17006,66
8327,17006,66
8327,17006,66
8327,17006,66
8327,17006,66
8327,17006,66
8327,17006,66
8327,17006,66
8327,17006,66
8327,17006,66
8327,17006,66
8327,18788,66
8327,18788,66
8327,18790,66
8327,18802,66
8327,18802,66
8327,18802,66
8327,18802,66
8327,18802,66
8327,18802,66
8327,18802,66
8327,18802,66
8327,18802,66
8327,18802,66
8327,18802,66
8327,18802,66
8327,18802,66
11101,8117,66
7577,11394,67
7918,4670,67
7918,4670,67
7918,4670,67
7918,4670,67
7918,4670,67
7918,4670,67
7918,4670,67
7918,4670,67
7918,4670,67
7918,4670,67
7918,4670,67
7918,4670,67
7918,4670,67
7918,4670,67
7918,4670,67
7918,4670,67
7918,4670,67
7918,4670,67
7918,4670,67
7918,4670,67
7918,4670,67
7918,4670,67
7918,4670,67
7918,4670,67
7918,4670,67
7918,4670,67
7918,4670,67
7918,4670,67
7918,4670,67
7918,4670,67
7918,4670,67
7918,4670,67
7918,4670,67
7918,4670,67
7918,4670,67
7918,4670,67
7918,4670,67
7918,4670,67
7918,4670,67
7918,4670,67
7918,4670,67
7918,23089,67
7918,23089,67
7918,23089,67
7918,23089,67
7918,23089,67
7918,23089,67
7918,23089,67
7918,23089,67
7918,23089,67
7918,23089,67
7918,23089,67
7918,23089,67
7918,23089,67
7918,23089,67
7918,23089,67
7918,23089,67
7918,23089,67
7918,23089,67
7918,23089,67
8327,949,67
8327,951,67
8327,951,67
8327,951,67
8327,951,67
8327,951,67
8327,951,67
8327,951,67
8327,951,67
8327,951,67
8327,9937,67
8327,9937,67
8327,9937,67
8327,9937,67
8327,9937,67
8327,9937,67
8327,9937,67
8327,9937,67
11394,7607,67
11394,8236,67
7897,1446,68
7897,2624,68
7897,2624,68
7897,2624,68
7897,2624,68
7897,2624,68
7897,2624,68
7897,2624,68
7577,10658,69
7897,2624,69
8117,10658,69
10658,8117,69
7897,2962,70
7897,24801,70
7918,4670,70
7918,4670,70
7918,4670,70
7918,4670,70
7918,4670,70
8327,9937,70
8327,9937,70
8327,9937,70
7577,11443,71
7897,13675,71
7897,13675,71
7897,13675,71
7897,13675,71
7897,13675,71
7897,13675,71
7897,13675,71
7897,13675,71
7897,14500,71
7918,4670,71
7918,4670,71
7918,4670,71
8117,11443,71
8235,11443,71
8327,18028,71
9765,7577,71
11443,8117,71
2538,7607,72
7897,12161,72
7897,12161,72
7897,12161,72
7897,12161,72
7897,12161,72
7897,12161,72
7897,12161,72
7897,12161,72
7897,12161,72
7897,12161,72
7897,12161,72
7897,12161,72
7897,12161,72
7897,19411,72
7897,19411,72
7897,19411,72
8117,11394,72
9763,9764,72
11394,8117,72
7897,12161,73
7897,12161,73
7897,12161,73
8327,18788,73
8327,18802,73
7897,12161,74
7897,12161,74
7897,12161,74
7897,12161,74
7897,12161,74
7897,12161,74
7897,12161,74
7897,12161,74
7897,12161,74
7897,12161,74
7897,12161,74
7897,12161,74
7897,12161,74
7897,12161,74
7607,11443,75
7897,12161,75
7897,12161,75
7897,12161,75
7897,12161,75
7897,12161,75
7577,9765,76
7607,11443,76
8117,10658,76
8117,11394,76
8327,18802,76
8327,18802,76
8327,18802,76
8327,18802,76
8327,18802,76
10658,7765,76
10658,7897,76
10658,8117,76
10658,8235,76
11394,8117,76
8236,2299,77
8236,2299,77
8236,2299,77
8236,2299,77
8327,21519,77
8117,10851,78
8236,2299,78
8236,2299,78
8236,2299,78
8236,2299,78
8236,2299,78
8236,2299,78
8236,2299,78
8236,2299,78
8236,2299,78
8236,2299,78
8236,2299,78
8236,2299,78
8236,2299,78
8236,22601,78
10851,8117,78
2538,7607,79
7863,11443,79
8236,2299,79
8236,2299,79
8236,2299,79
8236,2299,79
8236,2299,79
8236,2299,79
8236,2299,79
8236,2299,79
8236,2299,79
8236,2299,79
8236,2299,79
8236,2299,79
8236,2299,79
8236,2299,79
8236,2299,79
8236,2299,79
8236,2299,79
8236,2299,79
8236,2299,79
8236,2299,79
8236,2299,79
8236,2299,79
8236,2299,79
8236,2299,79
8236,2299,79
8236,2299,79
8236,2299,79
8236,2299,79
8236,11443,79
8327,24915,79
8327,24915,79
8327,24915,79
8327,24915,79
8327,24915,79
8327,24915,79
8327,24915,79
8327,24915,79
8327,24915,79
8327,24915,79
8327,24915,79
8327,24915,79
8327,24915,79
8327,24915,79
8327,24915,79
8327,24915,79
8327,24915,79
8327,24915,79
8327,24915,79
8327,24915,79
8327,25411,79
11394,7897,79
7577,9766,80
8327,25411,80
2405,7751,81
7577,2405,81
7577,11101,81
8117,10851,81
8236,2299,81
8236,2299,81
8236,2299,81
8236,2299,81
8236,2299,81
8236,2299,81
8236,2299,81
8236,2299,81
8236,2299,81
8236,2299,81
8236,2299,81
8236,2299,81
8236,2299,81
8327,18912,81
8327,20284,81
8327,20284,81
8327,20284,81
8327,20284,81
8327,20284,81
8327,20284,81
8327,20284,81
8327,20284,81
8327,20284,81
8327,20284,81
8327,20284,81
8327,20284,81
8327,20284,81
8327,20284,81
8327,20284,81
8327,20284,81
8327,20284,81
10851,8117,81
11101,7765,81
11443,7607,81
11443,7918,81
11443,8215,81
11443,8274,81
8236,2538,82
9763,9764,82
11443,7607,82
11443,7751,82
11443,7897,82
11443,8215,82
7577,2538,83
7577,10215,83
7577,11237,83
7607,2538,83
7918,11101,83
7918,11394,83
7918,11443,83
10215,7765,83
2538,7765,84
2538,7863,84
7607,2538,84
7897,2405,84
8327,20284,84
8327,20284,84
8327,20284,84
8327,20284,84
8327,20284,84
8327,20284,84
7607,2405,85
7607,2538,85
7607,11101,85
7607,11237,85
8117,10215,85
8236,2299,85
8236,2299,85
8236,2299,85
8236,2299,85
8236,2299,85
8236,2299,85
8236,2299,85
8236,2299,85
8236,2299,85
8236,2299,85
8236,2299,85
8236,2299,85
8236,2299,85
8236,2538,85
8236,10215,85
8236,10658,85
8327,1897,85
8327,1897,85
10215,8117,85
8236,2299,86
8236,2299,86
8236,2299,86
8236,2299,86
8236,2299,86
8236,2299,86
8236,2299,86
8236,2299,86
8236,2299,86
8236,2299,86
8236,2299,86
8236,2299,86
8236,2299,86
8236,12080,86
8236,12080,86
8236,12080,86
8236,12080,86
8236,12080,86
8236,12080,86
8236,12080,86
8236,12080,86
8236,12080,86
8236,12080,86
8236,12080,86
8236,12080,86
8236,12080,86
8236,12080,86
8236,12080,86
8236,12080,86
8236,12080,86
8236,12080,86
8236,12080,86
8236,12080,86
8236,12080,86
8236,12080,86
8236,12080,86
8236,12080,86
8236,12080,86
8236,12080,86
8236,12080,86
8236,12080,86
8327,1979,86
8327,1979,86
8327,1979,86
8327,1979,86
8941,13934,86
8941,14085,86
8941,14085,86
8941,14085,86
2538,7765,87
8236,2299,87
8236,2299,87
8236,2299,87
8236,2299,87
8327,1979,87
8327,1979,87
8327,1979,87
8327,1979,87
8327,1979,87
8327,1979,87
8327,1979,87
8327,1979,87
8327,1979,87
8327,1979,87
8327,1979,87
8327,1979,87
8327,1979,87
8327,13556,87
8327,13556,87
8327,13556,87
8327,13556,87
8327,13556,87
8327,13556,87
8327,13556,87
8327,13556,87
8327,13556,87
8327,13556,87
8327,13556,87
8327,13556,87
8941,13934,87
8941,13934,87
8941,14085,87
8941,14085,87
8941,14085,87
8941,14085,87
8941,14085,87
8941,14085,87
8941,14085,87
9765,7577,87
7607,2405,88
8236,12096,88
8236,12096,88
8236,12096,88
8236,12096,88
8236,14366,88
8236,14366,88
8236,14366,88
8236,14366,88
8236,14366,88
8327,4353,88
8941,13934,88
8941,14085,88
8941,14085,88
8941,14085,88
8236,12096,89
8236,12096,89
8236,12096,89
8236,12096,89
8236,14366,89
8236,14366,89
8236,14366,89
8236,14366,89
8327,2077,89
8327,2077,89
8327,2077,89
8327,2077,89
8327,2077,89
8327,2077,89
8327,2077,89
8327,2077,89
8327,2077,89
8327,2077,89
8327,2077,89
8327,2077,89
8327,2077,89
8327,2077,89
8327,2077,89
11101,8215,89
2405,7607,90
2405,7706,90
2405,8236,90
2405,8274,90
8215,2405,90
8215,2405,90
8274,2405,91
8274,10658,91
8941,13934,91
8941,14085,91
8941,14085,91
8941,14085,91
11101,7863,91
11101,8235,91
2538,7607,92
7577,9765,92
7607,11101,92
7607,11237,92
8274,2405,92
8274,2538,92
8274,2538,92
8274,10215,92
8274,10658,92
8274,11101,92
8274,11394,92
8327,16837,92
8327,21636,92
8327,21638,92
8327,21646,92
8327,21646,92
8327,21646,92
8327,21646,92
8327,21646,92
8327,21646,92
8327,21646,92
8327,21646,92
8327,21646,92
8327,21646,92
8327,21646,92
8327,21646,92
8327,21646,92
8327,21646,92
8327,21646,92
8327,21646,92
8327,21650,92
8327,21653,92
8941,13934,92
8941,13934,92
9763,9764,92
2538,8215,93
7607,2538,93
8327,14502,93
8327,14502,93
8327,14502,93
8327,14502,93
8327,14502,93
8327,14502,93
8327,14502,93
8327,14502,93
8941,13934,93
8941,14085,93
8941,14085,93
8941,14085,93
2405,7706,94
7765,2538,94
8215,2405,94
8236,14366,94
8236,14366,94
8236,14366,94
8236,14366,94
8236,14366,94
8327,14502,94
10215,7706,94
2538,7607,95
2538,7706,95
2538,7751,95
2538,7863,95
2538,7918,95
2538,8017,95
2538,8117,95
2538,8215,95
2538,8235,95
7751,11237,95
8117,2538,95
11101,7706,95
11101,8017,95
7751,15597,96
7751,15601,96
7751,15601,96
7751,15601,96
7751,15601,96
7751,15601,96
7751,15601,96
7751,15601,96
7751,15601,96
7751,15601,96
7751,15601,96
7751,15601,96
7751,15601,96
7751,15601,96
7751,15601,96
7751,15601,96
7751,15601,96
7751,15601,96
7751,15601,96
7751,15601,96
7751,15601,96
7751,15601,96
7751,15601,96
7751,15601,96
7751,15601,96
7751,15601,96
7751,15601,96
7751,15601,96
7751,15601,96
7751,15601,96
7751,15601,96
7751,15601,96
7751,15601,96
7751,15601,96
7751,15601,96
7751,15601,96
7751,15601,96
7751,15609,96
7751,15609,96
8236,14366,96
8236,14366,96
8236,14366,96
8236,14366,96
8236,14366,96
8236,14366,96
8236,14366,96
8236,14366,96
8236,14366,96
8236,14366,96
8236,14366,96
8236,14366,96
8236,18535,96
8933,18551,96
8933,18551,96
8933,18551,96
8933,18551,96
8933,18551,96
8933,18551,96
8933,18551,96
8933,18551,96
8933,18551,96
8933,18551,96
8933,18551,96
8933,18551,96
8933,18551,96
8933,18551,96
8933,18551,96
8933,18551,96
8933,18551,96
8933,18551,96
7577,9766,97
7751,15597,97
7751,15597,97
7751,15601,97
7751,15601,97
7751,15601,97
7751,15601,97
7751,15601,97
7751,15601,97
7751,15601,97
7751,15601,97
7751,15601,97
7751,15601,97
7751,15601,97
7751,15601,97
7751,15601,97
7751,15601,97
7751,15601,97
7751,15601,97
7751,15601,97
7751,15601,97
7751,15601,97
7751,15601,97
7751,15601,97
7751,15601,97
7751,15601,97
7751,15601,97
7751,15601,97
7751,15601,97
7751,15601,97
7751,15601,97
7751,15601,97
7751,15602,97
7751,15602,97
7751,15602,97
7751,15602,97
7751,15602,97
7751,15602,97
7751,15602,97
7751,15602,97
7751,15602,97
7751,15602,97
7751,15602,97
7751,15602,97
7751,15602,97
7751,15602,97
7751,15602,97
7751,15602,97
7751,15602,97
7751,15602,97
7751,15609,97
7751,15609,97
7751,15609,97
7751,15609,97
7751,15609,97
7751,15609,97
7751,15609,97
7751,15609,97
7751,15609,97
7751,15609,97
7751,15613,97
7751,15677,97
7751,15677,97
7751,15677,97
7751,15677,97
7751,15677,97
7751,15677,97
7751,15677,97
7751,15677,97
7751,15677,97
7751,15677,97
7751,15677,97
7751,15677,97
7751,15677,97
7751,15677,97
7751,15677,97
7751,15677,97
7751,15677,97
7751,15677,97
7751,15677,97
7751,15677,97
7751,15677,97
7751,15677,97
7751,15677,97
7751,15677,97
7751,15677,97
7751,15677,97
7751,15677,97
7751,15677,97
7751,15677,97
7751,15677,97
7751,15677,97
7751,15677,97
7751,15677,97
7751,15677,97
7751,15677,97
7751,15677,97
8017,11443,97
8235,2538,97
8235,10658,97
8235,11237,97
8235,11443,97
8236,14366,97
8236,14366,97
8236,14366,97
8236,14366,97
8236,14366,97
8236,14366,97
8236,14366,97
8236,14366,97
8236,14366,97
8236,14366,97
8236,14366,97
8236,14366,97
8236,14366,97
8236,14366,97
8236,14366,97
8236,14366,97
8327,16695,97
8327,16695,97
8327,16695,97
8327,16695,97
8327,16695,97
8327,16695,97
8327,16695,97
8933,18551,97
8933,18551,97
8933,18551,97
8933,18551,97
8941,13934,97
8941,13934,97
8941,13934,97
8941,13934,97
8941,14085,97
8941,14085,97
8941,14085,97
8941,14085,97
8941,14085,97
8941,14085,97
8941,14085,97
8941,14085,97
8941,14085,97
8941,14085,97
10215,7607,97
11237,7918,97
7577,10215,98
7751,3396,98
7751,3396,98
7751,3396,98
7751,3396,98
7751,3396,98
7751,3403,98
7751,3403,98
7751,3403,98
7751,3403,98
7751,3403,98
7751,3403,98
7751,3403,98
7751,3403,98
7751,3403,98
7751,3403,98
7751,3403,98
7751,3403,98
7751,3403,98
7751,3403,98
7751,3403,98
7751,3403,98
7751,3403,98
7751,3403,98
7751,3403,98
7751,3403,98
7751,3403,98
7751,3403,98
7751,3403,98
7751,11443,98
7751,18788,98
7751,18790,98
8236,14366,98
8236,14366,98
8236,14366,98
8236,14366,98
8236,14366,98
8236,14366,98
8236,14366,98
8236,14366,98
8236,14366,98
8236,14366,98
8236,14366,98
8236,14366,98
8274,2538,98
8933,15597,98
8933,15601,98
8933,15601,98
8933,15601,98
8933,15601,98
8933,15601,98
8933,15601,98
8933,15601,98
8933,15601,98
8933,15601,98
8933,15601,98
8933,15601,98
8933,15601,98
8933,15601,98
8933,15601,98
8933,15601,98
8933,15601,98
8933,15601,98
8933,15601,98
8933,15601,98
8933,15601,98
8933,15601,98
8933,15601,98
8933,15601,98
8933,15601,98
8933,15601,98
8933,15601,98
8933,15601,98
8933,15601,98
8933,15601,98
8933,15601,98
8933,15601,98
8933,15601,98
8933,15601,98
8933,15601,98
8933,15601,98
8933,15601,98
8933,15609,98
8933,15609,98
8941,13934,98
8941,15597,98
8941,15601,98
8941,15601,98
8941,15601,98
8941,15601,98
8941,15601,98
8941,15601,98
8941,15601,98
8941,15601,98
8941,15601,98
8941,15601,98
8941,15601,98
8941,15601,98
8941,15601,98
8941,15601,98
8941,15601,98
8941,15601,98
8941,15601,98
8941,15601,98
8941,15601,98
8941,15601,98
8941,15601,98
8941,15601,98
8941,15601,98
8941,15601,98
8941,15601,98
8941,15601,98
8941,15601,98
8941,15601,98
8941,15601,98
8941,15601,98
8941,15601,98
8941,15601,98
8941,15601,98
8941,15601,98
8941,15601,98
8941,15601,98
8941,15609,98
8941,15609,98
10215,8274,98
2405,8215,99
7577,2405,99
7577,11443,99
8117,10215,99
8236,3068,99
8236,14366,99
8236,14366,99
8236,14366,99
8236,14366,99
8236,14366,99
8933,13934,99
8933,14085,99
8933,14085,99
8933,14085,99
10215,7751,99
10215,7863,99
10215,7897,99
10215,8017,99
10215,8117,99
11101,7607,99
11443,8215,99
7751,12080,100
7751,12080,100
7751,12080,100
7751,12080,100
7751,12080,100
7751,12080,100
7751,12080,100
7751,12080,100
7751,12080,100
7751,12080,100
7751,12080,100
7751,12080,100
7751,12080,100
7751,12080,100
7751,12080,100
7751,12080,100
7751,12080,100
7751,12080,100
7751,12080,100
7751,12080,100
7751,12080,100
7751,12080,100
7751,12080,100
7751,12080,100
7751,12080,100
7751,12080,100
7751,12080,100
7751,12080,100
7751,12080,100
7751,12080,100
7751,12080,100
7751,12080,100
7751,12080,100
7751,12080,100
7751,12080,100
7751,12080,100
7751,12080,100
7751,12080,100
7751,12080,100
7751,12080,100
7751,12080,100
7751,12080,100
7751,12080,100
7751,12080,100
7751,12080,100
7751,12080,100
7751,12080,100
7751,12080,100
7751,12080,100
7751,12080,100
7751,12080,100
7751,12080,100
7751,12080,100
7751,12080,100
7751,12080,100
7751,12080,100
8236,14366,100
8236,14366,100
8236,14366,100
8933,2299,100
8933,2299,100
8933,2299,100
8933,2299,100
10658,7918,100
7577,10658,101
7751,14500,101
7751,18912,101
7751,24471,101
7751,24471,101
7751,24471,101
7751,24471,101
7751,24471,101
7751,24471,101
7751,24471,101
7751,24471,101
7751,24471,101
7751,24471,101
7751,24471,101
7751,24471,101
7751,24471,101
7751,24471,101
7751,24471,101
7751,24471,101
7751,24471,101
7751,24471,101
7751,24471,101
7751,24471,101
7751,24471,101
7751,24471,101
7751,24471,101
7751,24471,101
7751,24471,101
7751,24471,101
7751,24471,101
7751,24471,101
7751,24471,101
8236,14366,101
8933,2299,101
8933,2299,101
8933,2299,101
8933,2299,101
8933,2299,101
8933,2299,101
8933,2299,101
8933,2299,101
8933,2299,101
8933,2299,101
8933,2299,101
8933,2299,101
8933,2299,101
8933,2299,101
8933,2299,101
8933,2299,101
8933,2299,101
8941,13934,101
8941,13934,101
8941,13934,101
8941,14085,101
8941,14085,101
8941,14085,101
8941,14085,101
8941,14085,101
8941,14085,101
8941,14085,101
10658,7918,101
10658,8215,101
2405,8274,102
2538,8215,102
7577,2538,102
8215,12096,102
8215,12096,102
8215,12096,102
8215,12096,102
8215,14366,102
8215,14366,102
8215,14366,102
8215,14366,102
8236,12050,102
8236,12050,102
8236,12080,102
8236,12080,102
8236,12080,102
8236,12080,102
8236,12080,102
8236,12080,102
8236,12080,102
8236,12080,102
8236,12080,102
8236,12080,102
8236,12080,102
8236,12080,102
8236,12080,102
8236,12080,102
8236,12080,102
8236,12080,102
8236,12080,102
8236,12080,102
8236,12080,102
8236,12080,102
8236,12080,102
8236,12080,102
8236,12080,102
8236,12080,102
8236,12080,102
8236,12080,102
8236,12080,102
8236,14553,102
8236,14553,102
8236,14553,102
8236,14553,102
8236,14553,102
8236,14553,102
8236,14553,102
8236,14553,102
8236,14553,102
8236,14553,102
8882,14502,102
8882,14502,102
8882,14502,102
8882,14502,102
8882,14502,102
8882,14502,102
8882,14502,102
8882,14502,102
8933,2299,102
8933,2299,102
8933,2299,102
8933,2299,102
8933,2299,102
8933,2299,102
8933,2299,102
8933,2299,102
8933,2299,102
8933,2299,102
8933,2299,102
8933,2299,102
8933,2299,102
8933,18170,102
8933,18170,102
8933,18170,102
8933,18170,102
8933,18170,102
8933,18170,102
8933,18170,102
8933,18170,102
8933,18170,102
8933,18170,102
8933,18170,102
8933,18170,102
8933,18170,102
8933,18170,102
8933,18170,102
8933,18170,102
8933,18170,102
8933,18170,102
8933,18170,102
8933,18170,102
8933,18170,102
8933,18170,102
8933,18170,102
8933,18170,102
8933,18170,102
8933,18170,102
8933,18170,102
8933,18170,102
8933,18170,102
8933,18170,102
8933,18170,102
8933,18170,102
8933,18170,102
9764,9763,102
7751,9738,103
7751,9738,103
7751,9738,103
7751,9738,103
7751,9738,103
7751,9738,103
7751,9738,103
7751,9738,103
7751,9738,103
7751,9738,103
7751,9738,103
7751,9738,103
7751,9738,103
7751,9738,103
7751,9738,103
7751,9738,103
7751,9738,103
7751,9738,103
7751,9738,103
7751,9738,103
7751,9738,103
7751,9738,103
7751,9738,103
7751,24471,103
7751,24471,103
7751,24471,103
7751,24471,103
7751,24471,103
7751,24471,103
7751,24471,103
7751,24471,103
7751,24471,103
7751,24471,103
7751,24471,103
7751,24471,103
7751,24471,103
7751,24471,103
7751,24471,103
7751,24471,103
7751,24471,103
7751,24471,103
7751,24471,103
7751,24471,103
8236,14553,103
8236,14553,103
8236,14553,103
8236,14553,103
8236,14553,103
8236,14553,103
8236,14553,103
8236,14553,103
8236,14553,103
8236,14553,103
8882,2299,103
8882,2299,103
8882,2299,103
8882,2299,103
8882,3265,103
8882,20152,103
8933,9940,103
8933,9940,103
8933,9940,103
8933,9940,103
8933,9940,103
8933,9940,103
8933,9940,103
8941,13934,103
8941,13934,103
8941,13934,103
8941,13934,103
8941,13955,103
8941,14085,103
8941,14085,103
8941,14085,103
8941,14085,103
8941,18142,103
8941,18142,103
8941,18142,103
8941,18142,103
8941,18142,103
8941,18142,103
8941,18142,103
8941,18142,103
8941,18142,103
8941,18142,103
8941,18142,103
8941,18142,103
8941,18142,103
8941,18142,103
8941,18142,103
8941,18142,103
8941,18142,103
8941,18142,103
8941,18142,103
8941,18142,103
8941,18142,103
9765,7577,103
7751,9738,104
7751,9738,104
7751,9738,104
7751,9738,104
7751,9738,104
7751,9738,104
7751,9738,104
7751,9738,104
7751,9738,104
8236,14378,104
8777,3396,104
8777,3396,104
8777,3396,104
8777,3396,104
8777,3403,104
8777,3403,104
8777,3403,104
8777,3403,104
8777,3403,104
8777,3403,104
8777,3403,104
8777,3403,104
8777,3403,104
8777,3403,104
8777,3403,104
8941,18142,104
8941,18142,104
8941,18142,104
8941,18142,104
8941,18142,104
8941,18142,104
8941,18142,104
8941,18142,104
8941,18142,104
8941,18142,104
8941,18142,104
8941,18142,104
8941,18142,104
8941,18142,104
8941,18142,104
8941,18142,104
8941,18142,104
8941,18142,104
8941,18142,104
8941,18142,104
8941,18142,104
8941,18142,104
8941,18142,104
8941,18142,104
8941,18142,104
8941,18142,104
8941,18142,104
8941,18142,104
8941,18142,104
8941,18142,104
8941,18142,104
8941,18142,104
8941,18142,104
8941,18142,104
8941,18142,104
8941,18142,104
8941,18142,104
8941,18142,104
8941,18142,104
8941,18142,104
7751,9738,105
7751,9738,105
7751,9738,105
7751,9738,105
7751,9738,105
7751,9738,105
7751,9741,105
7751,11101,105
8215,2595,105
8215,2595,105
8215,2595,105
8215,2595,105
8215,2595,105
8215,2595,105
8215,2595,105
8215,2595,105
8215,2595,105
8215,2595,105
8215,2595,105
8236,11101,105
8236,14366,105
8236,14537,105
8777,3396,105
8777,3396,105
8777,3396,105
8777,3403,105
8777,3403,105
8777,3403,105
8777,3403,105
8777,3403,105
8777,3403,105
8777,3403,105
8777,3403,105
8777,3403,105
8777,3403,105
8777,3403,105
8777,3403,105
8777,3403,105
8777,3403,105
8777,3403,105
8777,3403,105
8777,3403,105
8777,3403,105
8777,3403,105
8777,3403,105
8777,3403,105
8777,3403,105
8777,3405,105
8777,11559,105
8777,11559,105
8882,2299,105
8882,2299,105
8882,2299,105
8882,2299,105
8882,2299,105
8882,2299,105
8882,2299,105
8882,2299,105
8882,2299,105
8882,2299,105
8882,2299,105
8882,2299,105
8882,2299,105
8882,2299,105
8882,2299,105
8882,2299,105
8882,2299,105
8941,2595,105
8941,2595,105
8941,2595,105
8941,2595,105
8941,2595,105
8941,2595,105
8941,2595,105
8941,2595,105
8941,2595,105
8941,2595,105
8941,2595,105
8941,2595,105
8941,2595,105
8941,2595,105
8941,2595,105
8941,2595,105
11443,8215,105
8215,2595,106
8215,10658,106
8236,14366,106
8236,14366,106
8236,14366,106
8882,2060,106
8882,2060,106
8882,2060,106
8882,2060,106
8882,2060,106
8882,2060,106
8882,2060,106
8941,2595,106
8941,2595,106
7751,9738,107
7751,9738,107
7751,9738,107
7751,9738,107
7751,9738,107
7751,9738,107
7751,9738,107
7751,9738,107
7751,9738,107
7751,11443,107
8235,2538,107
8777,3396,107
8777,3403,107
8777,3403,107
8777,3403,107
8777,3403,107
8777,3403,107
8777,3403,107
8777,3403,107
8777,3403,107
8777,3403,107
8777,3403,107
8777,3403,107
8777,3403,107
8777,21136,107
8777,21136,107
8777,21136,107
8777,21136,107
8777,21136,107
8777,21136,107
8777,21136,107
8777,21136,107
8777,21136,107
8777,21136,107
8777,21136,107
8777,21136,107
8777,21136,107
8777,21136,107
8777,21136,107
8777,21136,107
8777,21136,107
8777,21136,107
8777,21136,107
8777,21136,107
8777,21136,107
8777,21136,107
8777,21136,107
8777,21136,107
8777,21136,107
8777,21136,107
8777,21136,107
8777,21136,107
7577,9765,108
7765,11394,108
8236,12096,108
8236,12096,108
8236,12096,108
8236,12096,108
8236,14366,108
8236,14366,108
8236,14366,108
8236,14366,108
8777,21136,108
8777,21136,108
8777,21136,108
8777,21136,108
8777,21136,108
8777,21136,108
8777,21136,108
8777,21136,108
8777,21136,108
8777,21136,108
8777,21136,108
8777,21136,108
8777,21136,108
8777,21136,108
8777,21136,108
8777,21136,108
8777,21136,108
8777,21136,108
8777,21136,108
8777,21136,108
8777,21136,108
8777,21136,108
8777,21136,108
8882,2060,108
8882,2060,108
8882,2060,108
8882,22601,108
8941,2595,108
8941,2595,108
8941,2595,108
7577,11101,109
7607,11443,109
8117,11101,109
8236,14366,109
8236,14366,109
8236,14366,109
8882,21136,109
8882,21136,109
8882,21136,109
8882,21136,109
8882,21136,109
8882,21136,109
8882,21136,109
8882,21136,109
8882,21136,109
8882,21136,109
8882,21136,109
8882,21136,109
8882,21136,109
8882,21136,109
8882,21136,109
8882,21136,109
8882,21136,109
8882,21136,109
8882,21136,109
8882,21136,109
8882,21136,109
8882,21136,109
8882,21136,109
8882,21136,109
8882,21136,109
8882,21136,109
8882,21136,109
8882,21136,109
8941,2060,109
8941,2060,109
8941,2060,109
8941,2060,109
8941,2060,109
8941,2060,109
8941,2060,109
8941,2595,109
8941,2595,109
8941,2595,109
11101,8117,109
7751,9738,110
7751,9738,110
7751,9738,110
7751,9738,110
7751,9738,110
7751,9738,110
7751,9738,110
7751,9738,110
7897,10215,110
7897,10658,110
7897,11237,110
7897,11443,110
8215,22601,110
8236,4391,110
8236,4391,110
8236,4391,110
8236,4391,110
8236,4391,110
8236,4391,110
8236,4391,110
8236,4391,110
8236,4391,110
8236,4391,110
8236,4391,110
8236,4391,110
8236,4391,110
8236,4391,110
8236,4391,110
8236,4391,110
8236,4391,110
8236,4391,110
8236,4391,110
8236,4391,110
8236,4391,110
8236,4391,110
8236,4391,110
8236,4391,110
8236,4391,110
8236,4391,110
8236,4391,110
8236,4391,110
8236,4391,110
8236,17194,110
8236,17195,110
8777,21136,110
8777,21136,110
8777,21136,110
8777,21136,110
8777,21136,110
8777,21136,110
8777,21136,110
8777,21136,110
8777,21136,110
8777,21136,110
8777,21136,110
8777,21136,110
8777,21136,110
8777,21136,110
8882,16838,110
8882,16838,110
8882,16838,110
8882,16838,110
8882,16838,110
8882,16838,110
8882,16838,110
8882,16838,110
8882,16838,110
8882,16838,110
8882,16838,110
8882,16838,110
8882,16838,110
8882,16838,110
8882,18970,110
8882,18970,110
8882,21136,110
8882,21136,110
8882,21136,110
8882,21136,110
8882,21136,110
8882,21136,110
8882,21136,110
8882,21136,110
8882,21136,110
8882,21136,110
8882,21136,110
8882,21136,110
8882,21136,110
8882,21136,110
8882,21136,110
8882,21136,110
8882,21550,110
8941,2595,110
8941,2595,110
8941,2595,110
8941,2595,110
8941,2595,110
8941,2595,110
8941,2595,110
8941,2595,110
8941,2595,110
8941,2595,110
8941,2595,110
7751,9740,111
7751,9740,111
7751,9740,111
7751,9740,111
7751,9740,111
7751,9740,111
7751,9740,111
7751,9740,111
7751,9740,111
7751,9740,111
7751,9740,111
7918,10215,111
7918,11394,111
8777,21136,111
8941,2595,111
8941,14500,111
8941,16207,111
8941,16207,111
8941,16207,111
8941,16207,111
8941,16207,111
8941,16207,111
8941,16207,111
8941,16207,111
8941,16207,111
8941,16207,111
8941,16207,111
8941,16207,111
8941,16207,111
8941,16207,111
8941,16207,111
8941,16207,111
8941,16207,111
8941,16207,111
8941,16207,111
8941,16207,111
8941,16207,111
8941,16207,111
8941,16207,111
8941,16207,111
8941,16207,111
8941,16207,111
8941,16207,111
8941,16207,111
8941,16207,111
8941,16207,111
8941,16207,111
8941,16207,111
8941,16207,111
8941,16207,111
8941,16207,111
8941,16207,111
8941,16207,111
8941,16207,111
8941,16207,111
8941,16207,111
8941,16207,111
8941,16207,111
8941,16207,111
8941,16207,111
8941,16207,111
8941,16215,111
8941,16215,111
8941,16215,111
8941,16215,111
8941,16215,111
8941,16215,111
8941,16215,111
8941,16215,111
8941,16215,111
8941,16215,111
8941,16215,111
8941,16215,111
8941,16215,111
8941,16215,111
8941,16215,111
8941,16215,111
8941,16215,111
8941,16215,111
8941,16215,111
8941,16215,111
2405,7706,112
2405,7897,112
2405,8017,112
2405,8117,112
2405,8215,112
2405,8235,112
2405,8236,112
2405,8274,112
7577,9766,112
7577,11394,112
7706,18535,112
8117,2405,112
8236,4391,112
8236,4391,112
8236,4391,112
8236,4391,112
8236,4391,112
8236,4391,112
8236,4391,112
8236,4391,112
8236,4391,112
8236,4391,112
8236,4391,112
8236,4391,112
8236,4391,112
8236,4391,112
8236,4391,112
8236,4391,112
8236,4391,112
8236,4391,112
8236,4391,112
8236,12600,112
8236,12600,112
8236,12600,112
8236,12600,112
8236,12600,112
8236,12600,112
8236,12600,112
8236,12600,112
8236,12600,112
8236,12600,112
8236,12600,112
8236,14569,112
8236,14569,112
8236,14569,112
8236,14569,112
8236,14569,112
8882,12071,112
8882,12071,112
8882,12071,112
8882,12071,112
8882,12071,112
8882,12071,112
8882,12071,112
8882,12071,112
8882,12071,112
8882,12071,112
9763,9764,112
11394,7706,112
11394,7863,112
11394,7918,112
7751,9740,113
8215,18170,113
8215,18170,113
8215,18170,113
8215,18170,113
8215,18170,113
8215,18170,113
8215,18170,113
8215,18170,113
8215,18170,113
8215,18170,113
8215,18170,113
8215,18170,113
8215,18170,113
8215,18170,113
8215,18170,113
8215,18170,113
8215,18170,113
8215,18170,113
8215,18170,113
8215,18170,113
8215,18170,113
8215,18170,113
8215,18170,113
8215,18170,113
8215,18170,113
8215,18170,113
8215,18170,113
8215,18170,113
8215,18170,113
8215,18170,113
8215,18170,113
8215,18170,113
8215,18170,113
8236,19719,113
8236,19719,113
8236,19719,113
8236,19719,113
8236,19719,113
8236,19719,113
8236,19719,113
8236,19719,113
8236,19719,113
8236,19719,113
8236,19719,113
8274,11443,113
8882,12071,113
8882,12071,113
8882,12071,113
8882,12071,113
8882,12071,113
8882,12071,113
8882,12071,113
8882,12071,113
8882,12071,113
8882,12071,113
8941,4353,113
11394,7706,113
11394,8215,113
11394,8235,113
7751,2015,114
8215,11237,114
8215,18170,114
8215,18170,114
8215,18170,114
8215,18170,114
8215,18170,114
8215,18170,114
8215,18170,114
8215,18170,114
8215,18170,114
8215,18170,114
8215,18170,114
8215,18170,114
8215,18170,114
8236,14474,114
8236,14474,114
8236,14474,114
8236,14474,114
8236,14474,114
8236,14474,114
8236,14474,114
8236,14474,114
8236,19719,114
8236,19719,114
8236,19719,114
8236,19719,114
8236,19719,114
8236,19719,114
8236,19719,114
8236,19719,114
8236,19719,114
8882,12071,114
8882,12071,114
8882,12071,114
8882,12071,114
8882,12071,114
8882,12071,114
8882,12071,114
8882,12071,114
8882,12071,114
8882,12071,114
8882,12071,114
8882,12071,114
8882,12071,114
8941,2595,114
8215,2060,115
8215,2060,115
8215,2060,115
8215,2060,115
8215,2060,115
8215,2060,115
8215,2060,115
8236,19464,115
8236,19464,115
8236,19464,115
8236,19464,115
8236,19464,115
8236,19464,115
8236,19464,115
8236,19464,115
8236,19464,115
8236,19464,115
10139,8215,115
8777,18142,116
8777,18142,116
8777,18142,116
8777,18142,116
8777,18142,116
8777,18142,116
8777,18142,116
8777,18142,116
8777,18142,116
8777,18142,116
8777,18142,116
8777,18142,116
8777,18142,116
8777,18142,116
8777,18142,116
8777,18142,116
8777,18142,116
8777,18142,116
8777,18142,116
8777,18142,116
8777,18142,116
8882,12071,116
8882,12071,116
8882,12071,116
8882,12071,116
8882,12071,116
8882,12071,116
8882,12071,116
8882,12071,116
8882,12071,116
8882,12071,116
8882,13934,116
8882,14085,116
8882,14085,116
8882,14085,116
8941,23870,116
8941,23874,116
8941,23874,116
8941,23874,116
8941,23874,116
8941,23874,116
8941,23874,116
8941,23874,116
8941,23874,116
8941,23874,116
8941,23874,116
8941,23874,116
8941,23874,116
8941,23874,116
8941,23874,116
8941,23874,116
8941,23874,116
8941,23874,116
8941,23874,116
8941,23874,116
8941,23874,116
8941,23874,116
8941,23874,116
8941,23874,116
8941,23874,116
8941,23874,116
8941,23874,116
8941,23874,116
8941,23874,116
8941,23874,116
8941,23874,116
8941,23874,116
8941,23874,116
8941,23874,116
8941,23874,116
8941,23874,116
8941,23874,116
8941,23874,116
8941,23874,116
8941,23874,116
7751,9738,117
7751,9738,117
7751,9738,117
7751,9738,117
7751,9738,117
7751,9738,117
7751,9738,117
7751,9738,117
7751,14022,117
7751,19475,117
7751,19475,117
7751,19475,117
7751,19475,117
7751,19475,117
7751,19475,117
7751,19478,117
7751,19478,117
7751,19478,117
7751,19478,117
7751,23847,117
7751,23847,117
7751,23847,117
7751,23847,117
7751,23847,117
7751,23847,117
7751,23847,117
7751,23847,117
7751,23847,117
7751,23847,117
7751,23847,117
7751,23847,117
7751,23847,117
7751,23847,117
7751,23847,117
7751,23847,117
7751,23847,117
7751,23847,117
7751,23847,117
8215,2060,117
8215,2060,117
8882,12071,117
8882,12071,117
8882,12071,117
8882,12071,117
8882,12071,117
8882,12071,117
8882,12071,117
8882,12071,117
8882,12071,117
8882,12071,117
8882,13934,117
8882,14085,117
8882,14085,117
8882,14085,117
8882,14089,117
8882,14089,117
8882,14501,117
8882,15063,117
8882,15063,117
8882,15063,117
8882,15063,117
8882,15063,117
8882,15063,117
8882,15063,117
8882,15063,117
8882,15063,117
8882,15063,117
8882,15063,117
8882,15063,117
8882,15063,117
8882,15063,117
11101,7607,117
11101,8235,117
2405,7607,118
7751,17964,118
7751,17964,118
7751,17964,118
7751,17964,118
7751,17964,118
7751,17964,118
7751,17964,118
7751,17964,118
7751,17964,118
7751,17964,118
7751,17964,118
7751,17964,118
7751,17964,118
7751,17964,118
7751,17964,118
8215,2061,118
8882,2595,118
8882,2595,118
8882,2595,118
8882,2595,118
8882,2595,118
8882,2595,118
8882,2595,118
8882,2595,118
8882,2595,118
8882,2595,118
8882,2595,118
8941,15597,118
8941,15600,118
8941,15601,118
8941,15601,118
8941,15601,118
8941,15601,118
8941,15601,118
8941,15601,118
8941,15601,118
8941,15601,118
8941,15601,118
8941,15601,118
8941,15601,118
8941,15601,118
8941,15601,118
8941,15601,118
8941,15601,118
8941,15601,118
8941,15601,118
8941,15601,118
8941,15601,118
8941,15601,118
8941,15601,118
8941,15601,118
8941,15601,118
8941,15601,118
8941,15601,118
8941,15601,118
8941,15601,118
8941,15602,118
8941,15602,118
8941,15602,118
8941,15602,118
8941,15602,118
8941,15602,118
8941,15602,118
8941,15602,118
8941,15602,118
8941,15602,118
8941,15602,118
8941,15602,118
8941,15602,118
8941,15602,118
8941,15602,118
8941,15602,118
8941,15602,118
8941,15602,118
8941,15609,118
8941,15609,118
8941,15609,118
8941,15609,118
8941,15609,118
8941,15609,118
8941,15609,118
8941,15609,118
8941,18145,118
8941,18145,118
8941,18145,118
8941,18145,118
8941,18145,118
8941,18145,118
8941,18145,118
8941,18145,118
8941,18145,118
8941,18145,118
8941,18145,118
8941,18145,118
8941,18145,118
8941,18145,118
8215,15358,119
8215,15359,119
8215,15359,119
8215,15359,119
8215,15359,119
8215,15359,119
8215,15359,119
8215,15359,119
8215,15359,119
8215,15359,119
8215,15359,119
8215,15359,119
8215,15359,119
8215,15359,119
8215,15359,119
8215,15359,119
8215,15359,119
8215,15359,119
7751,14502,120
7751,14502,120
7751,14502,120
7751,14502,120
7751,14502,120
7751,14502,120
7751,14502,120
7751,16365,120
7751,16365,120
7751,16365,120
7751,16365,120
7751,16365,120
7751,16365,120
7751,16365,120
7751,16365,120
7751,16365,120
7751,16365,120
7751,16365,120
7751,18909,120
8215,18098,120
8215,18098,120
8215,18098,120
8215,18098,120
8215,18098,120
8215,18098,120
8215,18098,120
8215,18098,120
8215,18098,120
8215,18098,120
8215,18098,120
8215,18098,120
8215,18098,120
8215,18098,120
8215,18098,120
8215,18098,120
8215,18098,120
8215,18098,120
8215,18098,120
8215,18098,120
8215,18098,120
8215,18098,120
8215,18098,120
8215,18098,120
8215,18098,120
8215,18098,120
8215,18098,120
8215,18098,120
8215,18098,120
8215,18098,120
8274,12080,120
8274,12080,120
8274,12080,120
8274,12080,120
8274,12080,120
8274,12080,120
8274,12080,120
8274,12080,120
8274,12080,120
8274,12080,120
8274,12080,120
8274,12080,120
8274,12080,120
8274,12080,120
8274,12080,120
8274,12080,120
8274,12080,120
8274,12080,120
8274,12080,120
8274,12080,120
8274,12080,120
8274,12080,120
8274,12080,120
8274,12080,120
8274,12080,120
8274,12080,120
8274,12080,120
8274,12080,120
8882,12080,120
8882,12080,120
8882,12080,120
8882,12080,120
8882,12080,120
8882,12080,120
8882,12080,120
8882,12080,120
8882,12084,120
8882,12084,120
8882,12084,120
8882,12084,120
8882,12084,120
7751,16365,121
7751,16365,121
8274,12080,121
8274,12080,121
8274,12080,121
8274,12080,121
8274,12080,121
8274,12080,121
8274,12080,121
8274,12080,121
8274,12080,121
8274,12080,121
8274,12080,121
8882,2595,121
8882,2595,121
8882,2595,121
8882,14740,121
8882,14740,121
8882,14740,121
8882,14740,121
8882,14740,121
8882,14740,121
8882,14740,121
8882,14740,121
8882,14740,121
8882,14740,121
8882,14740,121
8882,14740,121
8882,14740,121
8882,18228,121
8882,18228,121
8882,18228,121
8882,18228,121
8882,18228,121
8882,18228,121
8882,18228,121
8882,18228,121
8882,18228,121
8882,18228,121
8882,18228,121
8882,18228,121
8882,18228,121
8882,18228,121
7577,11443,122
7751,16365,122
7751,16365,122
7751,16365,122
7751,16365,122
7751,16365,122
7765,11443,122
8215,14500,122
8882,2595,122
9763,9764,122
9765,7577,122
11394,7607,122
11443,8215,122
8117,11394,123
8215,15597,123
8215,15600,123
8215,15601,123
8215,15601,123
8215,15601,123
8215,15601,123
8215,15601,123
8215,15601,123
8215,15601,123
8215,15601,123
8215,15601,123
8215,15601,123
8215,15601,123
8215,15601,123
8215,15601,123
8215,15601,123
8215,15601,123
8215,15601,123
8215,15601,123
8215,15601,123
8215,15601,123
8215,15601,123
8215,15601,123
8215,15601,123
8215,15601,123
8215,15601,123
8215,15601,123
8215,15601,123
8215,15601,123
8215,15602,123
8215,15602,123
8215,15602,123
8215,15602,123
8215,15602,123
8215,15602,123
8215,15602,123
8215,15602,123
8215,15602,123
8215,15602,123
8215,15602,123
8215,15602,123
8215,15602,123
8215,15602,123
8215,15602,123
8215,15602,123
8215,15602,123
8215,15602,123
8215,15609,123
8215,15609,123
8215,15609,123
8215,15609,123
8215,15609,123
8215,15609,123
8215,15609,123
8215,15609,123
8236,10486,123
8236,10486,123
8236,10486,123
8236,10486,123
8236,10486,123
8236,10486,123
8236,10486,123
8236,10486,123
8236,10486,123
8236,10486,123
8236,10486,123
8236,10486,123
8274,13934,123
8274,13934,123
8274,14085,123
8274,14085,123
8274,14085,123
8274,14085,123
8274,14085,123
8274,14085,123
8274,14089,123
8274,14089,123
8274,21582,123
8770,18313,123
8770,18313,123
8770,18313,123
8770,18313,123
8770,18313,123
8770,18313,123
8770,18313,123
8770,18313,123
8770,18313,123
8770,18313,123
8770,18313,123
8770,18313,123
8770,18313,123
8770,18313,123
8770,18313,123
8770,18313,123
8770,18313,123
8770,18313,123
8770,18313,123
8882,474,123
8882,474,123
7577,9765,124
8215,10215,124
8215,15597,124
8215,15600,124
8215,15601,124
8215,15601,124
8215,15601,124
8215,15601,124
8215,15601,124
8215,15601,124
8215,15601,124
8215,15601,124
8215,15601,124
8215,15601,124
8215,15601,124
8215,15601,124
8215,15601,124
8215,15601,124
8215,15601,124
8215,15601,124
8215,15601,124
8215,15601,124
8215,15601,124
8215,15601,124
8215,15601,124
8215,15601,124
8215,15601,124
8215,15601,124
8215,15601,124
8215,15601,124
8215,15602,124
8215,15602,124
8215,15602,124
8215,15602,124
8215,15602,124
8215,15602,124
8215,15609,124
8215,15609,124
8236,12030,124
8236,12030,124
8236,12030,124
8236,12030,124
8236,12030,124
8236,12030,124
8236,12030,124
8236,12030,124
8236,12030,124
8236,12030,124
8236,12030,124
8236,12030,124
8236,12030,124
8236,12030,124
8236,12030,124
8236,12030,124
8236,12030,124
8236,12030,124
8274,13934,124
8274,14085,124
8274,14085,124
8882,1761,124
8882,1761,124
8882,1761,124
8882,1761,124
8882,1761,124
8882,1761,124
8882,1761,124
8882,1761,124
8882,1761,124
8882,1761,124
8882,1761,124
8882,1761,124
8882,1761,124
8882,1761,124
8882,1761,124
8882,1761,124
8882,1761,124
8882,1761,124
8882,1761,124
8882,2680,124
8882,2680,124
8882,2680,124
8882,2680,124
8882,2680,124
8882,2680,124
8882,2680,124
8882,2680,124
8882,2680,124
8882,2680,124
8882,2680,124
8882,2680,124
8882,2680,124
8882,2680,124
7751,10215,125
7751,16365,125
7751,16365,125
7751,16365,125
8236,12030,125
8236,12030,125
8236,12030,125
8236,12030,125
8236,12030,125
8236,12030,125
8236,12030,125
8236,12030,125
8236,12030,125
8236,12030,125
8236,12030,125
8236,12030,125
8274,13934,125
8274,14085,125
8274,14085,125
8274,14085,125
8882,474,125
8882,474,125
8882,474,125
8882,474,125
8882,474,125
8882,474,125
8882,474,125
8882,474,125
8882,474,125
8882,474,125
8882,474,125
8882,474,125
8882,474,125
8882,474,125
8882,474,125
8882,474,125
8882,474,125
8882,474,125
8882,1761,125
8882,1761,125
8882,1761,125
8882,1761,125
8882,1761,125
8882,1761,125
8882,1761,125
8882,1761,125
8882,1761,125
8882,1761,125
8882,1761,125
8882,1761,125
8882,1761,125
8882,1761,125
8882,1761,125
8882,1761,125
8882,1761,125
8882,1761,125
8882,1761,125
8882,1761,125
8882,1761,125
8882,1761,125
8882,1761,125
8882,1761,125
8882,1761,125
8882,1761,125
8882,1761,125
8882,1761,125
7751,16365,126
7751,16365,126
7751,16365,126
7751,16365,126
7751,16365,126
7751,16365,126
8235,10215,126
8236,9585,126
8236,9585,126
8236,9585,126
8236,9585,126
8236,9585,126
8236,9585,126
8236,9585,126
8236,9585,126
8236,9585,126
8236,9585,126
8236,9585,126
8236,9585,126
8236,9585,126
8236,9585,126
8236,9585,126
8236,9585,126
8274,18788,126
8274,18790,126
8882,474,126
8882,474,126
8882,474,126
8882,474,126
8882,474,126
8882,474,126
8882,474,126
8882,474,126
8882,474,126
8882,474,126
8882,474,126
8882,474,126
8882,1761,126
8882,1761,126
8882,1761,126
8882,1761,126
8882,1761,126
8882,1761,126
8882,1761,126
8882,1761,126
8882,1761,126
8882,1761,126
8882,1761,126
8882,1761,126
8882,1761,126
8882,1761,126
8941,14500,126
8941,18145,126
8941,18145,126
8941,18145,126
8941,18145,126
8941,18145,126
8941,18145,126
8941,18145,126
8941,18145,126
8941,18145,126
8941,18147,126
8941,18147,126
8941,18147,126
8941,22579,126
8941,22579,126
8941,22579,126
8941,22579,126
8941,22579,126
7577,9766,127
7751,16365,127
7751,16365,127
7751,16365,127
7751,16365,127
7751,16365,127
8215,14062,127
8215,14379,127
8215,14500,127
8215,15600,127
8215,15601,127
8215,15601,127
8215,15601,127
8215,15601,127
8215,15601,127
8215,15601,127
8215,15601,127
8215,15601,127
8215,15601,127
8215,15601,127
8215,15601,127
8215,15601,127
8215,15601,127
8215,15601,127
8215,15601,127
8215,15601,127
8215,15601,127
8215,15601,127
8215,15601,127
8215,15601,127
8215,15601,127
8215,15601,127
8215,15601,127
8215,15601,127
8215,15601,127
8215,15601,127
8215,15601,127
8215,15601,127
8215,15601,127
8215,15601,127
8215,15601,127
8215,15601,127
8215,15601,127
8215,15601,127
8215,15601,127
8215,15602,127
8215,15602,127
8215,15608,127
8215,15608,127
8215,15609,127
8215,15609,127
8215,15609,127
8236,9585,127
8236,9585,127
8236,9585,127
8236,9585,127
8236,9585,127
8236,9585,127
8236,9585,127
8236,9585,127
8236,9585,127
8236,9585,127
8236,9585,127
8236,9585,127
8236,9585,127
8236,9585,127
8236,9585,127
8236,9585,127
8236,9585,127
8236,9585,127
8236,9585,127
8236,9585,127
8274,953,127
8274,953,127
8274,953,127
8274,953,127
8274,953,127
8274,953,127
8274,953,127
8274,953,127
8274,961,127
8274,11443,127
8770,18313,127
8770,18313,127
8770,18313,127
8770,18313,127
8770,18313,127
8770,18313,127
8770,18313,127
8770,18313,127
8770,18313,127
8770,18313,127
8770,18313,127
8770,18313,127
8770,18313,127
8770,18313,127
8770,18313,127
8770,18313,127
8770,18313,127
8770,18313,127
8770,18313,127
8770,18313,127
8770,18313,127
8770,18313,127
8770,18313,127
8770,18313,127
8770,18313,127
8770,18313,127
8770,18313,127
8770,18313,127
8770,18313,127
8770,18313,127
8770,18313,127
8770,18313,127
8770,18313,127
8770,18313,127
8770,18313,127
8770,18313,127
8770,18313,127
8770,18313,127
8770,18313,127
8770,18313,127
8770,18313,127
8770,18313,127
8770,18313,127
8770,18313,127
8770,18313,127
8770,18313,127
8770,18313,127
8770,18313,127
8770,18313,127
8770,18313,127
8770,18313,127
8770,18313,127
8770,18313,127
8770,18313,127
8770,18313,127
8770,18313,127
8770,18313,127
8770,18313,127
8770,18313,127
8770,18313,127
8770,18313,127
8770,18313,127
8770,18313,127
8770,18313,127
8882,22601,127
8941,22579,127
7751,16365,128
7751,16365,128
7751,16365,128
7751,16365,128
7751,16365,128
7751,16365,128
7751,16365,128
7751,16365,128
7751,16365,128
8215,14500,128
8215,15600,128
8215,15601,128
8215,15601,128
8215,15601,128
8215,15601,128
8215,15601,128
8215,15601,128
8215,15601,128
8215,15601,128
8215,15601,128
8215,15601,128
8215,15601,128
8215,15601,128
8215,15601,128
8215,15601,128
8215,15601,128
8215,15601,128
8215,15601,128
8215,15601,128
8215,15601,128
8215,15601,128
8215,15601,128
8215,15601,128
8215,15601,128
8215,15601,128
8215,15601,128
8215,15601,128
8215,15601,128
8215,15601,128
8215,15601,128
8215,15601,128
8215,15601,128
8215,15601,128
8215,15601,128
8215,15601,128
8215,15601,128
8215,15602,128
8215,15602,128
8215,15609,128
8215,15609,128
8215,15609,128
8274,953,128
8274,953,128
8274,953,128
8274,953,128
8274,961,128
8882,1761,128
8882,1761,128
8882,1761,128
8882,1761,128
8882,1761,128
8882,1761,128
8882,1761,128
8882,1761,128
8882,1761,128
8882,1761,128
8882,1761,128
8882,1761,128
8882,1761,128
8882,1761,128
7577,10215,129
8235,11443,129
8236,9585,129
8274,953,129
8274,953,129
8274,953,129
8274,953,129
8274,953,129
8274,953,129
8274,961,129
8274,967,129
8770,18313,129
8770,18313,129
8770,18313,129
8770,18313,129
8770,18313,129
8770,18313,129
8770,18313,129
8770,18313,129
8770,18313,129
8770,18313,129
8770,18313,129
8770,18313,129
8770,18313,129
8770,18313,129
8770,18313,129
8770,18313,129
8882,13934,129
8882,14085,129
8882,14085,129
8882,14085,129
8941,22579,129
8941,22579,129
8941,22579,129
8941,22579,129
8941,22579,129
10215,7706,129
8236,9585,130
8274,953,130
8274,953,130
8274,953,130
8274,953,130
8274,953,130
8274,953,130
8274,953,130
8274,953,130
8274,961,130
8274,961,130
8882,13934,130
8882,14085,130
8882,14085,130
8882,14085,130
8882,20351,130
8882,24934,130
8882,24934,130
8882,24934,130
8882,24934,130
8882,24934,130
8882,24934,130
8882,24934,130
8882,24934,130
8882,24934,130
8882,24934,130
8882,24934,130
8882,24934,130
8882,24934,130
8882,24934,130
8882,24934,130
8882,24934,130
8882,24934,130
8882,24934,130
8882,24934,130
8882,24934,130
7751,16365,131
7751,16365,131
7751,16365,131
7751,16365,131
7751,16365,131
7751,16365,131
7751,16365,131
7751,16365,131
7751,16365,131
7751,16365,131
7751,16365,131
7751,18813,131
7751,18813,131
7751,18813,131
7751,18813,131
7751,18813,131
7751,18813,131
7751,18813,131
7897,11443,131
8274,18788,131
8274,18802,131
8882,19753,131
8882,19776,131
8882,19776,131
8941,22579,131
8941,22579,131
7751,18901,132
7751,19909,132
7751,19909,132
7751,19909,132
7751,19909,132
7751,19909,132
7751,19909,132
7751,19909,132
7751,19909,132
7751,19909,132
7751,19909,132
7751,19909,132
7751,19909,132
7751,19909,132
7751,19909,132
7751,19909,132
8215,15597,132
8215,15600,132
8215,15601,132
8215,15601,132
8215,15601,132
8215,15601,132
8215,15601,132
8215,15601,132
8215,15601,132
8215,15601,132
8215,15601,132
8215,15601,132
8215,15601,132
8215,15601,132
8215,15601,132
8215,15601,132
8215,15601,132
8215,15601,132
8215,15601,132
8215,15601,132
8215,15601,132
8215,15601,132
8215,15601,132
8215,15601,132
8215,15601,132
8215,15601,132
8215,15601,132
8215,15601,132
8215,15601,132
8215,15601,132
8215,15601,132
8215,15601,132
8215,15601,132
8215,15601,132
8215,15601,132
8215,15601,132
8215,15601,132
8215,15601,132
8215,15609,132
8215,15609,132
8236,9585,132
8236,9585,132
8236,9585,132
8236,9585,132
8236,9585,132
8274,18551,132
8274,18551,132
8274,18551,132
8274,18551,132
8274,18551,132
8274,18551,132
8274,18551,132
8274,18551,132
8274,18551,132
8274,18551,132
8274,18551,132
8274,18551,132
8274,18551,132
8274,18551,132
8274,18551,132
8274,18551,132
8274,18551,132
8274,18551,132
8274,18788,132
8274,18802,132
8274,18802,132
8274,18802,132
8274,18802,132
8274,18802,132
8274,18802,132
8274,18802,132
8274,18802,132
8274,18802,132
8274,18802,132
8274,18802,132
8274,18802,132
8274,18802,132
8882,14362,132
8882,14362,132
8882,14362,132
8882,14362,132
8882,14362,132
8882,14362,132
8882,14362,132
8882,14362,132
8882,14362,132
8882,14362,132
8882,14362,132
8882,14362,132
8882,14362,132
8882,14362,132
8882,14362,132
8882,14362,132
8882,14362,132
8882,14362,132
8882,14362,132
8882,14362,132
8882,19753,132
8882,19776,132
8882,19776,132
8882,19776,132
8882,19776,132
8941,1716,132
8941,1716,132
8941,1716,132
8941,1716,132
8941,22579,132
8941,22579,132
9763,9764,132
2405,7863,133
7577,2405,133
7918,11101,133
8117,11443,133
8215,14500,133
8215,15600,133
8215,15601,133
8215,15601,133
8215,15601,133
8215,15601,133
8215,15601,133
8215,15601,133
8215,15601,133
8215,15601,133
8215,15601,133
8215,15601,133
8215,15601,133
8215,15601,133
8215,15601,133
8215,15601,133
8215,15601,133
8215,15601,133
8215,15601,133
8215,15601,133
8215,15601,133
8215,15601,133
8215,15601,133
8215,15601,133
8215,15601,133
8215,15601,133
8215,15601,133
8215,15601,133
8215,15601,133
8215,15601,133
8215,15601,133
8215,15601,133
8215,15601,133
8215,15601,133
8215,15601,133
8215,15601,133
8215,15601,133
8215,15602,133
8215,15602,133
8215,15609,133
8215,15609,133
8215,15609,133
8274,18551,133
8274,18551,133
8274,18551,133
8274,18788,133
8274,18802,133
8274,18802,133
8274,18802,133
8274,18802,133
8274,18802,133
8274,18802,133
8274,18802,133
8274,18802,133
8274,18802,133
8274,18802,133
8274,18802,133
8274,18802,133
8274,18802,133
8770,18170,133
8770,18170,133
8770,18170,133
8770,18170,133
8770,18170,133
8770,18170,133
8770,18170,133
8770,18170,133
8770,18170,133
8770,18170,133
8770,18170,133
8770,18170,133
8770,18170,133
8770,18170,133
8770,18170,133
8770,18170,133
8770,18170,133
8770,18170,133
8770,18170,133
8770,18170,133
8770,18170,133
8770,18170,133
8770,18170,133
8770,18170,133
8770,18170,133
8770,18170,133
8770,18170,133
8770,18170,133
8770,18170,133
8770,18170,133
8770,18170,133
8770,18170,133
8770,18170,133
8770,18313,133
8770,18313,133
8770,18313,133
8770,18313,133
8770,18313,133
8770,18313,133
8770,18313,133
8770,18313,133
8770,18313,133
8770,18313,133
8770,18313,133
8770,18313,133
8770,18313,133
8770,18313,133
8770,18313,133
8770,18313,133
8770,18313,133
8770,18313,133
8770,18313,133
8770,18313,133
8770,18313,133
8770,18313,133
8882,19776,133
8882,19776,133
8882,19776,133
8882,19776,133
8882,19776,133
8882,19776,133
8882,19776,133
8882,19776,133
8882,19776,133
8941,1716,133
8941,1716,133
8941,1716,133
8941,1716,133
8941,1716,133
8941,1716,133
11443,7918,133
11443,8117,133
7751,23897,134
7751,24493,134
7751,24493,134
7751,24493,134
7751,24493,134
8215,14500,134
8215,15597,134
8215,15600,134
8215,15601,134
8215,15601,134
8215,15601,134
8215,15601,134
8215,15601,134
8215,15601,134
8215,15601,134
8215,15601,134
8215,15601,134
8215,15601,134
8215,15601,134
8215,15601,134
8215,15601,134
8215,15601,134
8215,15601,134
8215,15601,134
8215,15601,134
8215,15601,134
8215,15601,134
8215,15601,134
8215,15601,134
8215,15601,134
8215,15601,134
8215,15601,134
8215,15601,134
8215,15601,134
8215,15601,134
8215,15602,134
8215,15602,134
8215,15602,134
8215,15602,134
8215,15602,134
8215,15602,134
8215,15602,134
8215,15602,134
8215,15602,134
8215,15602,134
8215,15602,134
8215,15602,134
8215,15602,134
8215,15602,134
8215,15602,134
8215,15602,134
8215,15602,134
8215,15602,134
8215,15609,134
8215,15609,134
8215,15609,134
8215,15609,134
8215,15609,134
8215,15609,134
8215,15609,134
8215,15609,134
8770,4670,134
8770,4670,134
8770,4670,134
8770,4670,134
8770,4670,134
8770,4670,134
8770,4670,134
8770,4670,134
8770,4670,134
8770,4670,134
8770,4670,134
8770,4670,134
8770,4670,134
8770,4670,134
8770,4670,134
8770,4670,134
8770,4670,134
8770,4670,134
8770,4670,134
8770,4670,134
8770,4670,134
8770,4670,134
8770,4670,134
8770,4670,134
8770,4670,134
8770,4670,134
8770,4670,134
8770,4670,134
8770,4670,134
8770,4670,134
8770,4670,134
8770,4670,134
8770,4670,134
8770,4670,134
8770,4670,134
8770,4670,134
8770,4670,134
8770,4670,134
8770,4670,134
8770,4670,134
8770,4670,134
8770,4670,134
8770,4670,134
8770,4670,134
8770,4670,134
8770,4670,134
8770,4670,134
8770,4670,134
8770,4670,134
8770,4670,134
8770,4670,134
8770,4670,134
8770,4670,134
8770,4670,134
8770,4670,134
8770,4670,134
8770,4670,134
8770,4670,134
8770,4670,134
8770,4670,134
8770,4670,134
8770,4670,134
8770,4670,134
8770,4670,134
8770,4670,134
8770,4670,134
8770,4670,134
8770,4670,134
8770,4670,134
8882,19776,134
8882,19776,134
8941,1716,134
8941,1716,134
8941,1716,134
8941,1716,134
8941,1716,134
8941,1716,134
8941,1716,134
8941,1716,134
8215,11619,135
8215,11619,135
8215,11619,135
8215,14316,135
8215,14316,135
8215,14316,135
8215,14316,135
8215,14316,135
8215,14316,135
8215,14316,135
8215,14316,135
8215,14316,135
8215,14316,135
8215,14316,135
8215,14316,135
8215,14316,135
8215,14316,135
8236,9585,135
8236,9585,135
8770,4670,135
8770,4670,135
8770,4670,135
8770,4670,135
8770,4670,135
8770,4670,135
8770,4670,135
8770,4670,135
8770,4670,135
8770,4670,135
8770,4670,135
8770,4670,135
8770,4670,135
8770,4670,135
8770,4670,135
8770,4670,135
8770,4670,135
8770,4670,135
8770,4670,135
8770,4670,135
8770,4670,135
8941,1716,135
8941,1716,135
8941,1716,135
8941,1716,135
8941,1716,135
8941,1716,135
8941,1716,135
8941,1716,135
10139,8017,135
7577,11394,136
8215,11237,136
8236,21206,136
8236,21206,136
8236,21206,136
8236,21206,136
8236,21206,136
8236,21206,136
8236,21206,136
8236,21206,136
8236,21206,136
8236,21206,136
8236,21206,136
8236,21206,136
8236,21206,136
8236,21206,136
8236,21206,136
8236,21206,136
8236,21206,136
8274,18788,136
8274,18788,136
8274,18802,136
8274,18802,136
8274,18802,136
8274,18802,136
8274,18802,136
8274,18802,136
8274,18802,136
8274,18802,136
8274,18802,136
8274,18802,136
8274,18802,136
8274,18802,136
8274,18802,136
8274,18802,136
8274,18802,136
8274,18802,136
8274,18802,136
8274,18802,136
8274,18802,136
8274,18802,136
8274,18802,136
8274,18802,136
8274,18802,136
8274,18802,136
8274,18802,136
8274,18802,136
8770,12080,136
8770,12080,136
8770,12080,136
8770,12080,136
8770,12080,136
8770,12080,136
8770,12080,136
8770,12080,136
8770,12080,136
8770,12080,136
8770,12080,136
8770,12080,136
8770,12080,136
8770,12080,136
8770,12080,136
8770,12080,136
8770,12080,136
8770,12080,136
8770,12080,136
8770,12080,136
8770,12080,136
8770,12080,136
8770,12080,136
8770,12080,136
8770,12080,136
8770,12080,136
8770,12080,136
8770,12080,136
8770,13934,136
8770,14085,136
8770,14085,136
8770,14085,136
11394,8017,136
7751,15109,137
7751,17543,137
7751,17543,137
7751,17543,137
7751,17543,137
7751,17543,137
7751,17543,137
7751,17543,137
7751,17543,137
7751,17543,137
7751,17543,137
7751,17543,137
7751,17543,137
7751,17543,137
7751,17543,137
7751,17543,137
7751,17543,137
7751,17543,137
7751,17543,137
7751,17543,137
7751,17543,137
7751,17543,137
7751,17543,137
7751,17543,137
7751,17543,137
7751,17543,137
7751,17543,137
7751,17543,137
7751,23897,137
7751,23897,137
7751,23897,137
7751,23897,137
7751,23897,137
7751,23897,137
7751,23897,137
7751,23897,137
7751,23897,137
7751,23897,137
7751,24493,137
7751,24493,137
7751,24493,137
7751,24493,137
7751,24493,137
7751,24493,137
7751,24493,137
7751,24493,137
7751,24493,137
7751,24493,137
7751,24493,137
7751,24493,137
7751,24493,137
7751,24493,137
7751,24493,137
7751,24493,137
8215,14316,137
8215,14316,137
8215,14316,137
8215,14316,137
8215,14316,137
8215,14316,137
8215,14316,137
8215,14316,137
8215,14316,137
8215,14316,137
8236,11394,137
8236,21206,137
8236,21206,137
8236,21206,137
8236,21206,137
8236,21206,137
8236,21206,137
8236,21206,137
8236,21206,137
8236,21206,137
8236,21206,137
8236,21206,137
8236,21206,137
8236,21206,137
8236,21206,137
8770,9736,137
8770,12080,137
8770,12080,137
8770,12080,137
8770,12080,137
8770,12080,137
8770,12080,137
8770,12080,137
8770,12080,137
8770,12080,137
8770,12080,137
8770,12080,137
8770,12080,137
8770,12080,137
8770,12080,137
8770,12080,137
8770,12080,137
8770,12080,137
8770,12080,137
8770,12080,137
8770,12080,137
8770,12080,137
8770,12080,137
8770,12080,137
8770,12080,137
8770,12080,137
8770,12080,137
8770,12080,137
8770,12080,137
8770,12080,137
8770,12080,137
8770,12080,137
8770,12080,137
8770,12080,137
8770,12080,137
8770,12080,137
8770,12080,137
8770,12080,137
8770,12080,137
8770,12080,137
8770,12080,137
8770,12080,137
8770,12080,137
8770,12080,137
8770,12080,137
8770,12080,137
8770,12080,137
8882,14362,137
8882,14362,137
8882,14362,137
8882,14362,137
8882,14362,137
8882,14362,137
8882,14362,137
8882,14362,137
8941,1716,137
8941,1716,137
8941,1716,137
8941,1716,137
8941,1716,137
8941,1716,137
8941,1716,137
8941,1716,137
7577,11237,138
8117,11237,138
8215,2000,138
8215,11619,138
8215,11619,138
8215,11619,138
8215,14316,138
8215,14316,138
8215,14316,138
8215,14316,138
8215,14316,138
8215,14316,138
8215,14316,138
8215,14316,138
8215,14316,138
8215,14316,138
8215,14316,138
8215,14316,138
8215,14316,138
8215,14316,138
8215,14316,138
8215,14316,138
8215,14316,138
8215,14316,138
8215,14316,138
8215,14316,138
8215,14316,138
8215,14316,138
8215,14316,138
8215,14316,138
8215,14316,138
8882,19776,138
8882,19776,138
8882,19776,138
8882,19776,138
8882,19776,138
8882,19776,138
8882,19776,138
8882,19776,138
8882,19776,138
8882,19776,138
8882,19776,138
8882,19776,138
8882,19776,138
8882,19776,138
8882,19776,138
8882,19776,138
8882,19776,138
8941,1716,138
8941,1716,138
8941,1716,138
8941,1716,138
8941,1716,138
8941,1716,138
8941,1716,138
8941,1716,138
9765,7577,138
11237,7918,138
11237,8117,138
7577,11443,139
7751,12465,139
7751,12465,139
7751,12465,139
7751,12465,139
7751,12465,139
7751,12465,139
7751,12465,139
7751,12465,139
7751,12465,139
7751,12465,139
7751,12465,139
7751,12465,139
7751,12465,139
7751,12465,139
7751,12465,139
7751,12465,139
7751,12465,139
7751,12465,139
7751,12465,139
7751,12465,139
7751,12465,139
7751,12465,139
7751,12465,139
7751,12465,139
7751,12465,139
7751,12465,139
7751,12465,139
7751,12465,139
7751,12465,139
7751,12465,139
7751,12465,139
7751,12465,139
7751,12465,139
7751,12465,139
7751,12465,139
7751,12465,139
7751,12465,139
7751,12465,139
7751,12465,139
7751,12465,139
7751,12465,139
7751,12465,139
7751,12465,139
8236,18788,139
8236,21206,139
8236,21206,139
8236,21206,139
8236,21206,139
8236,21206,139
8236,21206,139
8236,21206,139
8236,21206,139
8236,21206,139
8236,21206,139
8236,21206,139
8236,21206,139
8236,21206,139
8236,21500,139
8236,21500,139
8236,21500,139
8236,21500,139
8236,21500,139
8236,21500,139
8236,21500,139
8236,21500,139
8274,18790,139
8274,19379,139
8274,19379,139
8770,12080,139
8770,12080,139
8770,12080,139
8770,12080,139
8770,12080,139
8770,12080,139
8770,12080,139
8770,12080,139
8770,12080,139
8770,12080,139
8770,12080,139
8770,12080,139
8770,12080,139
8770,12080,139
8770,12080,139
8770,12080,139
8770,12080,139
8770,12080,139
8770,12080,139
8770,12080,139
8770,12080,139
8770,12080,139
8770,12080,139
8770,12080,139
8770,12080,139
8770,12080,139
8770,12080,139
8770,12080,139
8770,12080,139
8770,12080,139
8770,12080,139
8770,12080,139
8882,14362,139
8882,14362,139
8882,14362,139
8882,14362,139
8941,1994,139
8941,1994,139
8941,1994,139
8941,1994,139
8941,1994,139
8941,1994,139
8941,1994,139
8941,1994,139
11443,8017,139
2538,8017,140
7577,2538,140
7577,9765,140
8215,4340,140
8215,4341,140
8215,4341,140
8215,4341,140
8274,3396,140
8274,3396,140
8274,3396,140
8274,3396,140
8274,3403,140
8274,3403,140
8274,3403,140
8274,3403,140
8274,3403,140
8274,3403,140
8274,3403,140
8274,3403,140
8274,3403,140
8274,3403,140
8274,3403,140
8770,2974,140
8770,2974,140
8770,2974,140
8770,2974,140
8770,2974,140
8770,2974,140
8770,2974,140
8770,2974,140
8770,2974,140
8770,2974,140
8770,2974,140
8770,2974,140
8770,2974,140
8770,2974,140
8770,2974,140
8770,2974,140
8770,2974,140
8770,2974,140
8770,2974,140
8770,2978,140
8770,12080,140
8770,12080,140
8770,12080,140
8770,12080,140
8770,12080,140
8770,12080,140
8770,12080,140
8770,12080,140
8770,12080,140
8770,12080,140
8770,12080,140
8770,12080,140
8770,12080,140
8770,12080,140
8770,12080,140
8770,12080,140
8770,12080,140
8770,12080,140
8770,12080,140
8770,12080,140
8770,12080,140
8770,12080,140
8770,12080,140
8770,12080,140
8770,12080,140
8770,12080,140
8770,12080,140
8770,12080,140
8770,12080,140
8770,12080,140
8770,12080,140
8770,12080,140
8770,12080,140
8770,12080,140
8770,12080,140
8770,12080,140
8770,12080,140
8770,12080,140
8770,12080,140
8770,12080,140
8770,12080,140
8770,12080,140
8770,12080,140
8770,12080,140
8770,12080,140
8770,12080,140
8770,12080,140
8770,12080,140
8770,12080,140
8770,12080,140
8770,12080,140
8770,12080,140
8770,12080,140
8770,12080,140
8770,12080,140
8770,12080,140
8770,12080,140
8770,12080,140
8770,12080,140
8770,12080,140
8770,12080,140
8770,12080,140
8770,12080,140
8770,12080,140
8770,12080,140
8770,12080,140
8770,12080,140
8770,12080,140
8770,12080,140
8770,12080,140
8770,12080,140
8770,12080,140
8770,12080,140
8770,12080,140
8770,12080,140
8770,12080,140
8770,12080,140
8770,12080,140
8770,12080,140
8770,12080,140
8770,12080,140
8770,12080,140
8770,12080,140
8770,12080,140
8770,12080,140
8770,12080,140
8770,12080,140
8770,12080,140
8770,12080,140
8770,12080,140
8770,12080,140
8770,12080,140
8770,12080,140
8770,12080,140
8770,12080,140
8882,12168,140
8882,12168,140
8882,12168,140
8882,12168,140
8882,12168,140
8882,12168,140
8882,12168,140
8882,12168,140
8882,12168,140
8882,12168,140
8882,18098,140
8882,18098,140
8882,18098,140
8882,18098,140
8882,18098,140
8882,18098,140
8882,18098,140
8882,18098,140
8882,18098,140
8882,18098,140
8882,18098,140
8882,18098,140
8882,18098,140
8882,18098,140
8882,18098,140
8882,18098,140
8882,18098,140
8882,18098,140
8882,18098,140
8882,18098,140
8882,18098,140
8882,18098,140
8882,18098,140
8882,18098,140
8882,18098,140
8882,18098,140
8882,18098,140
8882,18098,140
8882,18098,140
8882,18098,140
8882,18098,140
8882,18098,140
8882,18098,140
8882,18098,140
8882,18098,140
8882,18098,140
8882,18098,140
8882,18098,140
8882,18098,140
8882,18098,140
8882,18098,140
8882,18098,140
8882,18098,140
8882,18098,140
8882,18098,140
8882,18098,140
8882,18098,140
8882,18098,140
8882,18098,140
8882,18098,140
8882,18098,140
8882,18098,140
8882,18098,140
8882,18098,140
8882,18098,140
8882,18098,140
8882,18098,140
8882,18098,140
8882,18098,140
8882,18098,140
8882,18098,140
8882,18098,140
8941,1994,140
8941,1994,140
7577,11101,141
8274,1778,141
8274,19379,141
8882,14362,141
8882,14362,141
8882,14362,141
8882,14362,141
8882,14362,141
8882,14362,141
8882,14362,141
8882,14362,141
8882,14362,141
8882,14362,141
8882,14362,141
8882,14362,141
8882,14362,141
8882,14362,141
8882,14362,141
8941,1994,141
11101,8215,141
7577,9766,142
8215,14726,142
8215,14727,142
8215,14727,142
8215,14727,142
8215,14727,142
8215,14727,142
8215,14727,142
8215,14727,142
8215,14727,142
8215,14727,142
8215,14727,142
8215,14727,142
8236,14500,142
8236,21500,142
8236,21500,142
8236,21500,142
8236,21500,142
8236,21500,142
8236,21500,142
8274,3347,142
8274,3348,142
8274,3403,142
8274,3403,142
8274,3403,142
8274,3403,142
8274,3403,142
9763,9764,142
8215,14727,143
8215,14727,143
8215,14727,143
8215,14727,143
8215,14727,143
8215,14727,143
8215,14727,143
8215,14727,143
8215,14727,143
8215,14727,143
8215,14727,143
8236,18788,143
8236,18788,143
8236,18788,143
8236,18801,143
8236,18801,143
8236,18801,143
8236,18801,143
8236,18801,143
8236,18801,143
8236,18801,143
8236,18801,143
8236,18801,143
8236,18801,143
8236,18801,143
8274,19379,143
8770,2974,143
8770,2974,143
8770,18349,143
8770,18349,143
8770,18349,143
8882,14362,143
8882,14362,143
8882,14362,143
8882,14362,143
8882,14362,143
8882,14362,143
8882,14362,143
8882,14362,143
8882,14362,143
8882,14362,143
8882,14362,143
8882,14362,143
8882,14362,143
8882,14362,143
8882,18432,143
8882,18432,143
8882,18432,143
8882,18432,143
8882,18432,143
8882,18432,143
8882,18432,143
8882,18432,143
8882,18432,143
8882,18432,143
8882,18432,143
8882,18432,143
8882,18432,143
8882,18432,143
8882,18432,143
8941,1994,143
11443,7607,143
11443,7751,143
11443,7765,143
11443,8215,143
11443,8236,143
8117,10139,144
8215,9571,144
8215,9571,144
8215,9571,144
8215,9571,144
8215,9571,144
8236,18788,144
8236,18788,144
8236,18790,144
8236,18790,144
8236,18790,144
8236,18790,144
8236,18790,144
8236,18790,144
8236,18790,144
8236,18790,144
8236,18790,144
8236,18790,144
8236,18790,144
8236,18790,144
8882,14362,144
8882,14362,144
8882,14362,144
8882,14362,144
8882,14362,144
8882,14362,144
8882,14362,144
8882,14362,144
8941,1994,144
8941,1994,144
8941,1994,144
8941,1994,144
8941,10399,144
8941,10399,144
8941,10399,144
8941,10399,144
8941,10399,144
8941,10399,144
8941,10399,144
8941,10399,144
8941,10399,144
8941,10399,144
8941,10518,144
8941,10518,144
10139,8117,144
10139,8215,144
10139,8235,144
11394,7607,144
11394,7765,144
11394,7918,144
11394,8017,144
7607,11101,145
8236,21113,145
8274,2680,145
8274,2680,145
8274,2680,145
8274,2680,145
8274,2680,145
8274,2680,145
8274,2680,145
8274,2680,145
8274,2680,145
8274,2680,145
8274,2680,145
8274,2680,145
8274,2680,145
8274,2680,145
8770,2974,145
8770,2974,145
8770,2974,145
8770,2974,145
8770,2974,145
8770,2974,145
8770,2974,145
8770,2974,145
8770,2974,145
8770,2974,145
8770,2974,145
8770,2974,145
8770,2974,145
8770,2974,145
8770,2974,145
8770,2974,145
8770,2974,145
8770,2974,145
8770,2974,145
8770,2974,145
8770,2974,145
8770,2978,145
8882,18432,145
8882,18433,145
8770,15076,146
8770,15076,146
8770,15076,146
8770,15076,146
8770,15076,146
8770,15076,146
8770,15076,146
8770,15076,146
8882,14362,146
8882,14362,146
8882,14362,146
8882,14362,146
8882,14362,146
8882,14362,146
8882,14362,146
8882,14362,146
8882,14362,146
8882,14362,146
8882,14362,146
8941,10519,146
8770,15076,147
8770,15076,147
8770,15076,147
8770,15076,147
8770,15076,147
8770,15076,147
8770,15076,147
8770,15076,147
8770,15076,147
8770,15076,147
8770,15076,147
8770,15076,147
8770,15076,147
8770,15076,147
8770,15076,147
8770,15076,147
8770,15076,147
8882,14362,147
8882,14362,147
8882,14362,147
8882,14362,147
8882,18169,147
8882,18169,147
8882,18169,147
8882,18169,147
8882,18169,147
8882,18169,147
8882,18169,147
8882,18169,147
8882,18169,147
8882,18169,147
8882,18169,147
8882,18169,147
8882,18169,147
8882,18169,147
8882,18169,147
8882,18169,147
8882,18169,147
8882,18169,147
8882,18169,147
8882,18169,147
8882,18169,147
8882,18169,147
8882,18169,147
8882,18169,147
8882,18169,147
8882,18169,147
8882,18169,147
8882,18169,147
8882,18169,147
8882,18169,147
8882,18169,147
8882,18169,147
8882,18169,147
7577,10215,148
7607,2405,148
7607,2538,148
7863,11443,148
8117,10215,148
8117,11237,148
8215,9571,148
8215,9571,148
8215,9571,148
8215,9571,148
8274,18788,148
8274,18802,148
8274,18802,148
8274,18802,148
8274,18802,148
8274,18802,148
8274,18802,148
8274,18802,148
8274,18802,148
8274,18802,148
8274,18802,148
8274,18802,148
8274,18802,148
8274,18802,148
8941,10399,148
8941,10399,148
8941,10399,148
8941,10399,148
8941,10399,148
8941,10399,148
8941,10399,148
8941,10399,148
8941,10399,148
8941,10399,148
8941,10518,148
8941,10518,148
10215,8117,148
11101,7706,148
11101,7765,148
11237,7897,148
11237,8117,148
2405,8117,149
7577,2405,149
8117,2405,149
8770,16838,149
8770,16838,149
8770,16838,149
8770,16838,149
8770,16838,149
8770,16838,149
8770,16838,149
8770,16838,149
8770,16838,149
8770,16838,149
8770,16838,149
8770,16838,149
8770,16838,149
8770,16838,149
8770,16838,149
8770,16838,149
8770,16841,149
8770,16844,149
8770,16845,149
8770,21636,149
8770,24904,149
8770,24904,149
8770,24904,149
8770,24904,149
8882,14362,149
8882,14362,149
8882,14362,149
8882,14362,149
8882,14362,149
8882,14362,149
8882,14362,149
8882,14362,149
8882,14362,149
8882,14362,149
8882,14362,149
8882,18169,149
8882,18169,149
8882,18169,149
8882,18169,149
8882,18169,149
8882,18169,149
8882,18169,149
8882,18169,149
8882,18169,149
8941,10520,149
11394,7765,149
11394,8236,149
8017,22652,150
8017,22652,150
8017,22652,150
8017,22652,150
8017,22652,150
8017,22652,150
8017,22652,150
8017,22652,150
8017,22652,150
8017,22652,150
8017,22652,150
8017,22652,150
8017,22652,150
8017,22652,150
8017,22652,150
8215,9571,150
8215,9571,150
8215,9571,150
8215,9571,150
8274,949,150
8274,951,150
8274,951,150
8274,951,150
8274,951,150
8274,951,150
8274,951,150
8274,951,150
8274,951,150
8274,951,150
8274,18028,150
8274,18788,150
8274,18790,150
8770,24899,150
8770,24899,150
8770,24902,150
8770,24904,150
8882,14362,150
8882,14362,150
8882,14362,150
8882,14362,150
8882,15013,150
8882,15014,150
8941,10399,150
8941,10399,150
8941,10399,150
8941,10399,150
8941,10399,150
8941,10399,150
8941,10399,150
8941,10399,150
8941,10399,150
8941,10399,150
8941,10518,150
8941,10518,150
7765,11443,151
8017,3396,151
8017,3396,151
8017,3396,151
8017,3396,151
8017,3396,151
8017,3403,151
8017,3403,151
8017,3403,151
8017,3403,151
8017,3403,151
8017,3403,151
8017,3403,151
8017,3403,151
8017,3403,151
8017,3403,151
8017,3403,151
8017,3403,151
8017,3403,151
8017,3403,151
8017,3403,151
8017,3403,151
8017,3403,151
8017,3403,151
8017,3403,151
8017,3403,151
8017,3403,151
8017,3403,151
8017,3403,151
8017,3405,151
8017,22652,151
8274,18788,151
8274,18802,151
8274,18802,151
8770,21495,151
8770,21495,151
8770,21495,151
8770,21495,151
8770,21495,151
8770,21495,151
8770,21495,151
8770,21495,151
8770,21495,151
8770,21495,151
8770,21495,151
8770,21495,151
8770,21495,151
8770,21495,151
8770,21495,151
8770,24907,151
8882,14362,151
8882,14362,151
8882,14362,151
8882,14362,151
8882,14362,151
8882,14362,151
8882,14362,151
8882,14362,151
8882,14362,151
8882,14362,151
8882,14362,151
8882,18169,151
8882,18169,151
8882,18169,151
8882,18169,151
8882,18169,151
8882,18169,151
8882,18169,151
8882,18169,151
8882,18169,151
8882,18169,151
8882,18169,151
8882,18169,151
8882,18169,151
8882,18169,151
8882,18169,151
8882,18169,151
8882,18169,151
8882,18169,151
8882,18169,151
8882,18169,151
8882,18169,151
8882,18169,151
8941,10520,151
8941,22662,151
8941,22662,151
8941,22662,151
8941,22662,151
8941,22662,151
8941,22662,151
8941,22662,151
8941,22662,151
8941,22662,151
8941,22662,151
8941,22662,151
8941,22662,151
8941,22662,151
8941,22662,151
8941,22662,151
8941,22662,151
8941,22662,151
8941,22662,151
8941,22662,151
8941,22662,151
8941,22662,151
8941,22662,151
8941,22662,151
8941,22662,151
8941,22662,151
8941,22662,151
8941,22662,151
8941,22662,151
8941,22662,151
8941,22662,151
7607,11237,152
8017,2595,152
8017,2595,152
8017,2595,152
8017,2595,152
8017,2595,152
8017,2595,152
8017,2595,152
8017,2595,152
8017,2595,152
8017,2595,152
8017,2595,152
8017,10215,152
8215,18887,152
8215,18887,152
8215,18887,152
8215,18887,152
8215,18887,152
8215,18887,152
8215,18887,152
8215,18887,152
8215,18887,152
8215,18887,152
8215,18887,152
8215,18887,152
8215,18887,152
8215,18887,152
8215,18887,152
8215,18887,152
8215,18887,152
8215,18887,152
8215,18887,152
8215,18887,152
8215,18887,152
8215,18888,152
8215,18888,152
8215,18888,152
8274,18802,152
8274,18802,152
8274,18802,152
8274,18802,152
8274,21519,152
8882,21294,152
8941,9738,152
8941,9738,152
8941,9738,152
8941,9738,152
8941,9738,152
8941,9738,152
8941,9738,152
8941,9738,152
8941,9738,152
8941,9738,152
8941,9738,152
8941,17166,152
8941,17166,152
8941,17166,152
8941,17166,152
8941,17166,152
8941,17166,152
8941,17166,152
9763,9764,152
8017,21136,153
8017,21136,153
8017,21136,153
8017,21136,153
8017,21136,153
8017,21136,153
8017,21136,153
8017,21136,153
8017,21136,153
8017,21136,153
8017,21136,153
8017,21136,153
8017,21136,153
8017,21136,153
8017,21136,153
8017,21136,153
8017,21136,153
8017,21136,153
8017,21136,153
8017,21136,153
8017,21136,153
8017,21136,153
8017,21136,153
8017,21136,153
8017,21136,153
8017,21136,153
8017,21136,153
8017,21136,153
8274,24915,153
8274,24915,153
8274,24915,153
8274,24915,153
8274,24915,153
8274,24915,153
8274,24915,153
8274,24915,153
8274,24915,153
8274,24915,153
8274,24915,153
8274,24915,153
8274,24915,153
8274,24915,153
8274,24915,153
8274,24915,153
8274,24915,153
8274,24915,153
8274,24915,153
8941,16059,153
8941,16059,153
2538,8117,154
8017,3396,154
8017,3396,154
8017,3396,154
8017,3396,154
8017,3396,154
8017,3403,154
8017,3403,154
8017,3403,154
8017,3403,154
8017,3403,154
8017,3403,154
8017,3403,154
8017,3403,154
8017,3403,154
8017,3403,154
8017,3403,154
8017,3403,154
8017,3403,154
8017,3403,154
8017,3403,154
8017,3403,154
8017,3403,154
8017,3403,154
8017,3403,154
8017,3403,154
8017,3403,154
8017,3403,154
8017,3403,154
8117,2538,154
8215,18887,154
8215,18887,154
8215,18887,154
8215,18887,154
8215,18887,154
8215,18887,154
8215,18887,154
8215,18887,154
8215,18887,154
8215,18888,154
8215,18930,154
8274,24915,154
8941,16059,154
8941,16059,154
8941,16059,154
9765,7577,154
8017,3380,155
8017,3380,155
8017,3380,155
8017,3380,155
8017,3380,155
8017,3380,155
8017,3380,155
8017,3380,155
8017,3380,155
8017,3380,155
8017,3380,155
8017,3380,155
8017,3380,155
8017,3380,155
8017,3380,155
8017,3380,155
8017,3380,155
8017,3380,155
8017,3380,155
8017,3405,155
8215,18887,155
8215,18887,155
8215,18887,155
8274,25411,155
8941,16795,155
8941,16795,155
8941,16795,155
10215,8215,155
7577,9765,156
8017,15597,156
8017,15597,156
8017,15600,156
8017,15601,156
8017,15601,156
8017,15601,156
8017,15601,156
8017,15601,156
8017,15601,156
8017,15601,156
8017,15601,156
8017,15601,156
8017,15601,156
8017,15601,156
8017,15601,156
8017,15601,156
8017,15601,156
8017,15601,156
8017,15601,156
8017,15601,156
8017,15601,156
8017,15601,156
8017,15601,156
8017,15601,156
8017,15601,156
8017,15601,156
8017,15601,156
8017,15601,156
8017,15601,156
8017,15601,156
8017,15601,156
8017,15601,156
8017,15601,156
8017,15601,156
8017,15601,156
8017,15601,156
8017,15601,156
8017,15601,156
8017,15601,156
8017,15601,156
8017,15601,156
8017,15601,156
8017,15601,156
8017,15601,156
8017,15601,156
8017,15601,156
8017,15601,156
8017,15601,156
8017,15601,156
8017,15601,156
8017,15601,156
8017,15601,156
8017,15601,156
8017,15601,156
8017,15601,156
8017,15601,156
8017,15601,156
8017,15601,156
8017,15601,156
8017,15601,156
8017,15601,156
8017,15601,156
8017,15601,156
8017,15601,156
8017,15601,156
8017,15601,156
8017,15601,156
8017,15601,156
8017,15601,156
8017,15601,156
8017,15601,156
8017,15601,156
8017,15601,156
8017,15601,156
8017,15601,156
8017,15601,156
8017,15601,156
8017,15601,156
8017,15602,156
8017,15602,156
8017,15602,156
8017,15602,156
8017,15602,156
8017,15602,156
8017,15602,156
8017,15602,156
8017,15602,156
8017,15602,156
8017,15602,156
8017,15602,156
8017,15602,156
8017,15602,156
8017,15602,156
8017,15602,156
8017,15602,156
8017,15602,156
8017,15609,156
8017,15609,156
8017,15609,156
8017,15609,156
8017,15609,156
8017,15609,156
8017,15609,156
8017,15609,156
8017,15609,156
8017,15609,156
8017,15609,156
8017,15609,156
8215,18887,156
8215,18887,156
8215,18887,156
8215,18887,156
8215,18887,156
8215,18887,156
8215,18887,156
8215,18887,156
8215,18887,156
8215,18887,156
8215,18887,156
8215,18887,156
8215,18887,156
8215,18887,156
8215,18887,156
8215,18888,156
8882,9906,156
8882,9906,156
8882,9906,156
8882,9906,156
8882,9906,156
8882,9906,156
8882,9906,156
8882,9906,156
8882,9906,156
8882,9906,156
8882,9906,156
8882,9906,156
8882,9906,156
8882,9906,156
8882,9906,156
8882,9906,156
8882,9906,156
8882,9906,156
8882,9906,156
8882,9906,156
8882,12096,156
8882,14362,156
8882,14362,156
8882,14362,156
8882,14362,156
8882,17888,156
8882,17888,156
8882,17888,156
8882,17888,156
8882,17888,156
8882,17888,156
8882,17888,156
8882,17888,156
8882,17888,156
8882,17888,156
8882,17888,156
8882,17888,156
8882,23623,156
8882,23623,156
8882,23623,156
8882,23623,156
8882,23623,156
8882,23623,156
8882,23623,156
8882,23623,156
8882,23623,156
8882,23623,156
8882,23623,156
8882,23623,156
8882,23623,156
8882,23623,156
8882,23623,156
8882,23624,156
8941,1408,156
8941,1408,156
8941,1408,156
8941,1408,156
8941,1408,156
8941,1408,156
8941,1408,156
8941,1408,156
8941,1408,156
8941,1408,156
8941,1408,156
8941,1408,156
8941,1408,156
8941,1408,156
8941,1408,156
8941,1408,156
8941,1408,156
8941,1408,156
8941,1408,156
8941,1408,156
8941,1408,156
8941,1408,156
8941,1408,156
8941,1408,156
8941,1408,156
8941,1408,156
8941,16795,156
8941,16795,156
8941,16795,156
8941,16795,156
8941,16795,156
10851,7607,156
10851,7751,156
10851,8236,156
7577,9766,157
7765,11101,157
8017,3258,157
8017,3258,157
8017,3258,157
8017,3258,157
8017,3258,157
8017,3258,157
8017,3258,157
8017,3258,157
8017,3258,157
8017,3258,157
8017,3258,157
8017,3258,157
8017,3258,157
8017,3258,157
8017,3258,157
8017,3258,157
8017,3258,157
8017,3258,157
8017,3258,157
8017,3258,157
8017,3258,157
8017,3258,157
8017,3258,157
8017,3258,157
8017,3258,157
8017,3258,157
8017,3258,157
8017,3258,157
8017,3258,157
8017,3258,157
8017,3258,157
8017,3258,157
8017,3258,157
8017,3258,157
8017,3258,157
8017,12096,157
8017,15597,157
8017,15600,157
8017,15601,157
8017,15601,157
8017,15601,157
8017,15601,157
8017,15601,157
8017,15601,157
8017,15601,157
8017,15601,157
8017,15601,157
8017,15601,157
8017,15601,157
8017,15601,157
8017,15601,157
8017,15601,157
8017,15601,157
8017,15601,157
8017,15601,157
8017,15601,157
8017,15601,157
8017,15601,157
8017,15601,157
8017,15601,157
8017,15601,157
8017,15601,157
8017,15601,157
8017,15601,157
8017,15601,157
8017,15602,157
8017,15602,157
8017,15602,157
8017,15602,157
8017,15602,157
8017,15602,157
8017,15602,157
8017,15602,157
8017,15602,157
8017,15602,157
8017,15602,157
8017,15602,157
8017,15602,157
8017,15602,157
8017,15602,157
8017,15602,157
8017,15602,157
8017,15602,157
8017,15609,157
8017,15609,157
8017,15609,157
8017,15609,157
8017,15609,157
8017,15609,157
8017,15609,157
8017,15609,157
8215,14096,157
8215,14099,157
8215,14100,157
8215,18887,157
8215,18887,157
8215,18887,157
8215,21614,157
8274,18912,157
8274,20284,157
8274,20284,157
8274,20284,157
8274,20284,157
8274,20284,157
8274,20284,157
8274,20284,157
8274,20284,157
8274,20284,157
8274,20284,157
8274,20284,157
8274,20284,157
8274,20284,157
8274,20284,157
8274,20284,157
8274,20284,157
8274,20284,157
8274,25411,157
8882,9906,157
8882,9906,157
8882,9906,157
8882,9906,157
8882,9906,157
8882,9906,157
8882,9906,157
8882,9906,157
8882,9906,157
8882,9906,157
8882,9906,157
8882,9906,157
8882,9906,157
8882,9906,157
8882,9906,157
8882,9906,157
8882,9906,157
8882,9906,157
8882,9906,157
8882,9906,157
8882,9906,157
8882,9906,157
8882,9906,157
8882,9906,157
8882,9906,157
8882,9906,157
8882,9906,157
8882,9906,157
8882,9906,157
8882,12096,157
8882,12096,157
8882,23887,157
10139,8235,157
8017,15597,158
8017,15600,158
8017,15601,158
8017,15601,158
8017,15601,158
8017,15601,158
8017,15601,158
8017,15601,158
8017,15601,158
8017,15601,158
8017,15601,158
8017,15601,158
8017,15601,158
8017,15601,158
8017,15601,158
8017,15601,158
8017,15601,158
8017,15601,158
8017,15601,158
8017,15601,158
8017,15601,158
8017,15601,158
8017,15601,158
8017,15601,158
8017,15601,158
8017,15601,158
8017,15601,158
8017,15601,158
8017,15601,158
8017,15602,158
8017,15602,158
8017,15602,158
8017,15602,158
8017,15602,158
8017,15602,158
8017,15602,158
8017,15602,158
8017,15602,158
8017,15602,158
8017,15602,158
8017,15602,158
8017,15602,158
8017,15602,158
8017,15602,158
8017,15602,158
8017,15602,158
8017,15602,158
8017,15609,158
8017,15609,158
8017,15609,158
8017,15609,158
8017,15609,158
8017,15609,158
8017,15609,158
8017,15609,158
8215,21614,158
8274,20284,158
8274,20284,158
8274,20284,158
8274,20284,158
8274,20284,158
8274,20284,158
8882,9904,158
8882,9904,158
8882,9904,158
8882,9904,158
8882,9904,158
8882,9904,158
8882,9904,158
8882,9904,158
8882,9904,158
8882,9904,158
8882,9904,158
8882,9904,158
8882,9904,158
8882,9904,158
8882,9904,158
8882,9904,158
8882,9906,158
8882,12096,158
8882,23623,158
8941,1406,158
8941,1406,158
8941,1406,158
8941,1406,158
8941,1406,158
8017,11101,159
8215,14100,159
8882,16811,159
8882,16811,159
8882,16811,159
8882,16811,159
8882,16811,159
8882,16811,159
8882,16811,159
11237,8215,159
2405,7765,160
2405,7863,160
2405,8274,160
7577,11443,160
8882,16811,160
8882,16811,160
8882,16811,160
8882,16811,160
8882,16811,160
8882,16811,160
8882,16811,160
8941,1406,160
8941,1406,160
8941,1406,160
8941,1406,160
8941,1406,160
8941,1406,160
8941,1406,160
8941,1406,160
8941,1406,160
8941,1406,160
8941,1406,160
8941,1406,160
8941,1406,160
8941,1406,160
8941,1406,160
8941,1406,160
8941,1406,160
8941,1406,160
8941,1406,160
8941,1406,160
8941,1406,160
8941,1406,160
8941,1407,160
8941,1407,160
8941,1407,160
8941,1407,160
8941,1407,160
8941,1407,160
8941,1407,160
8941,1407,160
8941,1407,160
8941,1407,160
8941,1407,160
8941,1407,160
8941,1407,160
8941,1407,160
8941,1407,160
8941,1407,160
8941,1407,160
8941,1407,160
8941,1407,160
8941,1407,160
8941,1407,160
8941,1407,160
8941,1407,160
8941,1407,160
8941,1407,160
8941,1407,160
8941,1407,160
11443,8215,160
7706,11443,161
8236,2538,161
8236,10658,161
8236,11101,161
8236,11237,161
8236,11443,161
8274,1897,161
8274,1897,161
8882,16811,161
8882,16811,161
8882,16811,161
8882,16811,161
8882,16811,161
8882,16811,161
8882,16811,161
8941,1407,161
8941,1407,161
8941,1407,161
8941,1407,161
8941,1407,161
8941,1407,161
8941,1407,161
8941,1407,161
8941,1407,161
8941,1407,161
8941,1407,161
8941,1407,161
8941,1407,161
8941,1407,161
8941,1407,161
8941,1407,161
8941,1407,161
8941,1406,162
8941,1406,162
8941,1406,162
8941,1406,162
8941,1406,162
8941,11613,162
9763,9764,162
7577,11394,163
7751,11443,163
8117,11394,163
8235,11101,163
8274,1979,163
8274,1979,163
8274,1979,163
8274,1979,163
8274,11101,163
8274,11237,163
8274,11394,163
8882,14427,163
8941,1406,163
8941,1406,163
8941,1406,163
8941,1406,163
8941,1406,163
8941,1406,163
8962,22601,163
11394,7607,163
11394,8117,163
8117,11443,164
8215,11443,164
8274,11443,164
2538,7706,165
2538,7751,165
2538,7897,165
2538,8017,165
2538,8117,165
2538,8215,165
2538,8235,165
2538,8236,165
2538,8274,165
7577,2538,165
7751,11101,165
8117,2538,165
8215,10658,165
8882,4398,165
8882,4398,165
8882,4398,165
8882,4398,165
8882,4398,165
8882,4398,165
8882,4398,165
8882,4398,165
8882,16811,165
8882,16811,165
8882,16811,165
8882,16811,165
8882,16811,165
8882,16811,165
8882,16811,165
11237,8274,165
7577,10215,166
8117,10215,166
8274,1979,166
8274,1979,166
8274,1979,166
8274,1979,166
8274,1979,166
8274,1979,166
8274,1979,166
8274,1979,166
8274,1979,166
8274,1979,166
8274,1979,166
8274,1979,166
8274,1979,166
8274,10658,166
8882,23983,166
8882,23983,166
8882,23983,166
8882,23983,166
8882,23983,166
8882,23983,166
8941,1406,166
8941,1406,166
8941,1406,166
8941,1406,166
8941,1406,166
8941,1406,166
8941,1406,166
8941,1406,166
8941,1406,166
8941,1406,166
8941,1406,166
8941,1406,166
8941,1406,166
8941,1406,166
8941,1406,166
8941,1406,166
8941,1406,166
8941,1406,166
8941,1406,166
8941,18313,166
8941,18313,166
8941,18313,166
8941,18313,166
8941,18313,166
8941,18313,166
8941,18313,166
8941,18313,166
8941,18313,166
8941,18313,166
8941,18313,166
8941,18313,166
8941,18313,166
8941,18313,166
8941,18313,166
8941,18313,166
8941,18313,166
8941,18313,166
8941,18313,166
10215,8117,166
8274,2077,167
8274,2077,167
8274,2077,167
8274,2077,167
8274,2077,167
8274,2077,167
8274,2077,167
8274,2077,167
8274,2077,167
8274,2077,167
8274,2077,167
8274,2077,167
8274,2077,167
8274,2077,167
8274,2077,167
8274,4353,167
8274,13556,167
8274,13556,167
8274,13556,167
8274,13556,167
8274,13556,167
8274,13556,167
8274,13556,167
8274,13556,167
8274,13556,167
8274,13556,167
8274,13556,167
8274,13556,167
8777,3396,167
8777,3396,167
8777,3396,167
8777,3396,167
8777,3403,167
8777,3403,167
8777,3403,167
8777,3403,167
8777,3403,167
8777,3403,167
8777,3403,167
8777,3403,167
8777,3403,167
8777,3403,167
8777,3403,167
8882,23983,167
8882,23983,167
8882,23983,167
8882,23983,167
8882,23983,167
10215,7897,167
8274,16837,168
8274,21636,168
8274,21638,168
8274,21646,168
8274,21646,168
8274,21646,168
8274,21646,168
8274,21646,168
8274,21646,168
8274,21646,168
8274,21646,168
8274,21646,168
8274,21646,168
8274,21646,168
8274,21646,168
8274,21646,168
8274,21646,168
8274,21646,168
8274,21646,168
8274,21650,168
8274,21653,168
8941,1406,168
8941,1406,168
8941,1406,168
8941,1406,168
8941,1406,168
8941,1406,168
8941,1406,168
8941,1406,168
8941,1406,168
8941,1406,168
8941,1406,168
8941,1406,168
8941,1406,168
8941,1406,168
8941,1406,168
8941,1406,168
8941,1406,168
8941,1406,168
8941,1406,168
8941,1406,168
8941,1406,168
8941,1406,168
8941,1406,168
8941,1406,168
8941,1406,168
8941,1406,168
8941,1406,168
8941,1406,168
8941,1406,168
8941,1406,168
8941,1406,168
8941,1406,168
8941,1406,168
8941,1406,168
8941,1406,168
8941,1406,168
8941,1406,168
8941,1406,168
8941,1406,168
8941,1406,168
8941,1406,168
8941,1406,168
8941,1406,168
8941,1406,168
8274,14502,169
8274,14502,169
8274,14502,169
8274,14502,169
8274,14502,169
8274,14502,169
8274,14502,169
8274,14502,169
8777,3396,169
8777,3403,169
8777,3403,169
8777,3403,169
8777,3403,169
8777,3403,169
8777,3403,169
8777,3403,169
8777,3403,169
8777,3403,169
8777,3403,169
8777,3403,169
8777,3403,169
8882,23983,169
8882,23983,169
8882,23983,169
8882,23983,169
8882,23983,169
8882,23983,169
8941,18313,169
8941,18313,169
8941,18313,169
8941,18313,169
8941,18313,169
8941,18313,169
8941,18313,169
8941,18313,169
8941,18313,169
8941,18313,169
8941,18313,169
8941,18313,169
8941,18313,169
8941,18313,169
8941,18313,169
8941,18313,169
8941,18313,169
8941,18313,169
8941,18313,169
8941,18313,169
8941,18313,169
8941,18313,169
8941,18313,169
8941,18313,169
8941,18313,169
8941,18313,169
8941,18313,169
8941,18313,169
8941,18313,169
8941,18313,169
8941,18313,169
8941,18313,169
8941,18313,169
8941,18313,169
8941,18313,169
8941,18313,169
8941,18313,169
8941,18313,169
8941,18313,169
8941,18313,169
8941,18313,169
8941,18313,169
8941,18313,169
8941,18313,169
8941,18313,169
8941,18313,169
8941,18313,169
8941,18313,169
8941,18313,169
8941,18313,169
8941,18313,169
8941,18313,169
8941,18313,169
8941,18313,169
8941,18313,169
8941,18313,169
8941,18313,169
8941,18313,169
8941,18313,169
8941,18313,169
8941,18313,169
8941,18313,169
8941,18313,169
8941,18313,169
8941,18313,169
8941,18313,169
8941,18313,169
8941,18313,169
8941,18313,169
8941,18313,169
8941,18313,169
8941,18313,169
7706,2538,170
7706,10215,170
7706,11394,170
8274,14502,170
8274,16695,170
8274,16695,170
8274,16695,170
8274,16695,170
8274,16695,170
8274,16695,170
8274,16695,170
8777,3396,170
8777,3396,170
8777,3403,170
8777,3403,170
8777,3403,170
8777,3403,170
8777,3403,170
8777,3403,170
8777,3403,170
8777,3403,170
8777,3403,170
8777,3403,170
8777,3405,170
8777,11559,170
8777,11559,170
8882,14947,170
8882,14947,170
8882,14947,170
8882,14947,170
8882,14947,170
8882,14947,170
8882,14947,170
8882,14947,170
8882,14947,170
8882,14947,170
8882,14947,170
8882,14948,170
8941,14555,170
8941,14555,170
8941,14555,170
8941,14555,170
8941,14555,170
8941,14555,170
8941,14555,170
8941,18313,170
8941,18313,170
8941,18313,170
8941,18313,170
8941,18313,170
8941,18313,170
8941,18313,170
8941,18313,170
8941,18313,170
8941,18313,170
8941,18313,170
8941,18313,170
8941,18313,170
8941,18313,170
8941,18313,170
8941,18313,170
8941,18313,170
8941,18313,170
8941,18313,170
8941,18313,170
8941,18313,170
8941,18313,170
8941,18313,170
8941,18313,170
8941,18313,170
8941,18313,170
8941,18313,170
8941,18313,170
8941,18313,170
8941,18313,170
8941,18313,170
8941,18313,170
8941,18313,170
8941,18313,170
8941,18313,170
8941,18313,170
8941,18313,170
8941,18313,170
8941,18313,170
8941,18313,170
8941,18313,170
8941,18313,170
8941,18313,170
8941,18313,170
8941,18313,170
8941,18313,170
8941,18313,170
8941,18313,170
8941,18313,170
8941,18313,170
8941,18313,170
8941,18313,170
8941,18313,170
8941,18313,170
8941,18313,170
8941,18313,170
8941,18313,170
8941,18313,170
8941,18313,170
8941,18313,170
8941,18313,170
8941,18313,170
8941,18313,170
9765,7577,170
10215,8215,170
8777,3396,171
8777,3403,171
8777,3403,171
8777,3403,171
8777,3403,171
8777,3403,171
8777,3403,171
8777,3403,171
8777,3403,171
8777,3403,171
8777,3403,171
8777,3403,171
8777,3403,171
8882,19911,171
8882,19911,171
8882,19911,171
8882,19911,171
8882,19911,171
8882,19911,171
8882,19911,171
8882,19911,171
8882,19911,171
8882,19911,171
8882,19911,171
8882,19911,171
8882,19911,171
8882,19911,171
8882,19911,171
7577,9765,172
8882,4670,172
8882,4670,172
8882,4670,172
8882,4670,172
8882,4670,172
8882,4670,172
8882,4670,172
8882,4670,172
8882,4670,172
8882,4670,172
8882,4670,172
8882,4670,172
8882,4670,172
8882,4670,172
8882,4670,172
8882,4670,172
8882,4670,172
8882,4670,172
8882,4670,172
8882,4670,172
8882,4670,172
8882,4670,172
8882,4670,172
8882,4670,172
8882,4670,172
8882,4670,172
8882,4670,172
8882,4670,172
8882,4679,172
8882,23815,172
9763,9764,172
7577,9766,173
8882,4670,173
8882,4670,173
8882,4670,173
8882,4670,173
8882,4670,173
8882,4670,173
8882,4670,173
8882,4670,173
8882,4670,173
8882,4670,173
8941,14555,173
8941,18535,173
8941,23863,173
8941,23863,173
8941,23863,173
8941,23863,173
8941,23863,173
8941,23863,173
8941,23863,173
8941,23863,173
8941,23863,173
8941,23863,173
8941,23863,173
8941,23863,173
8941,23863,173
8941,23863,173
8941,23863,173
8941,23863,173
8941,23863,173
8941,23863,173
8941,23863,173
8941,23863,173
8941,23863,173
8941,23863,173
8941,23863,173
8941,23863,173
8941,23863,173
8941,23863,173
8941,23863,173
8941,23863,173
8941,23863,173
8941,23863,173
8941,23863,173
8941,23863,173
8941,23863,173
2538,7918,174
7607,10215,174
8941,18535,174
8941,18535,174
8941,18535,174
8941,18535,174
8941,18535,174
8941,23863,174
8941,23863,174
8941,23863,174
8941,23863,174
8941,23863,174
8941,23863,174
8941,23863,174
8941,23863,174
8941,23863,174
8941,23863,174
8941,23863,174
8941,23863,174
8941,23863,174
8941,23863,174
8941,23863,174
8941,23863,174
8941,23863,174
8941,23863,174
8941,23863,174
8941,23863,174
8941,23863,174
8941,23863,174
8941,23863,174
8941,23863,174
8941,23863,174
8941,23863,174
8941,23863,174
8941,23863,174
11443,7706,174
11443,7863,174
11443,7897,174
11443,8236,174
11443,8236,174
8777,21136,175
8777,21136,175
8777,21136,175
8777,21136,175
8777,21136,175
8777,21136,175
8777,21136,175
8777,21136,175
8777,21136,175
8777,21136,175
8777,21136,175
8777,21136,175
8777,21136,175
8777,21136,175
8777,21136,175
8777,21136,175
8777,21136,175
8777,21136,175
8777,21136,175
8777,21136,175
8777,21136,175
8777,21136,175
8777,21136,175
8777,21136,175
8777,21136,175
8777,21136,175
8777,21136,175
8777,21136,175
8777,21136,175
8777,21136,175
8777,21136,175
8777,21136,175
8777,21136,175
8777,21136,175
8777,21136,175
8777,21136,175
8777,21136,175
8777,21136,175
8777,21136,175
8777,21136,175
8777,21136,175
8777,21136,175
8777,21136,175
8777,21136,175
8777,21136,175
8777,21136,175
8777,21136,175
8777,21136,175
8777,21136,175
8777,21136,175
8777,21136,175
8941,23863,175
8941,23863,175
8941,23863,175
8941,23863,175
8941,23863,175
8941,23863,175
8941,23863,175
8941,23863,175
8941,23863,175
8941,23863,175
8941,23863,175
8941,23863,175
8941,23863,175
8941,23863,175
8941,23863,175
8941,23863,175
8941,23863,175
8941,23863,175
8941,23863,175
8941,23863,175
8941,23863,175
8941,23863,175
8941,23863,175
8941,23863,175
8941,23863,175
8941,23863,175
8941,23863,175
8941,23863,175
8941,23863,175
8941,23863,175
8941,23863,175
8941,23863,175
8941,23863,175
8941,23863,175
8941,23863,175
8941,23863,175
8941,23863,175
8941,23863,175
8941,23863,175
8941,23863,175
8941,23863,175
8941,23863,175
8941,23863,175
8941,23863,175
8941,23863,175
8941,23863,175
8941,23863,175
8941,23863,175
2405,7706,176
2405,7765,176
2405,7897,176
2405,8235,176
2405,8236,176
2405,8274,176
7577,2405,176
8882,4670,176
8882,4670,176
8882,4670,176
8882,4670,176
8882,4670,176
8882,4670,176
8941,23863,176
8941,23863,176
8941,23863,176
8941,23863,176
8941,23863,176
8941,23863,176
8941,23863,176
8941,23863,176
10851,7607,176
10851,7751,176
7577,11443,177
11443,7607,177
11443,7706,177
11443,8235,177
7765,2405,178
8556,22601,178
8882,4669,178
8882,4670,178
8882,4670,178
8882,4670,178
8882,4670,178
8882,4676,178
8941,13531,178
8941,13531,178
8941,13531,178
8941,23863,178
8941,23863,178
8941,23863,178
8941,23863,178
8941,23863,178
8941,23863,178
8941,23863,178
8941,23863,178
7918,18535,179
8235,10658,179
8235,12096,179
8235,12096,179
8235,12096,179
8235,12096,179
8235,14366,179
8235,14366,179
8235,14366,179
8235,14366,179
8777,21136,179
8777,21136,179
8777,21136,179
8777,21136,179
8777,21136,179
8777,21136,179
8777,21136,179
8777,21136,179
8777,21136,179
8777,21136,179
8777,21136,179
8777,21136,179
8777,21136,179
8777,21136,179
8882,15855,179
8882,24244,179
8882,24824,179
8882,24824,179
8882,24824,179
8882,24824,179
8882,24824,179
8882,24824,179
8882,24824,179
8882,24824,179
8941,23863,179
8941,23863,179
8941,23863,179
8941,23863,179
8941,23863,179
8941,23863,179
8941,23863,179
8941,23863,179
8941,23863,179
8941,23863,179
8941,23863,179
8941,23863,179
8941,23863,179
8941,23863,179
8941,23863,179
8941,23863,179
8941,23863,179
8941,23863,179
8941,23863,179
8941,23863,179
7607,10215,180
8235,11394,180
8777,18142,180
8777,18142,180
8777,18142,180
8777,18142,180
8777,18142,180
8777,18142,180
8777,18142,180
8777,18142,180
8777,18142,180
8777,18142,180
8777,18142,180
8777,18142,180
8777,18142,180
8777,18142,180
8777,18142,180
8777,18142,180
8777,18142,180
8777,18142,180
8777,18142,180
8777,18142,180
8777,18142,180
8777,21136,180
8235,14369,181
8235,14373,181
7897,12096,182
7897,12096,182
7897,12096,182
7897,12096,182
7897,12096,182
7897,14366,182
7897,14366,182
7897,14366,182
7897,14366,182
7897,16837,182
7897,16837,182
7897,18551,182
7897,18551,182
7897,18551,182
7897,18551,182
7897,18551,182
7897,18551,182
7897,18551,182
7897,18551,182
7897,18551,182
7897,18551,182
7897,18551,182
7897,18551,182
7897,18551,182
7897,18551,182
7897,18551,182
7897,18551,182
7897,18551,182
7897,18551,182
7897,18551,182
7897,21648,182
7897,21648,182
7897,21648,182
7897,21648,182
7897,21648,182
8235,11101,182
8235,18551,182
8235,18551,182
8235,18551,182
8235,18551,182
8235,18551,182
8235,18551,182
8235,18551,182
8235,18551,182
8235,18551,182
8235,18551,182
8235,18551,182
8235,18551,182
8235,18551,182
8235,18551,182
8235,18551,182
8235,18551,182
8235,18551,182
8235,18551,182
9763,9764,182
7751,10658,183
7897,12096,183
7897,12096,183
7897,12096,183
7897,12096,183
7897,14366,183
7897,14366,183
7897,14366,183
7897,14366,183
8962,22652,183
8962,22652,183
8962,22652,183
8962,22652,183
8962,22652,183
8962,22652,183
8962,22652,183
8962,22652,183
8962,22652,183
8962,22652,183
8962,22652,183
8962,22652,183
8962,22652,183
8962,22652,183
8962,22652,183
8962,22652,183
8962,22652,183
8962,22652,183
8962,22652,183
8962,22652,183
8962,22652,183
8962,22652,183
8962,22652,183
8962,22652,183
8962,22652,183
8962,22652,183
8962,22652,183
8962,22652,183
8962,22652,183
8962,22652,183
8962,22652,183
7751,11101,184
7897,14366,184
8235,18551,184
8235,18551,184
8235,18551,184
8235,18551,184
8962,13934,184
8962,21136,184
8962,21136,184
8962,21136,184
8962,21136,184
8962,21136,184
8962,21136,184
8962,21136,184
8962,21136,184
8962,21136,184
8962,21136,184
8962,21136,184
8962,21136,184
8962,21136,184
8962,21136,184
8962,21136,184
8962,21136,184
8962,21136,184
8962,21136,184
8962,21136,184
8962,21136,184
8962,21136,184
8962,21136,184
8962,21136,184
8962,21136,184
8962,21136,184
8962,21136,184
8962,21136,184
8962,21136,184
8962,21136,184
8962,21136,184
8962,21136,184
8962,21136,184
8962,21136,184
8962,21136,184
8962,21136,184
8962,21136,184
8962,21136,184
8962,21136,184
8962,21136,184
8962,21136,184
8962,21136,184
8962,21136,184
8962,21136,184
8962,21136,184
8962,21136,184
8962,21136,184
8962,21136,184
8962,21136,184
8962,21136,184
8962,21136,184
8962,21136,184
8962,21136,184
8962,21136,184
8962,21136,184
8962,21136,184
8962,21136,184
8962,21136,184
8962,21136,184
8962,21136,184
8962,21136,184
8962,21136,184
8962,21136,184
8962,21136,184
7897,18535,185
7897,22601,185
7918,10658,185
8235,4670,185
8235,4670,185
8235,4670,185
8235,4670,185
8235,4670,185
8235,4670,185
8235,4670,185
8235,4670,185
8235,18551,185
8235,18551,185
8235,18551,185
8235,18551,185
8235,18551,185
8235,18551,185
8235,18551,185
8235,18551,185
8235,18551,185
8235,18551,185
8235,18551,185
8235,18551,185
8235,18551,185
8235,18551,185
8235,18551,185
8235,18551,185
8235,18551,185
8235,18551,185
8962,13934,185
8962,14085,185
8962,14085,185
8962,14085,185
8962,14085,185
8962,14085,185
8962,14085,185
8962,14085,185
7577,10658,186
7897,4670,186
7897,4670,186
7897,4670,186
7897,4670,186
7897,4670,186
7897,4670,186
7897,4670,186
7897,4670,186
7897,4670,186
7897,4670,186
7897,4670,186
7897,4670,186
7897,4670,186
7897,4670,186
7897,4670,186
7897,4670,186
7897,4670,186
7897,4670,186
7897,4670,186
7897,4670,186
7897,4670,186
7897,4670,186
7897,4670,186
7897,4670,186
7897,4670,186
7897,4670,186
7897,4670,186
7897,4670,186
7897,4670,186
7897,4670,186
7897,4670,186
7897,4670,186
7897,4670,186
7897,4670,186
7897,4670,186
7897,4670,186
7897,4670,186
7897,4670,186
7897,4670,186
7897,4670,186
8235,4670,186
8235,4670,186
8235,4670,186
8235,4670,186
8235,4670,186
8235,4670,186
8235,4670,186
8235,4670,186
8235,4670,186
8235,4670,186
8235,4670,186
8235,4670,186
8235,4670,186
8235,4670,186
8235,4670,186
8235,4670,186
8235,4670,186
8235,4670,186
8235,4670,186
8235,4670,186
8235,4670,186
8235,4670,186
8235,4670,186
8235,4670,186
8235,4670,186
8235,4670,186
8235,4670,186
8235,4670,186
8235,4670,186
8235,4670,186
8235,4670,186
8235,4670,186
8235,14491,186
8235,14491,186
8235,14491,186
8235,14491,186
8235,14491,186
8235,14491,186
8235,14491,186
8235,14491,186
8235,14491,186
8235,14491,186
8235,14491,186
8235,14491,186
8235,14491,186
8235,14491,186
8235,14491,186
8235,14491,186
8962,18535,186
9765,7577,186
10658,8215,186
7577,9765,187
7577,9766,187
7577,10215,187
8962,16934,187
8962,16934,187
8962,16934,187
8962,16934,187
8962,16934,187
8962,16934,187
8962,16934,187
8962,16934,187
8962,16934,187
8962,16934,187
8962,16934,187
8962,16934,187
8962,16934,187
8962,18535,187
8962,18535,187
8962,18535,187
8962,18535,187
8962,19475,187
8962,19475,187
8962,19475,187
8962,19475,187
8962,19475,187
8962,19475,187
8962,19478,187
8962,19478,187
8962,19478,187
10215,8215,187
10658,8215,187
10851,8215,187
7897,4670,188
8962,23089,188
8962,23089,188
8962,23089,188
8962,23089,188
8962,23089,188
8962,23089,188
8962,23089,188
8962,23089,188
8962,23089,188
8962,23089,188
8962,23089,188
8962,23089,188
8962,23089,188
8962,23089,188
8962,23089,188
8962,23089,188
8962,23089,188
8962,23089,188
8962,23089,188
7897,12618,189
7897,12618,189
7897,14366,189
8017,11101,189
8235,14491,189
8235,14491,189
8235,14491,189
8235,14491,189
8235,14491,189
8235,14491,189
8235,14491,189
8235,14491,189
8235,14491,189
8235,14491,189
8235,14491,189
8235,14491,189
8235,14491,189
8235,14491,189
8235,14491,189
8235,14491,189
8235,18551,189
8235,18551,189
8235,18551,189
8235,18551,189
8235,18551,189
8235,18551,189
8235,18551,189
8235,18551,189
8235,18551,189
8235,18551,189
8235,18551,189
8235,18551,189
8235,18551,189
8235,18551,189
8235,18551,189
8235,18551,189
8235,18551,189
8235,18551,189
8962,23089,189
8962,23089,189
8962,23089,189
8962,23089,189
8962,23089,189
8962,23089,189
8962,23089,189
8962,23089,189
8962,23089,189
8962,23089,189
8962,23089,189
8962,23089,189
8962,23089,189
8962,23089,189
8962,23089,189
8962,23089,189
8962,23089,189
8962,23089,189
8962,23089,189
8962,23089,189
7897,14555,190
7897,14555,190
7897,14555,190
7897,14555,190
7897,14555,190
7897,14555,190
7897,14555,190
8235,19400,191
8962,4670,191
8962,4670,191
8962,4670,191
8962,4670,191
8962,4670,191
8962,4670,191
8962,4670,191
8962,4670,191
8962,4670,191
8962,4670,191
8962,4670,191
8962,4670,191
8962,4670,191
8962,4670,191
8962,4670,191
8962,4670,191
8962,4670,191
8962,4670,191
8962,4670,191
8962,4670,191
8962,4670,191
8962,4670,191
8962,4670,191
8962,4670,191
8962,4670,191
8962,4670,191
8962,4670,191
8962,4670,191
8962,4670,191
8962,4670,191
8962,4670,191
8962,4670,191
8962,4670,191
8962,4670,191
8962,4670,191
8962,4670,191
8962,4670,191
8962,4670,191
8962,4670,191
8962,4670,191
8962,4670,191
8962,4670,191
8962,4670,191
8962,4670,191
8962,4670,191
8962,4670,191
8962,4670,191
8962,4670,191
9763,9764,191
10851,8235,191
8235,12080,192
8235,12080,192
8235,12080,192
8235,12080,192
8235,12080,192
8235,12080,192
8235,12080,192
8235,12080,192
8235,12080,192
8235,12080,192
8235,12080,192
8235,12080,192
8235,12080,192
8235,12080,192
8235,12080,192
8235,12080,192
8235,12080,192
8235,12080,192
8235,12080,192
8235,12080,192
8235,12080,192
8235,12080,192
8235,12080,192
8235,12080,192
8235,12080,192
8235,12080,192
8235,12080,192
8235,12080,192
8235,12080,192
8235,12080,192
8235,12080,192
8235,12080,192
8235,12080,192
8235,12080,192
8235,12080,192
8235,12080,192
8235,12080,192
8235,12080,192
10851,8215,192
7897,1760,193
7897,1760,193
7897,1760,193
7897,1760,193
7897,1760,193
7897,1760,193
7897,1760,193
7897,1760,193
7897,1760,193
7897,1760,193
7897,1760,193
7897,1760,193
7897,1760,193
7897,1761,193
7897,1761,193
7897,1761,193
7897,1761,193
7897,1761,193
7897,1761,193
7897,1761,193
7897,1761,193
7897,1761,193
7897,1761,193
7897,1761,193
7897,1761,193
7897,1761,193
7897,1761,193
7897,1761,193
7897,1761,193
7897,1761,193
7897,1761,193
7897,1761,193
7897,1761,193
7897,1761,193
7897,1761,193
7897,1761,193
7897,1761,193
7897,1761,193
7897,1761,193
7897,1761,193
7897,1761,193
7897,1761,193
7897,1761,193
7897,1761,193
7897,1761,193
7897,1761,193
7897,1761,193
7897,1761,193
7897,1761,193
7897,1761,193
7897,1761,193
7897,1761,193
7897,1761,193
7897,1761,193
7897,1761,193
7897,1761,193
7897,1761,193
7897,1761,193
7897,1761,193
7897,1761,193
7897,1761,193
7897,1761,193
7897,1761,193
7897,1761,193
7897,1761,193
7897,1762,193
7897,14555,193
7897,19791,193
8235,16838,193
8235,16838,193
8235,16838,193
8235,16838,193
8235,16838,193
8235,16838,193
8235,16838,193
8235,16838,193
8235,16838,193
8235,16838,193
8235,16838,193
8235,16838,193
8235,16838,193
8235,16838,193
8235,16838,193
8235,16841,193
8235,16844,193
8235,16845,193
8235,21636,193
7918,11101,194
8235,13640,194
8235,13640,194
8235,13640,194
8235,13640,194
8235,13640,194
8235,13640,194
8235,13640,194
8235,13640,194
8235,13640,194
8235,13640,194
8235,13640,194
8235,13640,194
8236,11443,194
8274,11443,194
7577,11101,195
7751,2405,195
7751,2538,195
7751,10215,195
7751,11101,195
7751,11237,195
7897,21359,195
7897,21359,195
7918,2405,195
7918,2538,195
7918,10215,195
7918,11443,195
8235,11443,195
11101,7897,195
7897,21359,196
7897,21359,196
8215,4670,196
8215,4670,196
8215,4670,196
8215,4670,196
8215,4670,196
8215,4670,196
8215,4670,196
8215,4670,196
8215,4670,196
8215,4670,196
8215,4670,196
8215,4670,196
8215,4670,196
8215,4670,196
8215,4670,196
8215,4670,196
8215,4670,196
8215,4670,196
8215,4670,196
8215,4670,196
8215,4670,196
8215,4670,196
8215,4670,196
8215,4670,196
8215,4670,196
8215,4670,196
8215,4670,196
8215,4670,196
8215,4670,196
8215,4670,196
8215,4670,196
8215,4670,196
8215,4670,196
8215,4670,196
8215,4670,196
8215,4670,196
8215,4670,196
8215,4670,196
8215,4670,196
8215,4670,196
8215,4670,196
8235,21666,196
8235,21666,196
8235,21666,196
8235,21666,196
8235,21666,196
8235,21666,196
8235,21666,196
8235,21666,196
8235,21666,196
8235,21666,196
8235,21666,196
8235,21666,196
8235,21666,196
8235,21666,196
8235,21666,196
8235,21666,196
8235,21666,196
8235,18432,197
8235,18432,197
8235,18432,197
8235,18432,197
8235,18432,197
8235,18432,197
8235,18432,197
8235,18432,197
8235,18432,197
8235,18432,197
8235,18432,197
8235,18432,197
8235,18432,197
8235,18432,197
8235,18432,197
8235,18432,197
8235,18433,197
8215,4670,198
8215,4670,198
8215,4670,198
8215,4670,198
8215,4670,198
8215,4670,198
8215,4670,198
8215,4670,198
8215,4670,198
8215,4670,198
8215,4670,198
8215,4670,198
8215,4670,198
8215,4670,198
8215,4670,198
8215,4670,198
7897,17963,199
7897,17963,199
7897,17963,199
7897,22565,199
7897,22565,199
7897,22565,199
7897,22565,199
7897,22565,199
7897,22565,199
7897,17963,200
7897,17963,200
7897,17963,200
7897,22565,200
7897,22565,200
7897,22565,200
7897,22565,200
7897,22565,200
7897,22565,200
8215,3396,200
8215,3396,200
8215,3396,200
8215,3396,200
8215,3396,200
8215,3403,200
8215,3403,200
8215,3403,200
8215,3403,200
8215,3403,200
8215,3403,200
8215,3403,200
8215,3403,200
8215,3403,200
8215,3403,200
8215,3403,200
8215,3403,200
8215,3403,200
8215,3403,200
8215,3403,200
8215,3403,200
8215,3403,200
8215,3403,200
8215,3403,200
8215,3403,200
8215,3403,200
8215,3403,200
8215,4670,200
8215,4670,200
8215,4670,200
8215,4670,200
8215,4670,200
8215,4670,200
8215,4670,200
8215,4670,200
8215,4670,200
8215,4670,200
8215,4670,200
8215,4670,200
8215,4670,200
8215,4670,200
8215,4670,200
8215,4670,200
8215,4670,200
8215,4670,200
10658,7706,200
10658,8215,200
7577,11394,201
8117,11394,201
8235,2288,201
8235,2288,201
8235,2288,201
8235,2288,201
8235,2288,201
8235,2288,201
8235,2288,201
8235,2288,201
8235,2288,201
8235,2288,201
9763,9764,201
10139,8215,201
11394,8117,201
8215,18313,202
8215,18313,202
8215,18313,202
8215,18313,202
8215,18313,202
8215,18313,202
8215,18313,202
8215,18313,202
8215,18313,202
8215,18313,202
8215,18313,202
8215,18313,202
8215,18313,202
8215,18313,202
8215,18313,202
8215,18313,202
8215,18313,202
8215,18313,202
8215,18313,202
8235,2288,202
7577,9765,203
7577,9766,203
7577,10215,203
7706,11237,203
8235,18142,203
8235,18142,203
8235,18142,203
8235,18142,203
8235,18142,203
8235,18142,203
8235,18142,203
8235,18142,203
8235,18142,203
8235,18142,203
8235,18142,203
8235,18142,203
8235,18142,203
8235,18142,203
8235,18142,203
8235,18142,203
8235,18142,203
8235,18142,203
8235,18142,203
8235,18142,203
8235,18142,203
8235,18142,203
8235,18142,203
8235,18142,203
8235,18142,203
8235,18142,203
8235,18142,203
8235,18142,203
8235,18142,203
8235,18142,203
8235,18142,203
8235,18142,203
8235,18142,203
8235,18142,203
8235,18142,203
8235,18142,203
8235,18142,203
8235,18142,203
8235,18142,203
8235,18142,203
8235,18142,203
8235,18142,203
8235,18142,203
8235,18142,203
8235,18142,203
8235,18142,203
8235,18142,203
8235,18142,203
8235,18142,203
8235,18142,203
8235,18142,203
8235,18142,203
8235,18142,203
8235,18142,203
8235,18145,203
8235,18147,203
8235,18147,203
9765,7577,203
10215,8215,203
7577,11237,204
7607,11237,204
7863,11443,204
8215,18313,204
8215,18313,204
8215,18313,204
8215,18313,204
8215,18313,204
8215,18313,204
8215,18313,204
8215,18313,204
8215,18313,204
8215,18313,204
8215,18313,204
8215,18313,204
8215,18313,204
8215,18313,204
8215,18313,204
8215,18313,204
8215,18313,204
8215,18313,204
8215,18313,204
8215,18313,204
8215,18313,204
8215,18313,204
8215,18313,204
8215,18313,204
8235,14500,204
8235,18145,204
8235,18145,204
8235,18145,204
8235,18145,204
8235,18145,204
8235,18145,204
8235,18147,204
8235,18313,204
8235,18313,204
8235,18313,204
8235,18313,204
8235,18313,204
8235,18313,204
8235,18313,204
8235,18313,204
8235,18313,204
8235,18313,204
8235,18313,204
8235,18313,204
8235,18313,204
8235,18313,204
8235,18313,204
8235,18313,204
8235,18313,204
8235,18313,204
8235,18313,204
8235,18313,204
8235,18313,204
8235,18313,204
8235,18313,204
8235,18313,204
8235,18313,204
8235,18313,204
8235,18313,204
8235,18313,204
8235,18313,204
8235,18313,204
8235,18313,204
7607,11101,205
8117,10215,205
8117,11443,205
8215,18313,205
8215,18313,205
8215,18313,205
8215,18313,205
8215,18313,205
8215,18313,205
8215,18313,205
8215,18313,205
8215,18313,205
8215,18313,205
8215,18313,205
8215,18313,205
8215,18313,205
8215,18313,205
8215,18313,205
8215,18313,205
8215,18313,205
8215,18313,205
8215,18313,205
10215,8117,205
7897,17963,206
7897,22565,206
7897,22565,206
8215,18313,206
8215,18313,206
8215,18313,206
8215,18313,206
8215,18313,206
8215,18313,206
8215,18313,206
8215,18313,206
8215,18313,206
8215,18313,206
8215,18313,206
8235,18142,206
8235,18142,206
8235,18142,206
8235,18142,206
8235,18142,206
8235,18142,206
8235,18142,206
8235,18142,206
8235,18142,206
8235,18142,206
8235,18142,206
8235,18142,206
8235,18142,206
8235,18142,206
8235,18142,206
8235,18142,206
8235,18142,206
8235,18142,206
8235,18142,206
8235,18142,206
8235,18142,206
7577,10658,207
8017,12096,207
8017,12096,207
8017,12096,207
8017,12096,207
8017,12096,207
8017,14366,207
8017,14366,207
8017,14366,207
8017,14366,207
8017,25337,207
8017,25337,207
8017,25337,207
8017,25337,207
8017,25337,207
8017,25337,207
8017,25337,207
8017,25337,207
8215,2299,207
8215,2299,207
8215,2299,207
8215,2299,207
8215,18313,207
8215,18313,207
8215,18313,207
8215,18313,207
8215,18313,207
8215,18313,207
8215,18313,207
8215,18313,207
8215,18313,207
8215,18313,207
8215,18313,207
8215,18313,207
8215,18313,207
8215,18313,207
8215,18313,207
8215,18313,207
8236,2405,207
8236,11237,207
8962,14500,207
8962,18170,207
8962,18170,207
8962,18170,207
8962,18170,207
8962,18170,207
8962,18170,207
8962,18170,207
8962,18170,207
8962,18170,207
8962,18170,207
8962,18170,207
8962,18170,207
8962,18170,207
8962,18170,207
8962,18170,207
8962,18170,207
8962,18170,207
8962,18170,207
8962,18170,207
8962,18170,207
8962,18170,207
8962,18170,207
8962,18170,207
8962,18170,207
8962,18170,207
8962,18170,207
8962,18170,207
8962,18170,207
8962,18170,207
8962,18170,207
8962,18170,207
8962,18170,207
8962,18170,207
8962,18170,207
8962,18170,207
8962,18170,207
8962,18170,207
8962,18170,207
8962,18170,207
8962,18170,207
8962,18170,207
8962,18170,207
8962,18170,207
8962,18170,207
8962,18170,207
8962,18170,207
8962,18170,207
8962,18170,207
8962,18170,207
10658,7897,207
7897,17963,208
7897,22565,208
7897,22565,208
8235,2288,208
8235,2288,208
8235,2288,208
8235,2288,208
8235,2288,208
8235,2288,208
8235,2288,208
8235,2288,208
8235,3396,208
8235,3396,208
8235,3396,208
8235,3396,208
8235,3403,208
8235,3403,208
8235,3403,208
8235,3403,208
8235,3403,208
8235,3403,208
8235,3403,208
8235,3403,208
8235,3403,208
8235,3403,208
8235,3403,208
8235,18141,208
8235,18142,208
8235,18142,208
8235,18142,208
8235,18142,208
8235,18142,208
8235,18142,208
8235,18142,208
8235,18142,208
8235,18142,208
8235,18142,208
8235,18142,208
8235,18142,208
8235,18142,208
8235,18142,208
8235,18142,208
8235,18142,208
8235,18142,208
8235,18142,208
8235,18142,208
8235,18142,208
8235,18142,208
8235,18142,208
8235,18142,208
8235,18142,208
8235,18142,208
8235,18142,208
8235,18187,208
8235,18187,208
8235,18313,208
8962,12096,208
8962,12096,208
8962,12096,208
8962,12096,208
8962,14366,208
8962,14366,208
8962,14366,208
8962,14366,208
2405,7607,209
2405,7765,209
2405,7863,209
2405,8017,209
2405,8117,209
2405,8215,209
2405,8274,209
7577,2405,209
7765,11443,209
8017,12096,209
8017,18535,209
8017,25337,209
8017,25337,209
8017,25337,209
8017,25337,209
8017,25337,209
8017,25337,209
8017,25337,209
8017,25337,209
8215,2680,209
8215,2680,209
8215,2680,209
8215,2680,209
8215,2680,209
8215,2680,209
8215,2680,209
8215,2680,209
8215,2680,209
8215,2680,209
8215,2680,209
8215,2680,209
8215,2680,209
8215,2680,209
8235,2288,209
8235,3396,209
8235,3403,209
8235,3403,209
8235,3403,209
8235,3403,209
8235,3403,209
8235,3403,209
8235,3403,209
8235,3403,209
8235,3403,209
8235,3403,209
8235,3403,209
8235,3403,209
8274,11443,209
7706,10215,210
7706,11443,210
8017,12096,210
8017,12096,210
8017,12096,210
8017,12096,210
8017,12096,210
8017,12096,210
8017,14366,210
8017,14366,210
8017,14366,210
8017,14366,210
8017,25337,210
8017,25337,210
8017,25337,210
8017,25337,210
8017,25337,210
8017,25337,210
8017,25337,210
8017,25337,210
8017,25337,210
8017,25337,210
8017,25337,210
8017,25337,210
8017,25337,210
8017,25337,210
8215,18170,210
8215,18170,210
8215,18170,210
8215,18170,210
8215,18170,210
8215,18170,210
8215,18170,210
8215,18170,210
8215,18170,210
8215,18170,210
8215,18170,210
8215,18170,210
8215,18170,210
8215,18170,210
8215,18170,210
8215,18170,210
8215,18170,210
8215,18170,210
8215,18170,210
8215,18170,210
8215,18170,210
8215,18170,210
8215,18170,210
8215,18170,210
8215,18170,210
8215,18170,210
8215,18170,210
8215,18170,210
8215,18170,210
8215,18170,210
8215,18170,210
8215,18170,210
8215,18170,210
8235,2595,210
8235,2595,210
8235,2595,210
8235,2595,210
8235,2595,210
8235,2595,210
8235,2595,210
8235,2595,210
8235,2595,210
8235,2595,210
8235,2595,210
8962,14500,210
8962,18170,210
8962,18170,210
8962,18170,210
8962,18170,210
8962,18170,210
8962,18170,210
8962,18170,210
8962,18170,210
8962,18170,210
8962,18170,210
8962,18170,210
8962,18170,210
8962,18170,210
8962,18170,210
8962,18170,210
8962,22652,210
8962,22652,210
8962,22652,210
8962,22652,210
8962,22652,210
8962,22652,210
8962,22652,210
8962,22652,210
8962,22652,210
8962,22652,210
8962,22652,210
8962,22652,210
8962,22652,210
8962,22652,210
8962,22652,210
8017,14500,211
8017,18170,211
8017,18170,211
8017,18170,211
8017,18170,211
8017,18170,211
8017,18170,211
8017,18170,211
8017,18170,211
8017,18170,211
8017,18170,211
8017,18170,211
8017,18170,211
8017,18170,211
8017,18170,211
8017,18170,211
8017,18170,211
8017,18170,211
8017,18170,211
8017,18170,211
8017,18170,211
8017,18170,211
8017,18170,211
8017,18170,211
8017,18170,211
8017,18170,211
8017,18170,211
8017,18170,211
8017,18170,211
8017,18170,211
8017,18170,211
8017,18170,211
8017,18170,211
8017,18170,211
8017,18170,211
8017,18170,211
8017,18170,211
8017,18170,211
8017,18170,211
8017,18170,211
8017,18170,211
8017,18170,211
8017,18170,211
8017,18170,211
8017,18170,211
8017,18170,211
8017,18170,211
8017,18170,211
8017,18170,211
8017,18170,211
8017,18170,211
8017,18170,211
8017,18170,211
8017,18170,211
8017,18170,211
8017,18170,211
8017,18170,211
8017,18170,211
8017,18170,211
8017,18170,211
8017,18170,211
8017,18170,211
8017,18170,211
8017,18170,211
8017,18170,211
8017,18170,211
8017,18170,211
8017,18170,211
8017,18170,211
8017,18170,211
8017,18170,211
8017,18170,211
8017,18170,211
8017,18170,211
8017,18170,211
8017,18170,211
8017,18170,211
8017,18170,211
8017,18170,211
8017,18170,211
8017,18170,211
8017,18170,211
8017,18170,211
8017,18170,211
8017,18170,211
8017,18170,211
8017,18170,211
8017,18170,211
8017,18170,211
8017,18170,211
8017,18170,211
8017,18170,211
8017,18170,211
8017,18170,211
8017,18170,211
8017,18170,211
8017,18170,211
8017,18170,211
8017,18170,211
8017,18170,211
8017,18170,211
8017,18170,211
8017,18170,211
8017,18170,211
8017,18170,211
8017,18170,211
8017,18170,211
8017,18170,211
8017,18170,211
8017,18170,211
8017,18170,211
8017,18170,211
8017,18170,211
8017,18170,211
8017,18170,211
8017,18170,211
8017,18170,211
8017,18170,211
8017,18170,211
8017,18170,211
8017,18170,211
8017,18170,211
8017,18170,211
8215,18170,211
8215,18170,211
8215,18170,211
8215,18170,211
8215,18170,211
8215,18170,211
8215,18170,211
8215,18170,211
8215,18170,211
8215,18170,211
8215,18170,211
8215,18170,211
8215,18170,211
8215,18170,211
8215,18170,211
8215,18170,211
8215,18170,211
8215,18170,211
8215,18170,211
8215,18170,211
8215,18170,211
8215,18170,211
8215,18170,211
8215,18170,211
8215,18170,211
8215,18170,211
8215,18170,211
8215,18170,211
8215,18170,211
8215,18170,211
8215,18170,211
8215,18170,211
8215,18170,211
8215,18170,211
8215,18170,211
8215,18170,211
8215,18170,211
8215,18170,211
8215,18170,211
8215,18170,211
8215,18170,211
8215,18170,211
8215,18170,211
8215,18170,211
8215,18170,211
8215,18170,211
8215,18170,211
8215,18170,211
8215,18170,211
8215,18170,211
8215,18170,211
8215,18170,211
8215,18170,211
8215,18170,211
8215,18170,211
8215,18170,211
8215,18170,211
8235,2036,211
8235,2036,211
8235,2036,211
8235,2036,211
8235,2036,211
8235,2036,211
8235,2036,211
8235,2036,211
8235,2036,211
8235,2036,211
8235,2036,211
8235,2036,211
8235,2036,211
8235,2036,211
8235,2036,211
8235,2036,211
8235,2036,211
8235,2036,211
8235,2036,211
8235,2036,211
8235,2036,211
8235,2036,211
8235,2036,211
8235,2036,211
8235,2036,211
8235,2036,211
8235,2036,211
8235,2036,211
8235,3396,211
8235,3396,211
8235,3403,211
8235,3403,211
8235,3403,211
8235,3403,211
8235,3403,211
8235,3403,211
8235,3403,211
8235,3403,211
8235,3403,211
8235,3405,211
8235,11559,211
8235,11559,211
8235,18788,211
8235,18790,211
9763,9764,211
10215,7863,211
8017,14096,212
8017,14096,212
8017,14096,212
8017,14096,212
8017,14096,212
8017,14096,212
8017,14096,212
8017,14096,212
8017,14096,212
8017,14096,212
8017,14096,212
8017,14096,212
8017,14096,212
8017,14096,212
8017,14096,212
8017,14096,212
8017,14096,212
8017,14096,212
8017,14096,212
8017,14096,212
8017,14096,212
8017,14096,212
8017,14096,212
8017,14096,212
8017,14096,212
8017,14096,212
8017,14096,212
8215,10215,212
8215,10658,212
8215,18432,212
8215,18432,212
8215,18432,212
8215,18432,212
8215,18432,212
8215,18432,212
8215,18432,212
8215,18432,212
8215,18432,212
8215,18432,212
8215,18432,212
8215,18432,212
8215,18432,212
8215,18432,212
8215,18432,212
8235,2036,212
8235,2036,212
8235,3396,212
8236,2538,212
8236,10215,212
8274,2538,212
8274,10215,212
8962,14500,212
8962,18170,212
8962,18170,212
8962,18170,212
8962,18170,212
8962,18170,212
8962,18170,212
8962,18170,212
8962,18170,212
8962,18170,212
8962,18170,212
8962,18170,212
8962,18170,212
8962,18170,212
8962,18170,212
8962,18170,212
8962,18170,212
8962,18170,212
8962,18170,212
8962,18170,212
8962,18170,212
8962,18170,212
8962,18170,212
8962,18170,212
8962,18170,212
8962,18170,212
8962,18170,212
8962,18170,212
8962,18170,212
8962,18170,212
8962,18170,212
8962,18170,212
8962,18170,212
8962,18170,212
8962,18170,212
8962,18170,212
8962,18170,212
8962,18170,212
8962,18170,212
8962,18170,212
8962,18170,212
8962,18170,212
8962,18170,212
8962,18170,212
8962,18170,212
8962,18170,212
8962,18170,212
8962,18170,212
8962,18170,212
8962,18170,212
7607,2405,213
7897,10215,213
7897,11101,213
8215,18432,213
8215,18433,213
8235,3396,213
8235,3396,213
8235,3403,213
8235,3403,213
8235,3403,213
8235,3403,213
8235,3403,213
8235,3403,213
8235,3403,213
8235,3403,213
8235,3403,213
8235,3403,213
8933,11443,213
8962,14500,213
8962,18170,213
8962,18170,213
8962,18170,213
8962,18170,213
8962,18170,213
8962,18170,213
8962,18170,213
8962,18170,213
8962,18170,213
8962,18170,213
8962,18170,213
8962,18170,213
8962,18170,213
8962,18170,213
8962,18170,213
8962,18170,213
11394,7607,213
11394,7751,213
11394,7765,213
11394,7897,213
11394,8017,213
11394,8215,213
11394,8235,213
11394,8236,213
11394,8274,213
8017,14095,214
8017,14096,214
8017,14096,214
8017,14096,214
8017,14096,214
8017,14096,214
8017,14096,214
8017,14096,214
8017,14096,214
8017,14096,214
8017,14096,214
8017,14096,214
8017,14096,214
8017,14096,214
8017,14096,214
8017,14096,214
8017,14096,214
8017,14096,214
8017,14096,214
8017,14096,214
8017,14096,214
8017,14096,214
8017,14096,214
8017,14096,214
8017,14096,214
8017,14096,214
8017,14096,214
8017,14096,214
8017,14096,214
8017,14096,214
8017,14096,214
8017,14096,214
8017,14096,214
8017,14096,214
8017,14096,214
8017,14096,214
8017,14096,214
8017,14096,214
8017,14096,214
8017,14096,214
8017,14096,214
8017,14096,214
8017,14096,214
8017,14096,214
8017,14096,214
8017,14096,214
8215,10215,214
8235,2036,214
8235,2036,214
8235,2036,214
8235,2036,214
8235,2036,214
8235,2036,214
8235,2036,214
8235,2036,214
8235,2036,214
8235,2036,214
8235,2036,214
8235,2036,214
8235,2036,214
8235,2036,214
8235,3396,214
8235,3396,214
8235,3396,214
8235,3396,214
8235,3403,214
8235,3403,214
8235,3403,214
8235,3403,214
8235,3403,214
8235,3403,214
8235,3403,214
8235,3403,214
8235,3403,214
8235,3403,214
8235,3403,214
8235,3403,214
8235,3403,214
8235,3403,214
8235,3403,214
8235,3403,214
8235,3403,214
8235,3403,214
8235,3403,214
8235,11559,214
8235,11559,214
8962,18170,214
8962,18170,214
8962,18170,214
8962,18170,214
8962,18170,214
8962,18170,214
8962,18170,214
8962,18170,214
8962,18170,214
8962,18170,214
8962,18170,214
8962,18170,214
8962,18170,214
8962,18170,214
8962,18170,214
8962,18170,214
8962,18170,214
8962,18170,214
8962,18170,214
8962,18170,214
8962,18170,214
8962,18170,214
8962,18170,214
8962,18170,214
8962,18170,214
8962,18170,214
8962,18170,214
8962,18170,214
8962,18170,214
8962,18170,214
8962,18170,214
8962,18170,214
8962,18170,214
8962,18170,214
8962,18170,214
8962,18170,214
8962,18170,214
8962,18170,214
8962,18170,214
8962,18170,214
7577,11443,215
8017,18313,215
8017,18313,215
8017,18313,215
8017,18313,215
8017,18313,215
8017,18313,215
8017,18313,215
8017,18313,215
8017,18313,215
8017,18313,215
8017,18313,215
8017,18313,215
8017,18313,215
8017,18313,215
8017,18313,215
8017,18313,215
8017,18313,215
8017,18313,215
8017,18313,215
8215,804,215
8215,10658,215
8215,18433,215
8235,1969,215
8235,1969,215
8274,11237,215
8962,18170,215
8962,18170,215
8962,18170,215
8962,18170,215
8962,18170,215
8962,18170,215
8962,18170,215
8962,18170,215
8962,18170,215
8962,18170,215
8962,18170,215
8962,18170,215
11443,8215,215
8017,2288,216
8017,2288,216
8017,2288,216
8017,2288,216
8017,2288,216
8017,2288,216
8017,2288,216
8017,2288,216
8017,3055,216
8017,3055,216
8017,3055,216
8017,3055,216
8017,3055,216
8017,3055,216
8017,3055,216
8017,3055,216
8017,3055,216
8017,3055,216
8017,3055,216
8215,18432,216
8215,18432,216
8215,18432,216
8215,18432,216
8215,18432,216
8215,18432,216
8215,18432,216
8215,18432,216
8215,18432,216
8215,18432,216
8215,18432,216
8215,18432,216
8215,18432,216
8215,18432,216
8215,18432,216
8215,18432,216
8215,18432,216
8215,18432,216
8235,2610,216
8235,2610,216
8235,2610,216
8235,2610,216
8235,2610,216
8235,2610,216
8235,2610,216
8235,2610,216
8235,2610,216
8235,2610,216
8235,2610,216
8235,2610,216
8235,2610,216
8235,2610,216
8235,2610,216
8235,2610,216
8235,2610,216
8235,2610,216
8235,2610,216
8235,2610,216
8235,2610,216
8235,2610,216
8235,2610,216
8235,2610,216
8235,2610,216
8235,2610,216
8235,2610,216
8235,2610,216
8235,2610,216
8235,2610,216
8235,2610,216
8235,2610,216
8235,2610,216
8235,4670,216
8235,4670,216
8235,4670,216
8235,4670,216
8235,4670,216
8235,4670,216
8235,4670,216
8235,4670,216
8235,4670,216
8235,4670,216
8235,4670,216
8235,4670,216
8235,4670,216
8235,4670,216
8235,4670,216
8235,4670,216
8235,4670,216
8235,4670,216
8235,4670,216
8235,4670,216
8235,4670,216
8235,4670,216
8235,4670,216
8235,4670,216
8235,4670,216
8235,4670,216
8235,4670,216
8235,4670,216
8235,4670,216
8235,4670,216
8235,4670,216
8235,4670,216
8235,4670,216
8235,4670,216
8235,4670,216
8235,4670,216
8235,4670,216
8235,4670,216
8235,4670,216
8235,4670,216
8236,2405,216
8556,21136,216
8556,21136,216
8556,21136,216
8556,21136,216
8556,21136,216
8556,21136,216
8556,21136,216
8556,21136,216
8556,21136,216
8556,21136,216
8556,21136,216
8556,21136,216
8556,21136,216
8556,21136,216
8556,21136,216
8556,21136,216
8556,21136,216
8556,21136,216
8556,21136,216
8556,21136,216
8556,21136,216
8556,21136,216
8556,21136,216
8556,21136,216
8556,21136,216
8556,21136,216
8556,21136,216
8556,21136,216
11237,7751,216
7577,11101,217
8017,3055,217
8017,3055,217
8017,3055,217
8017,3055,217
8017,3055,217
8017,3055,217
8017,3055,217
8017,10658,217
8017,18028,217
8215,12080,217
8215,12080,217
8215,12080,217
8215,12080,217
8215,12080,217
8215,12080,217
8215,12080,217
8215,12080,217
8215,12080,217
8215,12080,217
8215,12082,217
8215,12082,217
8215,12082,217
8215,12082,217
8235,2610,217
8556,20337,217
8556,21136,217
8556,21136,217
8556,21136,217
8556,21136,217
8556,21136,217
8556,21136,217
8556,21136,217
8556,21136,217
8556,21136,217
8556,21136,217
8556,21136,217
8556,21136,217
8556,21136,217
8556,21136,217
8556,21136,217
8556,21136,217
11101,7607,217
11101,7863,217
8235,2680,218
8235,2680,218
8235,2680,218
8235,2680,218
8235,2680,218
8235,2680,218
8235,2680,218
8235,2680,218
8235,2680,218
8235,2680,218
8235,2680,218
8235,2680,218
8235,2680,218
8235,2680,218
8236,10658,218
8236,10658,218
8409,3396,218
8409,3396,218
8409,3396,218
8409,3396,218
8409,3403,218
8409,3403,218
8409,3403,218
8409,3403,218
8409,3403,218
8409,3403,218
8409,3403,218
8409,3403,218
8409,3403,218
8409,3403,218
8409,3403,218
8556,14631,218
8556,14631,218
8556,14631,218
8556,14631,218
8556,14631,218
8556,14631,218
8556,14631,218
8556,14631,218
8556,14631,218
8556,14631,218
8556,14631,218
8556,14631,218
8556,14631,218
8556,14631,218
8556,14631,218
8556,14631,218
8556,14631,218
8556,14631,218
8556,14631,218
8556,14631,218
8556,14631,218
8556,21136,218
8962,21294,218
7577,9765,219
7577,9766,219
7751,18142,219
7751,18142,219
7751,18142,219
7751,18142,219
7751,18142,219
7751,18142,219
7751,18142,219
7751,18142,219
7751,18142,219
7751,18142,219
7751,18142,219
7751,18142,219
7751,18142,219
7751,18142,219
7751,18142,219
7751,18142,219
7751,18142,219
7751,18142,219
7751,18142,219
7751,18142,219
7751,18142,219
7751,18142,219
7751,18170,219
7751,18170,219
7751,18170,219
7751,18170,219
7751,18170,219
7751,18170,219
7751,18170,219
7751,18170,219
7751,18170,219
7751,18170,219
7751,18170,219
7751,18170,219
7751,18170,219
7751,18170,219
7751,18170,219
7751,18170,219
7751,18170,219
7751,18170,219
7751,18170,219
7751,18170,219
7751,18170,219
7751,18170,219
7751,18170,219
7751,18170,219
7751,18170,219
7751,18170,219
7751,18170,219
7751,18170,219
7751,18170,219
7751,18170,219
7751,18170,219
7751,18170,219
7751,18170,219
7751,18170,219
7751,18170,219
7751,18170,219
7751,18170,219
7751,18170,219
7918,10658,219
8017,3055,219
8017,3055,219
8017,3055,219
8017,3055,219
8017,3055,219
8017,3055,219
8017,3055,219
8017,3055,219
8017,3055,219
8017,3055,219
8017,3055,219
8017,3055,219
8017,3055,219
8215,2179,219
8235,4670,219
8235,4670,219
8235,4670,219
8235,4670,219
8235,4676,219
8235,22601,219
8409,12080,219
8409,12080,219
8409,12080,219
8409,12080,219
8409,12080,219
8409,12080,219
8409,12080,219
8409,12080,219
8409,12080,219
8409,12080,219
8409,12080,219
8409,12080,219
8409,12080,219
8409,12080,219
8409,12080,219
8409,12080,219
8409,12080,219
8409,12080,219
8409,12080,219
8409,12080,219
8409,12080,219
8409,12080,219
8409,12080,219
8409,12080,219
8409,12080,219
8409,12080,219
8409,12080,219
8409,12080,219
8962,14502,219
8962,14502,219
8962,14502,219
8962,14502,219
8962,14502,219
8962,14502,219
8962,14502,219
8962,14502,219
8962,18535,219
7751,18170,220
7751,18170,220
7751,18170,220
7751,18170,220
7751,18170,220
7751,18170,220
7751,18170,220
7751,18170,220
7751,18170,220
7751,18170,220
7751,18170,220
8215,12080,220
8215,12080,220
8215,12080,220
8215,12080,220
8215,12080,220
8215,12080,220
8215,12080,220
8215,12080,220
8215,12080,220
8215,12080,220
8215,12082,220
8215,12082,220
8215,12082,220
8215,12082,220
8235,2680,220
8235,2680,220
8235,2680,220
8235,2680,220
8235,2680,220
8235,2680,220
8235,2680,220
8235,2680,220
8235,2680,220
8235,2680,220
8235,2680,220
8235,2680,220
8235,2680,220
8235,2680,220
8235,4670,220
8235,4670,220
8235,4670,220
8235,4670,220
8235,4670,220
8235,4670,220
8235,4670,220
8235,4670,220
8235,4670,220
8235,4670,220
8235,4670,220
8235,4670,220
8235,4670,220
8235,4670,220
8235,4670,220
8235,4670,220
8235,4670,220
8235,4670,220
8235,4670,220
8235,4670,220
8235,4670,220
8235,4670,220
8235,4670,220
8235,4670,220
8235,4670,220
8235,4670,220
8235,4670,220
8235,4670,220
8235,4670,220
8235,4670,220
8235,4670,220
8235,4670,220
8235,4670,220
8235,4670,220
8235,4670,220
8235,4670,220
8235,4670,220
8235,4670,220
8235,4670,220
8235,4670,220
8235,4670,220
8235,4670,220
8274,2405,220
8274,10215,220
8274,10658,220
8274,11101,220
8409,12080,220
8409,12080,220
8409,12080,220
8409,12080,220
8409,12080,220
8409,12080,220
8409,12080,220
8409,12080,220
8409,12080,220
8409,12080,220
8409,12080,220
8409,12080,220
8409,12080,220
8409,12080,220
8409,12080,220
8409,12080,220
8409,12080,220
8409,12080,220
8409,12080,220
8409,12080,220
8409,12080,220
8409,12080,220
8409,12080,220
8409,12080,220
8556,14631,220
8556,14631,220
8556,14631,220
8556,14631,220
8556,14631,220
8556,14631,220
8962,9736,220
8962,9736,220
8962,9736,220
8962,9736,220
8962,9736,220
8962,9736,220
8962,9736,220
8962,9736,220
8962,9736,220
8962,9736,220
8962,9736,220
8962,9736,220
8962,9736,220
9765,7577,220
10658,8236,220
7577,10215,221
8235,1761,221
8235,1761,221
8235,1761,221
8235,1761,221
8235,1761,221
8235,1761,221
8235,1761,221
8235,1761,221
8235,1761,221
8235,1761,221
8235,1761,221
8235,1761,221
8235,1761,221
8235,1761,221
8235,1761,221
8235,1761,221
8235,1761,221
8235,1761,221
8235,1761,221
8235,1969,221
8235,1969,221
8409,12080,221
8409,12080,221
8409,12080,221
8409,12080,221
8409,12080,221
8409,12080,221
8409,12080,221
8409,12080,221
8409,12080,221
8409,12080,221
8409,12080,221
8409,12080,221
8409,12080,221
8556,14631,221
8556,14631,221
8556,14631,221
8556,14631,221
8556,14631,221
8556,14631,221
8556,14631,221
8556,14631,221
8556,14631,221
8556,14631,221
8556,14631,221
8556,14631,221
8962,9736,221
8962,9736,221
8962,9736,221
8962,9736,221
8962,9736,221
8962,9736,221
8962,9736,221
8962,9736,221
8962,9736,221
8962,9736,221
8962,9736,221
8962,9736,221
8962,14542,221
8962,14542,221
8962,14542,221
8962,14542,221
8962,14542,221
8962,14542,221
8962,14542,221
8962,24459,221
9763,9764,221
10215,7863,221
8017,3055,222
8017,3055,222
8017,3055,222
8017,3055,222
8017,3055,222
8017,3055,222
8017,3055,222
8017,3055,222
8017,3055,222
8017,3055,222
8017,3055,222
8017,3055,222
8017,3055,222
8215,12082,222
8215,20713,222
8235,18142,222
8235,18142,222
8235,18142,222
8235,18142,222
8235,18142,222
8235,18142,222
8235,18142,222
8235,18142,222
8235,18142,222
8235,18142,222
8235,18142,222
8235,18142,222
8235,18142,222
8235,18142,222
8235,18142,222
8235,18142,222
8235,18142,222
8235,18142,222
8235,18142,222
8235,18142,222
8235,18142,222
8409,2299,222
8409,2299,222
8409,2299,222
8409,2299,222
8962,14542,222
8962,14542,222
8962,14542,222
8962,14542,222
8962,14542,222
8962,14542,222
8962,14542,222
8962,14542,222
8962,14542,222
8962,14542,222
8962,14542,222
8962,14542,222
8962,14542,222
8962,14542,222
11443,8017,222
7706,2060,223
7706,2060,223
7706,2060,223
7706,2060,223
7706,2060,223
7706,2060,223
7706,2060,223
8215,12621,223
8215,12621,223
8215,12621,223
8215,12621,223
8215,12621,223
8215,12621,223
8215,12621,223
8215,12621,223
8215,12621,223
8215,12621,223
8215,12621,223
8215,12621,223
8215,12621,223
8215,12621,223
8215,12621,223
8215,12621,223
8215,12621,223
8215,12621,223
8215,12621,223
8215,12621,223
8215,12621,223
8215,12621,223
8215,12621,223
8215,12621,223
8215,12621,223
8215,12621,223
8215,12621,223
8215,12621,223
8215,12621,223
8215,12621,223
8215,12621,223
8215,12621,223
8235,1969,223
8235,2405,223
8962,14542,223
8962,14542,223
8962,14542,223
8962,14542,223
8962,14542,223
7706,2060,224
7706,2060,224
7706,2060,224
7751,18170,224
7751,18170,224
7751,18170,224
7751,18170,224
7751,18170,224
7751,18170,224
7751,18170,224
7751,18170,224
7751,18170,224
7751,18170,224
7765,18142,224
7765,18142,224
7765,18142,224
7765,18142,224
7765,18142,224
7765,18142,224
7765,18142,224
7765,18142,224
7765,18142,224
7765,18142,224
7765,18142,224
7765,18142,224
7765,18142,224
7765,18142,224
7765,18142,224
7765,18142,224
7765,18142,224
7765,18142,224
7765,18142,224
7765,18142,224
7765,18142,224
7765,22601,224
8017,24308,224
8235,18142,224
8235,18176,224
8235,18176,224
8235,18176,224
8409,18788,224
8409,18790,224
8556,4670,224
8556,4670,224
8556,4670,224
8556,4670,224
8556,4670,224
8556,4670,224
8556,4670,224
8556,4670,224
8556,4670,224
8556,4670,224
8556,4670,224
8556,4670,224
8556,4670,224
8556,4670,224
8556,4670,224
8556,4670,224
8556,4670,224
8556,4670,224
8556,4670,224
8556,4670,224
8556,4670,224
8556,4670,224
8556,4670,224
8556,4670,224
8556,4670,224
8556,4670,224
8556,4670,224
8556,4670,224
8556,4670,224
8556,4670,224
8556,4670,224
8556,4670,224
8556,4670,224
8556,4670,224
8556,4670,224
8556,4670,224
8556,4670,224
8556,4670,224
8556,4670,224
8556,4670,224
8556,14631,224
8556,14631,224
8556,14631,224
8556,14631,224
8556,14631,224
8556,14631,224
8941,18551,224
8941,18551,224
8941,18551,224
8941,18551,224
8941,18551,224
8941,18551,224
8962,746,224
7751,18170,225
7751,18170,225
7751,18170,225
7751,18170,225
7751,18170,225
7751,18170,225
7751,18170,225
7751,18170,225
7751,18170,225
7751,18170,225
7751,18170,225
7751,18170,225
7751,18170,225
7751,18170,225
7751,18170,225
7751,18170,225
7751,18170,225
7751,18170,225
7751,18170,225
7751,18170,225
7751,18170,225
7751,18170,225
7751,18170,225
7751,18170,225
7751,18170,225
8235,1969,225
8235,1969,225
8235,1969,225
8235,18176,225
8235,18176,225
8235,18176,225
8235,18176,225
8235,18176,225
8235,18176,225
8235,23089,225
8235,23089,225
8235,23089,225
8235,23089,225
8235,23089,225
8235,23089,225
8235,23089,225
8235,23089,225
8235,23089,225
8235,23089,225
8235,23089,225
8235,23089,225
8235,23089,225
8235,23089,225
8235,23089,225
8235,23089,225
8235,23089,225
8235,23089,225
8235,23089,225
8409,10470,225
8409,10470,225
8409,10470,225
8556,4670,225
8556,4670,225
8556,4670,225
8556,4670,225
8556,4670,225
8556,4670,225
8556,4670,225
8556,4670,225
8556,4670,225
8556,4670,225
8556,4670,225
8556,4670,225
8556,4670,225
8556,4670,225
8556,4670,225
8941,12096,225
8941,12096,225
8941,12096,225
8941,12096,225
8941,14366,225
8941,14366,225
8941,14366,225
8941,14366,225
8941,18551,225
8941,18551,225
8941,18551,225
8941,18551,225
8941,18551,225
8941,18551,225
8941,18551,225
8941,18551,225
8941,18551,225
8941,18551,225
8941,18551,225
8941,18551,225
8941,18551,225
10215,8274,225
7765,2595,226
7765,2595,226
7765,2595,226
7765,2595,226
7765,2595,226
7765,2595,226
7765,2595,226
7765,2595,226
7765,2595,226
7765,2595,226
7765,2595,226
7765,18142,226
7765,18142,226
7765,18142,226
7765,18142,226
7765,18142,226
7765,18142,226
7765,18142,226
7765,18142,226
7765,18142,226
7765,18142,226
7765,18142,226
7765,18142,226
8215,12621,226
8215,19733,226
8215,25327,226
8215,25327,226
8215,25327,226
8215,25327,226
8215,25327,226
8215,25327,226
8215,25327,226
8215,25327,226
8215,25327,226
8215,25327,226
8215,25327,226
8215,25327,226
8215,25327,226
8215,25327,226
8215,25327,226
8215,25327,226
8215,25327,226
8215,25327,226
8215,25327,226
8215,25327,226
8215,25327,226
8215,25327,226
8215,25327,226
8215,25327,226
8215,25327,226
8215,25327,226
8215,25327,226
8215,25327,226
8215,25327,226
8215,25327,226
8235,1969,226
8235,1969,226
8235,1969,226
8235,1969,226
8274,11101,226
8409,10471,226
8409,10471,226
8409,10471,226
8941,12096,226
8941,12096,226
8941,12096,226
8941,12096,226
8941,12096,226
8941,14366,226
8941,14366,226
8941,14366,226
8941,14366,226
8941,16837,226
8941,16837,226
8941,21648,226
8941,21648,226
8941,21648,226
8941,21648,226
8941,21648,226
7751,12050,227
7751,14096,227
7751,14096,227
7751,14096,227
7751,14096,227
7751,14096,227
7751,14096,227
7751,14096,227
7751,14096,227
7751,14096,227
7751,14096,227
7751,14096,227
7751,14096,227
7751,14096,227
7751,14096,227
7751,14096,227
7751,14096,227
7751,14096,227
7751,14096,227
7751,14096,227
7751,14096,227
7751,14096,227
7751,14096,227
7751,14096,227
7751,14096,227
7751,14096,227
7751,14096,227
7751,14096,227
7751,14096,227
7751,18170,227
7751,18170,227
7751,18170,227
7751,18170,227
7751,18170,227
7751,18170,227
7751,18170,227
7751,18170,227
7751,18170,227
7751,18170,227
7751,18170,227
7751,18170,227
7751,18170,227
7751,21533,227
7751,21533,227
7751,21533,227
7751,21533,227
7751,21533,227
7751,21533,227
7751,21533,227
7751,21533,227
8215,11237,227
8215,11443,227
8235,13940,227
8235,13940,227
8235,15426,227
8235,15426,227
8235,23089,227
8235,23089,227
8235,23089,227
8235,23089,227
8235,23089,227
8235,23089,227
8235,23089,227
8235,23089,227
8235,23089,227
8235,23089,227
8235,23089,227
8235,23089,227
8409,10470,227
8409,10470,227
8409,10470,227
8941,14366,227
8941,18535,227
8941,22601,227
2538,7607,228
2538,7751,228
7577,2538,228
7751,18170,228
7751,18170,228
7751,18170,228
7751,18170,228
7751,18170,228
7751,18170,228
7751,18170,228
7751,18170,228
7751,18170,228
7751,18170,228
7751,18170,228
7751,18170,228
7751,18170,228
7751,18170,228
7751,18170,228
7751,18170,228
7751,18170,228
7751,18170,228
7751,18170,228
7751,18170,228
7751,18170,228
7751,18170,228
7751,18170,228
7751,18170,228
7751,18170,228
7751,18170,228
7751,18170,228
7751,18170,228
7751,18170,228
7751,18170,228
7751,18170,228
7751,18170,228
7751,18170,228
7751,18551,228
7751,18551,228
7751,18551,228
7751,18551,228
7751,18551,228
7751,18551,228
7751,18551,228
7751,18551,228
7751,18551,228
7751,18551,228
7751,18551,228
7751,18551,228
7751,18551,228
7751,18551,228
7751,18551,228
7751,18551,228
7751,18551,228
7751,18551,228
7751,21533,228
8017,13934,228
8017,14085,228
8017,14085,228
8017,14085,228
8017,15597,228
8017,15600,228
8017,15601,228
8017,15601,228
8017,15601,228
8017,15601,228
8017,15601,228
8017,15601,228
8017,15601,228
8017,15601,228
8017,15601,228
8017,15601,228
8017,15601,228
8017,15601,228
8017,15601,228
8017,15601,228
8017,15601,228
8017,15601,228
8017,15601,228
8017,15601,228
8017,15601,228
8017,15601,228
8017,15601,228
8017,15601,228
8017,15601,228
8017,15601,228
8017,15601,228
8017,15601,228
8017,15601,228
8017,15601,228
8017,15601,228
8017,15601,228
8017,15601,228
8235,2974,228
8235,2974,228
8235,2974,228
8235,2974,228
8235,2974,228
8235,2974,228
8235,2974,228
8235,2974,228
8235,2974,228
8235,2974,228
8235,2974,228
8235,2974,228
8235,2974,228
8235,2974,228
8235,2974,228
8235,2974,228
8235,2974,228
8235,2974,228
8235,2974,228
8235,2974,228
8235,2978,228
8235,13940,228
8235,13940,228
8235,15426,228
8235,15426,228
8274,11237,228
8274,11443,228
10139,7607,228
7751,18551,229
7751,18551,229
8235,3068,229
8236,11237,229
8236,11443,229
8409,10470,229
8409,10470,229
8409,10470,229
8556,2299,229
8556,2299,229
8556,2299,229
8556,2299,229
8941,4670,229
7751,18551,230
7751,18551,230
8215,9925,230
8215,9925,230
8215,9925,230
8215,9925,230
8215,9925,230
8215,9925,230
8215,9925,230
8215,9925,230
8215,9925,230
8215,9925,230
8215,9925,230
8236,11237,230
8274,2538,230
8409,18170,230
8409,18170,230
8409,18170,230
8409,18170,230
8409,18170,230
8409,18170,230
8409,18170,230
8409,18170,230
8409,18170,230
8409,18170,230
8409,18170,230
8409,18170,230
8409,18170,230
8409,18170,230
8409,18170,230
8409,18170,230
8409,18170,230
8409,18170,230
8409,18170,230
8409,18170,230
8409,18170,230
8409,18170,230
8409,18170,230
8409,18170,230
8409,18170,230
8409,18170,230
8409,18170,230
8409,18170,230
8409,18170,230
8409,18170,230
8409,18170,230
8409,18170,230
8409,18170,230
8556,2299,230
8556,2299,230
8556,2299,230
8556,2299,230
8556,2299,230
8556,2299,230
8556,2299,230
8556,2299,230
8556,2299,230
8556,2299,230
8556,2299,230
8556,2299,230
8556,2299,230
8556,15597,230
8556,15601,230
8556,15601,230
8556,15601,230
8556,15601,230
8556,15601,230
8556,15601,230
8556,15601,230
8556,15601,230
8556,15601,230
8556,15601,230
8556,15601,230
8556,15601,230
8556,15601,230
8556,15601,230
8556,15601,230
8556,15601,230
8556,15601,230
8556,15601,230
8556,15601,230
8556,15601,230
8556,15601,230
8556,15601,230
8556,15601,230
8556,15601,230
8556,15601,230
8556,15601,230
8556,15601,230
8556,15601,230
8556,15601,230
8556,15601,230
8556,15601,230
8556,15601,230
8556,15601,230
8556,15601,230
8556,15601,230
8556,15601,230
8556,15609,230
8556,15609,230
8941,4670,230
8941,4670,230
8941,4670,230
8941,4670,230
8941,4670,230
8941,4670,230
8941,4670,230
8941,4670,230
8941,4670,230
8941,4670,230
8941,4670,230
8941,4670,230
8941,4670,230
8941,4670,230
8941,4670,230
8941,4670,230
8941,4670,230
8941,4670,230
8941,4670,230
8941,4670,230
8941,4670,230
8941,4670,230
8941,4670,230
8941,4670,230
8941,4670,230
8941,4670,230
8941,4670,230
8941,4670,230
8941,4670,230
8941,4670,230
8941,4670,230
8941,4670,230
8941,4670,230
8941,4670,230
8941,4670,230
8941,4670,230
8941,4670,230
8941,4670,230
8941,4670,230
8941,4670,230
8941,12618,230
8941,12618,230
8941,14366,230
2405,8117,231
7577,2405,231
7751,10658,231
7765,2595,231
7765,2595,231
7765,2595,231
8117,2405,231
8215,2998,231
8215,2998,231
8215,2998,231
8215,2998,231
8215,2998,231
8215,2998,231
8215,2998,231
8215,2998,231
8215,2998,231
8215,2998,231
8215,2998,231
8215,2998,231
8215,2998,231
8215,2998,231
8215,2998,231
8215,2998,231
8215,2998,231
8215,2998,231
8215,2998,231
8215,2998,231
8215,2998,231
8215,2998,231
8215,2998,231
8215,2998,231
8215,2998,231
8215,2998,231
8215,2998,231
8215,2998,231
8215,2998,231
8215,2998,231
8215,2998,231
8215,2998,231
8215,2998,231
8215,2998,231
8215,2998,231
8215,2998,231
8215,2998,231
8215,2998,231
8215,2998,231
8215,2998,231
8215,2998,231
8215,2998,231
8235,1969,231
8235,1969,231
8235,14137,231
8235,14137,231
8235,14137,231
8235,14137,231
8235,14137,231
8235,14137,231
8235,14137,231
8235,14137,231
8235,14137,231
8235,14137,231
8235,18313,231
8235,18313,231
8235,18313,231
8235,18313,231
8235,18313,231
8235,18313,231
8235,18313,231
8235,18313,231
8235,18313,231
8235,18313,231
8235,18313,231
8235,18313,231
8235,18313,231
8235,18313,231
8235,18313,231
8235,18313,231
8235,18313,231
8235,18313,231
8235,18313,231
8409,12618,231
8409,12618,231
8409,21136,231
8409,21136,231
8409,21136,231
8409,21136,231
8409,21136,231
8409,21136,231
8409,21136,231
8409,21136,231
8409,21136,231
8409,21136,231
8409,21136,231
8409,21136,231
8409,21136,231
8409,21136,231
8409,21136,231
8409,21136,231
8409,21136,231
8409,21136,231
8409,21136,231
8409,21136,231
8409,21136,231
8409,21136,231
8409,21136,231
8409,21136,231
8409,21136,231
8409,21136,231
8409,21136,231
8409,21136,231
8777,3396,231
8777,3396,231
8777,3396,231
8777,3396,231
8777,3403,231
8777,3403,231
8777,3403,231
8777,3403,231
8777,3403,231
8777,3403,231
8777,3403,231
8777,3403,231
8777,3403,231
8777,3403,231
8777,3403,231
8777,12080,231
8777,12080,231
8777,12080,231
8777,12080,231
8777,12080,231
8777,12080,231
8777,12080,231
8777,12080,231
8777,12080,231
8777,12080,231
8777,12080,231
8777,12080,231
8777,12080,231
8777,12080,231
8777,12080,231
8777,12080,231
8777,12080,231
8777,12080,231
8777,12080,231
8777,12080,231
8777,12080,231
8777,12080,231
8777,12080,231
8777,12080,231
8777,12080,231
8777,12080,231
8777,12080,231
8777,12080,231
9763,9764,231
7577,11237,232
8017,9667,232
8017,9667,232
8017,9667,232
8017,9667,232
8017,9667,232
8017,9667,232
8017,9667,232
8017,9667,232
8017,9667,232
8017,9667,232
8017,9667,232
8017,9667,232
8017,9667,232
8017,9667,232
8017,9667,232
8017,9667,232
8017,9667,232
8017,14500,232
8017,15601,232
8017,15601,232
8017,15601,232
8017,15601,232
8017,15601,232
8017,15601,232
8017,15601,232
8017,15601,232
8017,15601,232
8017,15601,232
8017,15601,232
8017,15601,232
8017,15601,232
8017,15601,232
8017,15601,232
8017,15601,232
8017,15601,232
8017,15601,232
8017,15601,232
8017,15601,232
8017,15609,232
8017,15807,232
8117,11237,232
8235,1969,232
8235,1969,232
8235,11807,232
8235,18313,232
8235,18313,232
8235,18313,232
8235,18313,232
8235,18313,232
8235,18313,232
8235,18313,232
8235,18313,232
8235,18313,232
8235,18313,232
8235,18313,232
8235,18313,232
8235,18313,232
8235,18313,232
8235,18313,232
8235,18313,232
8235,18313,232
8235,18313,232
8235,18313,232
8409,21136,232
8409,21136,232
8409,21136,232
8409,21136,232
8409,21136,232
8409,21136,232
8409,21136,232
8409,21136,232
8409,21136,232
8409,21136,232
8409,21136,232
8409,21136,232
8409,21136,232
8409,21136,232
8409,21136,232
8409,21136,232
8409,21136,232
8409,21136,232
8409,21136,232
8409,21136,232
8409,21136,232
8556,15601,232
8556,15601,232
8556,15601,232
8556,15601,232
8556,15601,232
8556,15601,232
8556,15601,232
8556,15601,232
8556,15601,232
8556,15601,232
8556,15601,232
8556,15601,232
8556,15601,232
8556,15601,232
8556,15613,232
8556,15616,232
8556,15616,232
8777,12080,232
8777,12080,232
8777,12080,232
8777,12080,232
8777,12080,232
8777,12080,232
8777,12080,232
8777,12080,232
8777,12080,232
8777,12080,232
8777,12080,232
8777,12080,232
8941,14555,232
8941,14555,232
8941,14555,232
8941,14555,232
8941,14555,232
8941,14555,232
8941,14555,232
8941,19791,232
11237,7706,232
11237,7863,232
11237,8117,232
7765,2405,233
7765,10215,233
7765,11101,233
7765,21136,233
7765,21136,233
7765,21136,233
7765,21136,233
7765,21136,233
7765,21136,233
7765,21136,233
7765,21136,233
7765,21136,233
7765,21136,233
7765,21136,233
7765,21136,233
7765,21136,233
7765,21136,233
7765,21136,233
7765,21136,233
7765,21136,233
7765,21136,233
7765,21136,233
7765,21136,233
7765,21136,233
7765,21136,233
7765,21136,233
7765,21136,233
7765,21136,233
7765,21136,233
7765,21136,233
7765,21136,233
7765,21136,233
7765,21136,233
7765,21136,233
7765,21136,233
7765,21136,233
7765,21136,233
7765,21136,233
7765,21136,233
7765,21136,233
7765,21136,233
7765,21136,233
7765,21136,233
7765,21136,233
7765,21136,233
7765,21136,233
7765,21136,233
7765,21136,233
7765,21136,233
7765,21136,233
7765,21136,233
7765,21136,233
7765,21136,233
7765,21136,233
7765,21136,233
7765,21136,233
7765,21136,233
7765,21136,233
8409,21136,233
8409,21136,233
8409,21136,233
8409,21136,233
8409,21136,233
8409,21136,233
8409,21136,233
8409,21136,233
8409,21136,233
8409,21136,233
8409,21136,233
8409,21136,233
8409,21136,233
8409,21136,233
8409,21136,233
8409,21136,233
8409,21136,233
8777,12080,233
8777,12080,233
8777,12080,233
8777,12080,233
8777,12080,233
8777,12080,233
8777,12080,233
8777,12080,233
8777,12080,233
8777,12080,233
8777,12080,233
8777,12080,233
8777,12080,233
8777,12080,233
8777,12080,233
8777,12080,233
8777,12080,233
8777,12080,233
8777,12080,233
8777,12080,233
8777,12080,233
8777,12080,233
8777,12080,233
8777,12080,233
8777,12080,233
8941,1761,233
8941,1761,233
8941,1761,233
8941,1761,233
8941,1761,233
8941,1761,233
8941,1761,233
8941,1761,233
8941,1761,233
8941,1761,233
8941,1761,233
8941,1761,233
8941,1761,233
8941,1761,233
8941,1761,233
8941,1761,233
8941,1761,233
8941,1761,233
8941,1761,233
8941,1762,233
8941,14555,233
2405,8117,234
7577,9766,234
7577,11101,234
7607,10215,234
7607,11101,234
7607,11237,234
7765,21136,234
7765,21136,234
7765,21136,234
7765,21136,234
7765,21136,234
7765,21136,234
7765,21136,234
7765,21136,234
7765,21136,234
7765,21136,234
7765,21136,234
7765,21136,234
7765,21136,234
7765,21136,234
7765,21136,234
7765,21136,234
7765,21136,234
7765,21136,234
7765,21136,234
7765,21136,234
7765,21136,234
7765,21136,234
7765,21136,234
7765,21136,234
7765,21136,234
7765,21136,234
7765,21136,234
7765,21136,234
7897,11237,234
8117,2405,234
8215,9925,234
8215,9925,234
8215,9925,234
8215,9925,234
8215,9925,234
8409,21136,234
8409,21136,234
8409,21136,234
8409,21136,234
8409,21136,234
8409,21136,234
8409,21136,234
8409,21136,234
8409,21136,234
8409,21136,234
8409,21136,234
8409,21136,234
8409,21136,234
8409,21136,234
8409,21136,234
8409,21136,234
8409,21136,234
8409,21136,234
8409,21136,234
8409,21136,234
8409,21136,234
8409,21136,234
8409,21136,234
8409,21136,234
8409,21136,234
8409,21136,234
8409,21136,234
8409,21136,234
8556,14502,234
8556,14502,234
8556,14502,234
8556,14502,234
8556,14502,234
8556,14502,234
8556,14502,234
8556,14502,234
7577,9765,235
7765,21136,235
7765,21136,235
7765,21136,235
7765,21136,235
7765,21136,235
7765,21136,235
7765,21136,235
7765,21136,235
7765,21136,235
7765,21136,235
7765,21136,235
7765,21136,235
7765,21136,235
7765,21136,235
7765,21136,235
7765,21136,235
7765,21136,235
7765,21136,235
7765,21136,235
7765,21136,235
7765,21136,235
7765,21136,235
7765,21136,235
7765,21136,235
7765,21136,235
7765,21136,235
7765,21136,235
7765,21136,235
7765,21136,235
7765,21136,235
7765,21136,235
7765,21136,235
7765,21136,235
7765,21136,235
7765,21136,235
8017,9667,235
8017,9667,235
8017,9667,235
8017,9667,235
8017,9667,235
8017,9667,235
8017,9667,235
8017,9667,235
8017,9667,235
8017,9667,235
8017,9667,235
8017,9667,235
8017,9667,235
8017,9667,235
8017,9667,235
8017,9667,235
8017,9667,235
8017,9667,235
8017,9667,235
8017,10215,235
8017,11101,235
8017,15807,235
8017,15807,235
8215,11101,235
8235,18313,235
8235,18321,235
8235,18321,235
8235,18321,235
8235,18321,235
8235,18321,235
8235,18321,235
8235,18321,235
8235,18321,235
8235,18321,235
8235,18321,235
8235,18321,235
8235,18321,235
8235,18321,235
8235,18321,235
8274,11101,235
8409,21136,235
8409,21136,235
8409,21136,235
8409,21136,235
8409,21136,235
8409,21136,235
8409,21136,235
8409,21136,235
8409,21136,235
8409,21136,235
8409,21136,235
8409,21136,235
8409,21136,235
8409,21136,235
8409,21136,235
8409,21136,235
8409,21136,235
8409,21136,235
8409,21136,235
8941,1761,235
8941,1761,235
8941,1761,235
8941,1761,235
8941,1761,235
8941,1761,235
8941,1761,235
8941,1761,235
8941,1761,235
8941,1761,235
8941,1761,235
8941,1761,235
8941,1761,235
8941,1761,235
7577,10658,236
7706,11443,236
7765,18321,236
7765,22652,236
7765,22652,236
7765,22652,236
7765,22652,236
7765,22652,236
7765,22652,236
7765,22652,236
7765,22652,236
7765,22652,236
7765,22652,236
7765,22652,236
7765,22652,236
7765,22652,236
7765,22652,236
7765,22652,236
7765,22652,236
7765,22652,236
7765,22652,236
7765,22652,236
7765,22652,236
7765,22652,236
7765,22652,236
7765,22652,236
7765,22652,236
7765,22652,236
7765,22652,236
7765,22652,236
7765,22652,236
7765,22652,236
7765,22652,236
7765,22652,236
7765,22652,236
8017,9667,236
8017,9667,236
8017,15807,236
8235,11101,236
8409,21136,236
8409,21136,236
8409,21136,236
8409,21136,236
8409,21136,236
8409,21136,236
8409,21136,236
8409,21136,236
8409,21136,236
8409,21136,236
8409,21136,236
8409,21136,236
8409,21136,236
8409,21136,236
8409,21136,236
8409,21136,236
8409,21136,236
8409,21136,236
8409,21136,236
8409,21136,236
8409,21136,236
8409,21136,236
8409,21136,236
8409,21136,236
8409,21136,236
8409,21136,236
8409,21136,236
8409,21136,236
8556,11750,236
8556,11754,236
8556,11754,236
8556,11754,236
8556,11754,236
8556,11754,236
8556,11754,236
8556,11754,236
8556,11754,236
8556,14502,236
8777,2299,236
8777,2299,236
8777,2299,236
8777,2299,236
8941,1760,236
8941,1760,236
8941,1760,236
8941,1760,236
8941,1760,236
8941,1760,236
8941,1760,236
8941,1760,236
8941,1760,236
8941,1760,236
8941,1760,236
8941,1760,236
8941,1760,236
8941,1761,236
8941,1761,236
8941,1761,236
8941,1761,236
8941,1761,236
8941,1761,236
8941,1761,236
8941,1761,236
8941,1761,236
8941,1761,236
8941,1761,236
8941,1761,236
8941,1761,236
8941,1761,236
8941,1761,236
8941,1761,236
8941,1761,236
8941,1761,236
8941,1761,236
9765,7577,236
10658,8235,236
7607,11237,237
7765,14544,237
7765,14544,237
7765,14544,237
7765,14544,237
7765,14544,237
7765,14544,237
7765,14544,237
7765,14544,237
7765,14544,237
7765,14544,237
7765,14544,237
7765,14544,237
8017,10215,237
8017,10658,237
8017,11443,237
8235,18313,237
8235,18321,237
8235,18321,237
8235,18321,237
8941,21359,237
8941,21359,237
10658,8215,237
7706,18788,238
7706,18790,238
7765,14537,238
7765,17948,238
7765,17948,238
7765,17948,238
7765,17948,238
7765,17948,238
7765,17948,238
7765,17948,238
7765,17948,238
7765,17948,238
7765,17948,238
7765,17948,238
7765,17948,238
7765,17948,238
7765,20228,238
7765,25290,238
7918,11394,238
8017,15828,238
8017,15828,238
8017,15828,238
8017,15828,238
8017,15828,238
8017,15828,238
8017,15828,238
8017,15828,238
8017,15828,238
8017,15828,238
8017,15828,238
8017,18909,238
8409,21136,238
8409,21136,238
8409,21136,238
8409,21136,238
8409,21136,238
8409,21136,238
8409,21136,238
8409,21136,238
8409,21136,238
8409,21136,238
8409,21136,238
8409,21136,238
8409,21136,238
8409,21136,238
8409,21136,238
7706,18535,239
7765,25290,239
8017,15827,239
8117,11443,239
8215,2637,239
8215,2637,239
8215,2637,239
8215,2637,239
8215,2637,239
8215,2637,239
8215,2637,239
8235,18313,239
8235,18321,239
8235,18321,239
8777,18788,239
8777,18790,239
8941,17963,239
8941,21359,239
8941,21359,239
8941,22565,239
8941,22565,239
7577,11394,240
7706,18788,240
7706,18790,240
7706,18790,240
7706,18790,240
7706,18790,240
7706,18790,240
7706,18790,240
7706,18790,240
7706,18790,240
7706,21769,240
7706,23862,240
7765,14537,240
8409,21136,240
8409,21202,240
8409,21202,240
8409,21202,240
8409,21202,240
8409,21202,240
8409,21202,240
8409,21202,240
8409,21202,240
8409,21202,240
8409,21202,240
8409,21202,240
8409,21202,240
8409,21202,240
8409,21202,240
8409,21202,240
8409,21202,240
8409,21202,240
8409,21202,240
8409,21202,240
8409,21202,240
8409,21202,240
8409,21202,240
8409,21202,240
8409,21202,240
8409,21202,240
8409,21202,240
8409,21202,240
8409,21202,240
8409,21202,240
8777,10470,240
8777,10470,240
8777,10470,240
8777,10470,240
8777,10470,240
8777,10470,240
8777,10471,240
8777,10471,240
8777,10471,240
8941,17963,240
8941,22565,240
8941,22565,240
10215,7706,240
11394,7765,240
8017,11824,241
8215,2637,241
8215,2637,241
8215,2637,241
8215,2637,241
8409,14473,241
8409,14473,241
8409,14473,241
9763,9764,241
7706,18788,242
7706,18790,242
8017,15828,242
8017,15828,242
8017,15828,242
8017,15828,242
8017,15828,242
8017,15828,242
8017,15828,242
8017,15828,242
8017,15828,242
8017,15828,242
8017,15828,242
8017,18909,242
8017,20377,242
8017,20377,242
8017,20377,242
8017,20377,242
8017,20377,242
8017,20377,242
8017,20377,242
8017,20377,242
8017,20377,242
8017,20377,242
8017,20377,242
8017,20377,242
8017,20377,242
8017,20377,242
8017,20377,242
8017,20377,242
8215,2637,242
8215,2637,242
8409,23956,242
8409,23956,242
8409,23956,242
8409,23956,242
8409,23956,242
8409,23956,242
8409,23956,242
8409,23956,242
8409,23956,242
8409,23956,242
8409,23956,242
8777,10470,242
8777,10470,242
8777,10470,242
8777,12618,242
8777,12618,242
8777,18170,242
8777,18170,242
8777,18170,242
8777,18170,242
8777,18170,242
8777,18170,242
8777,18170,242
8777,18170,242
8777,18170,242
8777,18170,242
8777,18170,242
8777,18170,242
8777,18170,242
8777,18170,242
8777,18170,242
8777,18170,242
8777,18170,242
8777,18170,242
8777,18170,242
8777,18170,242
8777,18170,242
8777,18170,242
8777,18170,242
8777,18170,242
8777,18170,242
8777,18170,242
8777,18170,242
8777,18170,242
8777,18170,242
8777,18170,242
8777,18170,242
8777,18170,242
8777,18170,242
7706,10658,243
7706,18788,243
7706,18788,243
7706,18788,243
7706,18790,243
7706,18790,243
7706,18790,243
7706,18790,243
7706,18790,243
7706,18790,243
7706,18790,243
7706,18790,243
7706,18790,243
7706,18790,243
7706,18790,243
7706,18790,243
7706,18790,243
7706,18790,243
7706,18790,243
7751,10658,243
8017,12617,243
8215,15189,243
8215,15189,243
8215,15189,243
8215,15189,243
8215,15189,243
8215,15189,243
8215,15189,243
8215,15189,243
8215,15189,243
8215,15189,243
8215,15189,243
8215,15189,243
8215,15189,243
8215,15189,243
8215,15189,243
8215,15189,243
8215,15189,243
8215,15189,243
8215,15189,243
8215,15189,243
8215,15189,243
8215,15189,243
8215,16920,243
8409,22602,243
8777,21136,243
8777,21136,243
8777,21136,243
8777,21136,243
8777,21136,243
8777,21136,243
8777,21136,243
8777,21136,243
8777,21136,243
8777,21136,243
8777,21136,243
8777,21136,243
8777,21136,243
8777,21136,243
8777,21136,243
8777,21136,243
8777,21136,243
8777,21136,243
8777,21136,243
8777,21136,243
8777,21136,243
8777,21136,243
8777,21136,243
8777,21136,243
8777,21136,243
8777,21136,243
8777,21136,243
8777,21136,243
8777,21136,243
8777,21136,243
8777,21136,243
8777,21136,243
8777,21136,243
8777,21136,243
8777,21136,243
8777,21136,243
8777,21136,243
8777,21136,243
8777,21136,243
8777,21136,243
8777,21136,243
8777,21136,243
8777,21136,243
8777,21136,243
8777,21136,243
8777,21136,243
8777,21136,243
8777,21136,243
8777,21136,243
2405,8215,244
7706,18788,244
7706,18788,244
7706,18790,244
7706,18790,244
7706,18790,244
7706,18790,244
7706,18790,244
7706,18790,244
7706,18790,244
7918,10215,244
8235,11101,244
8274,2538,244
8274,11443,244
8409,23884,244
8409,23884,244
8409,23884,244
8409,23886,244
8409,23886,244
8409,23886,244
8409,23886,244
8409,23886,244
8409,23886,244
8409,23886,244
8409,23886,244
8409,23886,244
8409,23886,244
8409,23886,244
8409,23886,244
8409,23886,244
8409,23886,244
8409,23886,244
8409,23886,244
8409,23886,244
8409,23886,244
8409,23886,244
8409,23886,244
8409,23886,244
8409,23886,244
8777,21136,244
8777,21136,244
8777,21136,244
8777,21136,244
8777,21136,244
8777,21136,244
8777,21136,244
8777,21136,244
8777,21136,244
8777,21136,244
8777,21136,244
8777,21136,244
8777,21136,244
8777,21136,244
8777,21136,244
8777,21136,244
8777,21136,244
8941,17963,244
8941,17963,244
8941,22565,244
8941,22565,244
8941,22565,244
8941,22565,244
7765,18575,245
7765,18575,245
7765,18575,245
7765,18575,245
8017,11443,245
8777,21136,245
8777,21136,245
8777,21136,245
8777,21136,245
8777,21136,245
8777,21136,245
8777,21136,245
8777,21136,245
8777,21136,245
8777,21136,245
8777,21136,245
8777,21136,245
8777,21136,245
8777,21136,245
8777,21136,245
8777,21136,245
8777,21136,245
8777,21136,245
8777,21136,245
8777,21136,245
8777,21136,245
8777,21136,245
8777,21136,245
8777,21136,245
8777,21136,245
8777,21136,245
8777,21136,245
8777,21136,245
2538,7863,246
7577,2538,246
7706,18788,246
7706,18790,246
7706,18790,246
7706,18790,246
7706,18790,246
7706,18790,246
7706,18790,246
7706,18790,246
7706,18790,246
7765,18535,246
8215,15187,246
8215,15187,246
8215,15187,246
8215,15187,246
8215,15187,246
8215,15187,246
8215,15187,246
8215,15187,246
8215,15187,246
8215,15187,246
8215,15187,246
8215,15187,246
8215,15187,246
8215,15187,246
8409,23884,246
8409,23884,246
8409,23884,246
8409,23884,246
8409,23884,246
8409,23884,246
8409,23884,246
8409,23884,246
8409,23884,246
8409,23884,246
8409,23884,246
8409,23884,246
8409,23884,246
8409,23884,246
8409,23884,246
8409,23884,246
8409,23884,246
8409,23886,246
8409,23886,246
8409,23886,246
8409,23886,246
8409,23886,246
8409,23886,246
8409,23886,246
8777,21136,246
8777,21136,246
8777,21136,246
8777,21136,246
8777,21136,246
8777,21136,246
8777,21136,246
8777,21136,246
8777,21136,246
8777,21136,246
8777,21136,246
8777,21136,246
8777,21136,246
8777,21136,246
8777,21136,246
8777,21136,246
8777,21136,246
8777,21136,246
8777,21136,246
8941,17963,246
8941,17963,246
8941,22565,246
8941,22565,246
8941,22565,246
8941,22565,246
10851,7751,246
10851,7765,246
10851,7863,246
10851,7897,246
10851,8236,246
2405,8215,247
7577,2405,247
7577,11443,247
7706,18788,247
7706,18790,247
7706,18790,247
7765,2299,247
7765,2299,247
7765,2299,247
7765,2299,247
7765,2299,247
7765,2299,247
7765,2299,247
7765,2299,247
7765,2299,247
7765,2299,247
7765,2299,247
7765,2299,247
7765,2299,247
7765,2299,247
7765,2299,247
7765,2299,247
7765,2299,247
7765,2299,247
7765,2299,247
7765,2299,247
7765,2299,247
7765,2299,247
7765,2299,247
7863,11394,247
7918,2538,247
8215,15187,247
8215,15187,247
8215,15187,247
8215,15187,247
8215,15187,247
8215,15187,247
8215,15187,247
8215,15187,247
8215,15187,247
8215,15187,247
8215,15187,247
8215,15187,247
8215,15187,247
8215,15187,247
8215,15187,247
8215,15187,247
8215,15187,247
8215,15187,247
8215,15187,247
8215,15187,247
8215,15187,247
8215,15187,247
8215,15187,247
8777,21136,247
8777,21136,247
8777,21136,247
8777,21136,247
8777,21136,247
8777,21136,247
8777,21136,247
8777,21136,247
8777,21136,247
8777,21136,247
8777,21136,247
8777,21136,247
8777,21136,247
8777,21136,247
8777,21136,247
8777,21136,247
8777,21136,247
8777,21136,247
8777,21136,247
8777,21136,247
8777,21136,247
8777,21136,247
8777,21136,247
8777,21136,247
8777,21136,247
8777,21136,247
8777,21136,247
8777,21136,247
8777,21136,247
8777,21136,247
8777,21136,247
8777,21136,247
8777,21136,247
8777,21136,247
8777,21136,247
8777,21136,247
8777,21136,247
8777,21136,247
8777,21136,247
8777,21136,247
8777,21136,247
8777,21136,247
8777,21136,247
8777,21136,247
8777,21202,247
8777,21202,247
8777,21202,247
8777,21202,247
8777,21202,247
8777,21202,247
8777,21202,247
8777,21202,247
8777,21202,247
8777,21202,247
8777,21202,247
8777,21202,247
8777,21202,247
8777,21202,247
8777,21202,247
8777,21202,247
8777,21202,247
8777,21202,247
8777,21202,247
8777,21202,247
8777,21202,247
8777,21202,247
8777,21202,247
8777,21202,247
8777,21202,247
8777,21202,247
8777,21202,247
8777,21202,247
8777,21202,247
11443,7751,247
7765,2299,248
7765,2299,248
7765,2299,248
7765,2299,248
7765,2299,248
7765,2299,248
7765,2299,248
7765,2299,248
7765,2299,248
7765,2299,248
7765,2299,248
7765,2299,248
7765,2299,248
8017,11237,248
8017,11394,248
8017,14545,248
8017,14545,248
8017,14545,248
8017,14545,248
8017,14545,248
8017,14545,248
8017,14545,248
8017,14545,248
8017,14545,248
8017,14545,248
8017,14545,248
8017,14545,248
8017,14545,248
8017,15828,248
8017,15828,248
8017,15828,248
8017,15828,248
8017,15828,248
8017,15828,248
8017,15828,248
8017,15828,248
8017,15828,248
8017,15828,248
8017,15828,248
8017,15828,248
8017,15828,248
8017,18909,248
8017,20377,248
8215,11101,248
8215,15187,248
8215,15187,248
8215,15187,248
8215,15187,248
8215,15187,248
8215,15187,248
8215,15187,248
8215,15187,248
8215,15187,248
8215,15187,248
8215,15187,248
8215,15187,248
8215,15187,248
8215,15187,248
8215,15187,248
8215,15187,248
8215,15187,248
8215,15187,248
8215,15187,248
8215,15187,248
8215,15187,248
8215,15187,248
8215,15187,248
8274,2538,248
7706,18788,249
7706,18788,249
7706,18788,249
7706,18788,249
7706,18790,249
7706,18790,249
7706,18790,249
7706,18790,249
7706,18790,249
7706,18790,249
7706,18790,249
7706,25341,249
7706,25341,249
7706,25341,249
7706,25341,249
7706,25341,249
7706,25341,249
7706,25341,249
7706,25341,249
7706,25341,249
7706,25341,249
7706,25341,249
7706,25341,249
7706,25341,249
7706,25341,249
7706,25341,249
7706,25341,249
7706,25341,249
7706,25341,249
7706,25341,249
7706,25341,249
7706,25341,249
7706,25341,249
7706,25341,249
7706,25341,249
7765,13934,249
7765,14085,249
7765,14085,249
7765,14085,249
8017,15829,249
8017,15829,249
8017,15829,249
8017,15829,249
8017,15829,249
8017,15829,249
8017,15829,249
8017,15829,249
8017,15829,249
8017,15829,249
8017,15829,249
8017,18909,249
8409,20954,249
8409,20954,249
8409,20954,249
8409,20954,249
8409,20954,249
8409,20954,249
8409,20954,249
8409,20954,249
8409,20954,249
8409,20954,249
8409,20954,249
8409,20954,249
8409,20954,249
8409,20954,249
8409,20954,249
8409,20954,249
8409,20954,249
8409,20954,249
8409,20954,249
8409,20954,249
8409,20954,249
8409,23884,249
8409,23884,249
8409,23884,249
7577,9766,250
7765,16124,250
7765,16124,250
7765,16124,250
7765,18788,250
7765,18790,250
8017,15828,250
8017,15828,250
8017,18644,250
8017,18644,250
8017,18644,250
8017,18644,250
8017,18644,250
8017,18644,250
8017,18644,250
8017,18644,250
8017,18644,250
8017,18644,250
8017,18644,250
8017,18644,250
8017,18644,250
8017,18644,250
8215,16334,250
8215,24844,250
8215,24844,250
8215,24844,250
8215,24844,250
8215,24844,250
8215,24844,250
8215,24844,250
8215,24844,250
8215,24844,250
8215,24844,250
8215,24844,250
8215,24844,250
8215,24844,250
8215,24844,250
8215,24844,250
8215,24844,250
8215,24844,250
8215,24844,250
8215,24844,250
8215,24844,250
8215,24844,250
8215,24844,250
8215,24844,250
8215,24844,250
8327,15597,250
8327,15600,250
8327,15601,250
8327,15601,250
8327,15601,250
8327,15601,250
8327,15601,250
8327,15601,250
8327,15601,250
8327,15601,250
8327,15601,250
8327,15601,250
8327,15601,250
8327,15601,250
8327,15601,250
8327,15601,250
8327,15601,250
8327,15601,250
8327,15601,250
8327,15601,250
8327,15601,250
8327,15601,250
8327,15601,250
8327,15601,250
8327,15601,250
8327,15601,250
8327,15601,250
8327,15601,250
8327,15601,250
8327,15601,250
8327,15601,250
8327,15601,250
8327,15601,250
8327,15601,250
8327,15601,250
8327,15601,250
8327,15601,250
8327,15601,250
8327,15609,250
8327,15609,250
8409,20954,250
8409,23884,250
7577,9765,251
7706,10658,251
7706,11394,251
7706,18535,251
7706,18535,251
7706,18535,251
7706,18535,251
7706,18535,251
7706,25341,251
7706,25341,251
7706,25341,251
8215,17262,251
8215,24242,251
8215,24242,251
8215,24242,251
8215,24242,251
8215,24242,251
8215,24242,251
8215,24242,251
8215,24242,251
8215,24242,251
8215,24242,251
8327,14500,251
8327,15596,251
8327,15601,251
8327,15601,251
8327,15601,251
8327,15601,251
8327,15601,251
8327,15601,251
8327,15601,251
8327,15601,251
8327,15601,251
8327,15601,251
8327,15601,251
8327,15601,251
8327,15601,251
8327,15601,251
8327,15601,251
8327,15601,251
8327,15601,251
8327,15601,251
8327,15601,251
8327,15601,251
8327,15601,251
8327,15601,251
8327,15601,251
8327,15601,251
8327,15601,251
8327,15601,251
8327,15601,251
8327,15601,251
8327,15601,251
8327,15601,251
8327,15601,251
8327,15601,251
8327,15601,251
8327,15609,251
8327,15609,251
8327,15609,251
8327,15609,251
8327,15609,251
8327,15609,251
8327,15609,251
8327,15609,251
8327,15612,251
8409,11712,251
8409,11712,251
8409,11712,251
8409,11712,251
8409,11712,251
8409,11712,251
8409,23884,251
8777,14473,251
8777,14473,251
8777,14473,251
8777,23956,251
8777,23956,251
8777,23956,251
8777,23956,251
8777,23956,251
8777,23956,251
8777,23956,251
8777,23956,251
8777,23956,251
8777,23956,251
8777,23956,251
9763,9764,251
2538,7751,252
2538,8117,252
7607,2405,252
7706,15597,252
7706,15600,252
7706,15601,252
7706,15601,252
7706,15601,252
7706,15601,252
7706,15601,252
7706,15601,252
7706,15601,252
7706,15601,252
7706,15601,252
7706,15601,252
7706,15601,252
7706,15601,252
7706,15601,252
7706,15601,252
7706,15601,252
7706,15601,252
7706,15601,252
7706,15601,252
7706,15601,252
7706,15601,252
7706,15601,252
7706,15601,252
7706,15601,252
7706,15601,252
7706,15601,252
7706,15601,252
7706,15601,252
7706,15601,252
7706,15601,252
7706,15601,252
7706,15601,252
7706,15601,252
7706,15601,252
7706,15601,252
7706,15601,252
7706,15601,252
7706,15609,252
7706,15609,252
7751,11394,252
7765,25507,252
7765,25507,252
7765,25507,252
7765,25507,252
7765,25507,252
7765,25507,252
7765,25507,252
7765,25507,252
7765,25507,252
7765,25507,252
7765,25507,252
7765,25507,252
7765,25507,252
7765,25507,252
7765,25507,252
7765,25507,252
7765,25508,252
8017,18644,252
8017,18644,252
8017,18644,252
8117,2538,252
8215,17262,252
8215,24242,252
8215,24242,252
8215,24242,252
8215,24242,252
8215,24242,252
8215,24242,252
8215,24242,252
8274,11237,252
8409,11712,252
8409,11712,252
8409,23884,252
8777,22602,252
8941,17963,252
8941,17963,252
8941,22565,252
8941,22565,252
8941,22565,252
8941,22565,252
9765,7577,252
7706,18535,253
7765,16933,253
7765,16933,253
7765,16933,253
7765,16933,253
7765,16933,253
7765,16933,253
7765,16933,253
7765,16933,253
7765,18788,253
7765,18788,253
7765,18790,253
7765,18790,253
7765,18790,253
7765,18790,253
7765,18790,253
7765,18790,253
7765,18790,253
7765,18790,253
7765,18790,253
7765,18790,253
7765,18790,253
7765,18790,253
7765,18790,253
7765,25507,253
7765,25507,253
7765,25507,253
7765,25507,253
7765,25507,253
7765,25507,253
7765,25507,253
8017,11237,253
8017,18644,253
8017,18644,253
8017,18644,253
8017,18644,253
8017,18644,253
8017,18644,253
8017,18644,253
8017,18644,253
8017,18644,253
8117,11394,253
8215,24242,253
8215,24242,253
8235,11394,253
8777,23884,253
8777,23884,253
8777,23884,253
8777,23884,253
8777,23884,253
8777,23884,253
8777,23886,253
8777,23886,253
8777,23886,253
8777,23886,253
8777,23886,253
8777,23886,253
8777,23886,253
8777,23886,253
8777,23886,253
8777,23886,253
8777,23886,253
8777,23886,253
8777,23886,253
8777,23886,253
8777,23886,253
8777,23886,253
8777,23886,253
8777,23886,253
8777,23886,253
8777,23886,253
8777,23886,253
8777,23886,253
8777,23886,253
8777,23886,253
8777,23886,253
8777,23886,253
8777,23886,253
8777,23886,253
8777,23886,253
11394,7706,253
11394,7765,253
11394,7863,253
11394,7897,253
11394,7918,253
11394,8017,253
11394,8117,253
11394,8215,253
11394,8235,253
11394,8236,253
11394,8274,253
7706,18313,254
7706,18313,254
7706,18313,254
7706,18313,254
7706,18313,254
7706,18313,254
7706,18313,254
7706,18313,254
7706,18313,254
7706,18313,254
7706,18313,254
7706,18313,254
7706,18313,254
7706,18313,254
7706,18313,254
7706,18313,254
7706,18313,254
7706,18313,254
7706,18313,254
7765,18788,254
7765,18788,254
7765,18790,254
7765,18790,254
7765,18790,254
7765,18790,254
7765,18790,254
7765,18790,254
7765,18790,254
7765,18790,254
7765,18790,254
7765,18790,254
7765,18790,254
7765,18790,254
8017,23631,254
8017,23631,254
8017,23631,254
8017,23631,254
8017,23631,254
8017,23631,254
8017,23631,254
8017,23631,254
8017,23631,254
8017,23631,254
8017,23631,254
8017,23631,254
8017,23631,254
8017,23631,254
8017,23631,254
8017,23631,254
8017,23631,254
8017,23631,254
8017,24251,254
8327,4670,254
8327,4670,254
8327,4670,254
8327,4670,254
8327,4670,254
8327,4670,254
8327,4670,254
8327,4670,254
8327,4670,254
8327,4670,254
8327,4670,254
8327,4670,254
8327,4670,254
8327,4670,254
8327,4670,254
8327,4670,254
8327,4670,254
8327,4670,254
8327,4670,254
8327,4670,254
8327,4670,254
8327,4670,254
8327,4670,254
8327,4670,254
8327,4670,254
8327,4670,254
8327,4670,254
8327,4670,254
8327,4670,254
8327,4670,254
8327,4670,254
8327,4670,254
8327,4670,254
8327,4670,254
8327,4670,254
8327,4670,254
8327,4670,254
8327,4670,254
8327,4670,254
8327,4670,254
8327,4670,254
8777,23884,254
8777,23884,254
8777,23884,254
8777,23884,254
8777,23884,254
8777,23884,254
8777,23884,254
8777,23884,254
8777,23884,254
8777,23884,254
8777,23884,254
8777,23884,254
8777,23884,254
8777,23884,254
8882,10215,254
7577,11101,255
7765,18788,255
7765,18790,255
7765,18790,255
7765,18790,255
7765,18790,255
7765,18790,255
7765,18790,255
7765,18790,255
7765,18790,255
7765,18790,255
7765,18790,255
7765,18790,255
7765,18790,255
7765,18790,255
8215,24242,255
8215,24242,255
8215,24242,255
8235,10658,255
8235,11394,255
8327,4670,255
8327,4670,255
8327,4670,255
8327,4670,255
8327,4670,255
8327,4670,255
8327,4670,255
8327,4670,255
8409,11712,255
8409,11712,255
8409,11712,255
8409,11712,255
8409,19766,255
10139,7706,255
10139,7765,255
10139,7897,255
10139,7918,255
10139,8017,255
11101,7706,255
7706,18313,256
7706,18313,256
7706,18313,256
7706,18313,256
7706,18313,256
7706,18313,256
7706,18313,256
7706,18313,256
7706,18313,256
7706,18313,256
7706,18313,256
7706,18313,256
7706,18313,256
7706,18313,256
7706,18313,256
7706,18313,256
7706,18313,256
7706,18313,256
7706,18313,256
7706,18313,256
7706,18313,256
7706,18313,256
7706,18313,256
7706,18313,256
7706,18313,256
7706,18313,256
7706,18313,256
7706,18313,256
7706,18313,256
7706,18313,256
7706,18313,256
7706,18313,256
7706,18313,256
7706,18313,256
7706,18313,256
7706,18313,256
7706,18313,256
7706,18313,256
7706,18313,256
7706,18313,256
7706,18313,256
7706,18313,256
7706,18313,256
7706,18313,256
7706,18313,256
7706,18313,256
7706,18313,256
7706,18313,256
7706,18313,256
7706,18313,256
7706,18313,256
7706,18313,256
7765,18170,256
7765,18170,256
7765,18170,256
7765,18170,256
7765,18170,256
7765,18170,256
7765,18170,256
7765,18170,256
7765,18170,256
7765,18170,256
7765,18170,256
7765,18170,256
7765,18170,256
7765,18170,256
7765,18170,256
7765,18170,256
7765,18170,256
7765,18170,256
7765,18170,256
7765,18170,256
7765,18170,256
7765,18170,256
7765,18170,256
7765,18170,256
7765,18170,256
7765,18170,256
7765,18170,256
7765,18170,256
7765,18170,256
7765,18170,256
7765,18170,256
7765,18170,256
7765,18170,256
7897,10658,256
8017,11946,256
8215,16053,256
8215,16053,256
8215,16053,256
8215,16053,256
8409,4442,256
8409,4442,256
8409,4442,256
8409,4442,256
8409,4442,256
8409,4442,256
8409,4442,256
8409,4442,256
8409,4442,256
8409,4442,256
8409,4442,256
8409,4442,256
8770,22601,256
8777,20954,256
8777,20954,256
8777,20954,256
8777,20954,256
8777,20954,256
8777,20954,256
8777,20954,256
8777,20954,256
8777,20954,256
8777,20954,256
8777,20954,256
8777,20954,256
8777,20954,256
8777,20954,256
8777,20954,256
8777,20954,256
8777,20954,256
8777,20954,256
8777,20954,256
8777,20954,256
8777,20954,256
8777,23884,256
8777,23884,256
8777,23884,256
10139,7706,256
7607,2405,257
7706,2974,257
7706,2974,257
7706,2974,257
7706,2974,257
7706,2974,257
7706,2974,257
7706,2974,257
7706,2974,257
7706,2974,257
7706,2974,257
7706,2974,257
7706,2974,257
7706,2974,257
7706,2974,257
7706,2974,257
7706,2974,257
7706,2974,257
7706,2974,257
7706,2974,257
7706,2978,257
7765,25507,257
7765,25507,257
7765,25507,257
7765,25507,257
7918,10658,257
8215,16053,257
8215,16053,257
8215,16053,257
8215,16053,257
8215,16053,257
8215,16053,257
8327,4670,257
8327,4670,257
8327,4670,257
8327,4670,257
8409,4442,257
8409,4442,257
8409,4442,257
8409,4442,257
8409,4442,257
8409,4442,257
8409,4442,257
8409,4442,257
8409,4442,257
8409,21261,257
8409,21261,257
8409,21261,257
8409,21261,257
8409,21261,257
8409,21261,257
8409,21261,257
8409,21261,257
8409,21261,257
8409,21261,257
8409,21261,257
8409,21261,257
8770,18142,257
8770,18142,257
8770,18142,257
8770,18142,257
8770,18142,257
8770,18142,257
8770,18142,257
8770,18142,257
8770,18142,257
8770,18142,257
8770,18142,257
8770,18142,257
8770,18142,257
8770,18142,257
8770,18142,257
8770,18142,257
8770,18142,257
8770,18142,257
8770,18142,257
8770,18142,257
8770,18142,257
7706,2974,258
7706,24459,258
8235,11101,258
8235,11237,258
8235,11394,258
8235,11443,258
8409,21261,258
8770,14500,258
8770,18141,258
8770,18142,258
8770,18142,258
8770,18142,258
8770,18142,258
8770,18142,258
8770,18142,258
8770,18142,258
8770,18142,258
8770,18142,258
8770,18142,258
8770,18142,258
8770,18142,258
8770,18142,258
8770,18142,258
8770,18142,258
8770,18142,258
8770,18142,258
8770,18142,258
8770,18142,258
8770,18142,258
8770,18142,258
8770,18142,258
8777,20954,258
8777,23884,258
10139,8215,258
2538,8117,259
7706,2974,259
7706,2974,259
7765,15145,259
7765,18166,259
7765,18170,259
7765,18170,259
7765,18170,259
7765,18170,259
7765,18170,259
7765,18170,259
7765,18170,259
7765,18170,259
7765,18170,259
7765,18170,259
7765,18170,259
7765,18170,259
7765,18170,259
7765,18170,259
7765,18170,259
7765,18170,259
7765,18170,259
7765,18170,259
7765,18170,259
7765,18170,259
7765,18170,259
7765,18170,259
7765,18170,259
7765,18170,259
7765,18170,259
7765,18170,259
7765,18170,259
7765,18170,259
7765,18170,259
7765,18170,259
7765,18170,259
7765,18170,259
7765,18170,259
7897,2405,259
8117,2538,259
8215,16053,259
8215,16053,259
8215,16053,259
8215,16053,259
8215,16053,259
8215,16053,259
8215,16053,259
8327,4670,259
8327,4670,259
8327,4670,259
8327,4670,259
8327,4670,259
8327,4670,259
8327,4670,259
8327,4670,259
8327,13934,259
8327,14085,259
8327,14085,259
8327,14085,259
8327,18170,259
8327,18170,259
8327,18170,259
8327,18170,259
8327,18170,259
8327,18170,259
8327,18170,259
8327,18170,259
8327,18170,259
8327,18170,259
8327,18170,259
8327,18170,259
8327,18170,259
8327,18170,259
8327,18170,259
8327,18170,259
8327,18170,259
8327,18170,259
8327,18170,259
8327,18170,259
8327,18170,259
8327,18170,259
8327,18170,259
8327,18170,259
8327,18170,259
8327,18170,259
8327,18170,259
8327,18170,259
8327,18170,259
8327,18170,259
8327,18170,259
8327,18170,259
8327,18170,259
8409,21261,259
8409,21261,259
8409,21261,259
8409,21261,259
8409,21261,259
8409,21261,259
8409,21261,259
8409,21261,259
8409,21261,259
8770,18142,259
8770,18142,259
8770,18142,259
8770,18142,259
8770,18142,259
8770,18142,259
8770,18142,259
8770,18142,259
8770,18142,259
8770,18142,259
8770,18142,259
8770,18142,259
8770,18142,259
8770,18142,259
8770,18142,259
8770,18142,259
8770,18142,259
8770,18142,259
8770,18142,259
8770,18142,259
8770,18142,259
8777,11712,259
8777,11712,259
8777,11712,259
8777,11712,259
8777,11712,259
8777,11712,259
8777,23884,259
2405,7607,260
2405,7897,260
2405,8017,260
2405,8236,260
7765,16793,260
7765,16793,260
7765,16793,260
7765,16793,260
7765,16793,260
7765,16793,260
7765,16793,260
7765,16793,260
7765,16793,260
7765,16793,260
7765,16793,260
7765,16793,260
7765,16793,260
7765,16793,260
7765,16793,260
7765,16793,260
7765,18170,260
7765,18170,260
7765,18170,260
7765,18170,260
7765,18170,260
7765,18170,260
7765,18170,260
7765,18170,260
7765,18170,260
7765,18170,260
7765,18170,260
7765,18170,260
7765,18170,260
7765,18170,260
7765,18170,260
7765,18170,260
7765,18170,260
7765,18170,260
7765,18170,260
7765,18170,260
7765,18170,260
7765,18170,260
7765,18170,260
7765,18170,260
7765,18170,260
7765,18170,260
7765,18170,260
7765,18170,260
7765,18170,260
7765,18170,260
7765,18170,260
7765,18170,260
7765,18170,260
7765,18170,260
7765,18170,260
7765,18170,260
7765,18170,260
7765,18170,260
7765,18170,260
7765,18170,260
7765,18170,260
7765,18170,260
7765,18170,260
7765,18170,260
7765,18170,260
7765,23887,260
7765,23887,260
8017,11946,260
8017,23631,260
8017,23631,260
8017,23631,260
8017,23631,260
8017,23631,260
8017,23631,260
8017,23631,260
8017,23631,260
8017,23631,260
8017,23631,260
8017,23631,260
8017,23631,260
8017,23631,260
8017,23631,260
8017,23631,260
8017,23631,260
8017,23631,260
8017,23631,260
8017,23631,260
8017,23631,260
8017,23631,260
8017,23631,260
8017,23631,260
8017,23631,260
8017,24251,260
8327,13934,260
8327,14085,260
8327,14085,260
8327,14085,260
8327,14085,260
8409,4522,260
8409,4522,260
8409,4522,260
8409,4522,260
8409,21261,260
8409,21261,260
8409,21261,260
8409,21261,260
8409,21261,260
8409,21261,260
8409,21261,260
8409,21261,260
8409,21261,260
8777,11712,260
8777,11712,260
8777,11712,260
8777,11712,260
8777,11712,260
8777,23884,260
7765,16793,261
7765,16793,261
7765,16793,261
7765,16793,261
7765,16793,261
7765,16793,261
7765,16793,261
7765,16793,261
7765,16793,261
7765,16793,261
8017,23631,261
8017,23631,261
8017,23631,261
8017,23631,261
8017,23631,261
8017,23631,261
8017,23631,261
8017,23631,261
8017,23631,261
8017,23631,261
8017,23631,261
8017,23631,261
8017,23631,261
8017,23631,261
8017,23631,261
8017,24259,261
8409,1739,261
8409,1739,261
8409,1739,261
8409,1739,261
8409,4522,261
8409,18901,261
8770,3396,261
8770,3396,261
8770,3396,261
8770,3396,261
8770,3403,261
8770,3403,261
8770,3403,261
8770,3403,261
8770,3403,261
8770,3403,261
8770,3403,261
8770,3403,261
8770,3403,261
8770,3403,261
8770,3403,261
8770,18551,261
8770,18551,261
8770,18551,261
8770,18551,261
8770,18551,261
8770,18551,261
8770,18551,261
8770,18551,261
8770,18551,261
8770,18551,261
8770,18551,261
8770,18551,261
8770,18551,261
8770,18551,261
8770,18551,261
8770,18551,261
8770,18551,261
8770,18551,261
8777,11712,261
9763,9764,261
7577,11237,262
7765,2272,262
7765,2272,262
7765,2272,262
7765,2272,262
7765,2272,262
7765,2272,262
7765,2272,262
7765,2272,262
7765,18170,262
7765,18170,262
7765,18170,262
7765,18170,262
7765,18170,262
7765,18170,262
7765,18170,262
7765,18170,262
7765,18170,262
7765,18170,262
7765,18170,262
7765,18170,262
7765,23887,262
8017,23631,262
8017,23631,262
8017,23631,262
8017,23631,262
8017,23631,262
8017,23631,262
8017,23631,262
8017,23631,262
8017,23631,262
8017,23631,262
8017,23631,262
8017,23631,262
8017,23631,262
8017,23631,262
8017,23631,262
8017,23631,262
8017,23631,262
8017,23631,262
8017,23631,262
8017,23631,262
8017,24259,262
8017,24259,262
8117,11237,262
8236,2405,262
8327,13934,262
8327,14085,262
8327,14085,262
8327,14085,262
8327,18313,262
8327,18313,262
8327,18313,262
8327,18313,262
8327,18313,262
8327,18313,262
8327,18313,262
8327,18313,262
8327,18313,262
8327,18313,262
8327,18313,262
8327,18313,262
8327,18313,262
8327,18313,262
8327,18313,262
8327,18313,262
8327,18313,262
8327,18313,262
8327,18313,262
8409,1739,262
8770,18551,262
8770,18551,262
8777,19766,262
11237,8117,262
7765,2272,263
7765,2272,263
7765,2272,263
7765,2272,263
7765,2272,263
7765,2272,263
7765,2272,263
7765,4355,263
7765,4355,263
7765,4355,263
7765,4355,263
7765,4355,263
7765,4355,263
7765,4355,263
7765,4355,263
7765,4355,263
7765,4355,263
7765,4355,263
7765,4355,263
7765,4355,263
7765,4355,263
7765,4355,263
7765,4355,263
7765,4355,263
7765,4355,263
7765,4355,263
7765,4355,263
7765,4355,263
7765,4355,263
7765,4355,263
7765,4355,263
7765,4355,263
7765,4355,263
7765,16793,263
7765,16793,263
7765,16793,263
7765,16793,263
7765,16793,263
7765,16793,263
7765,16793,263
7765,16793,263
7765,16793,263
7765,16793,263
7918,10215,263
8117,10851,263
8327,13995,263
8327,13995,263
8327,13995,263
8327,13995,263
8327,13995,263
8327,13995,263
8327,13995,263
8327,13995,263
8327,13995,263
8327,13995,263
8327,13995,263
8327,13995,263
8327,13995,263
8327,13995,263
8327,13995,263
8327,13995,263
8327,13995,263
8327,13995,263
8327,13995,263
8327,13995,263
8327,13995,263
8327,13995,263
8327,13995,263
8327,13995,263
8327,17981,263
8327,17981,263
8409,1739,263
8409,1739,263
8409,1739,263
8770,18313,263
8770,18313,263
8770,18313,263
8770,18313,263
8770,18313,263
8770,18313,263
8770,18313,263
8770,18313,263
8770,18313,263
8770,18313,263
8770,18313,263
8770,18788,263
8770,18788,263
8770,18790,263
8770,18790,263
8770,18790,263
8770,18790,263
8770,18790,263
8770,18790,263
8770,18790,263
8770,18790,263
8777,4442,263
8777,4442,263
8777,4442,263
8777,4442,263
8777,4442,263
8777,4442,263
8777,4442,263
8777,4442,263
8777,4442,263
8777,4442,263
8777,4442,263
8777,4442,263
8777,4442,263
8777,4442,263
8777,4442,263
8777,4442,263
8777,4442,263
8777,4442,263
8777,4442,263
8777,4442,263
8777,4442,263
10851,8117,263
7577,10215,264
7765,4355,264
7765,4355,264
7765,4355,264
7765,4355,264
7765,4355,264
7765,4355,264
7765,4355,264
7765,4355,264
7765,4355,264
7765,4355,264
7765,4355,264
7765,4355,264
7765,4355,264
7765,4355,264
8017,23631,264
8017,23631,264
8017,23631,264
8017,23631,264
8017,23631,264
8017,23631,264
8117,10215,264
8327,13995,264
8327,13995,264
8327,13995,264
8327,13995,264
8327,13995,264
8327,13995,264
8327,13995,264
8327,13995,264
8327,13995,264
8327,13995,264
8327,13995,264
8327,13995,264
8327,13995,264
8327,13995,264
8327,13995,264
8327,13995,264
8327,13995,264
8327,13995,264
8327,13995,264
8327,13995,264
8327,13995,264
8327,13995,264
8327,13995,264
8327,13995,264
8327,13995,264
8327,13995,264
8327,13995,264
8327,13995,264
8327,13995,264
8327,13995,264
8327,13995,264
8327,13995,264
8327,13995,264
8327,13995,264
8327,13995,264
8327,13995,264
8327,13995,264
8327,13995,264
8327,13995,264
8327,13995,264
8327,13995,264
8327,13995,264
8327,13995,264
8327,13995,264
8327,17981,264
8327,17981,264
8327,17981,264
8327,17981,264
8327,17981,264
8409,1739,264
8770,18788,264
8770,18790,264
8770,18790,264
8770,18790,264
8770,18790,264
8770,18790,264
8770,18790,264
8770,18790,264
8770,18790,264
8777,21261,264
8777,21261,264
8777,21261,264
8777,21261,264
8777,21261,264
8777,21261,264
8777,21261,264
8777,21261,264
8941,22652,264
8941,22652,264
8941,22652,264
8941,22652,264
8941,22652,264
8941,22652,264
8941,22652,264
8941,22652,264
8941,22652,264
8941,22652,264
8941,22652,264
8941,22652,264
8941,22652,264
8941,22652,264
8941,22652,264
8941,22652,264
8941,22652,264
8941,22652,264
8941,22652,264
8941,22652,264
10215,8117,264
2538,8117,265
7577,2538,265
7577,9766,265
7751,2405,265
7751,2538,265
7751,11237,265
7765,15146,265
7765,15146,265
7765,15146,265
7765,15146,265
7765,15146,265
7765,15146,265
7765,15146,265
7765,15146,265
7765,15146,265
7765,15146,265
7765,15146,265
7765,15146,265
7765,16793,265
7765,16793,265
7765,16793,265
7765,16793,265
7765,16793,265
7765,16793,265
7765,16793,265
7765,16793,265
7765,16793,265
7765,16793,265
7765,18325,265
7765,18325,265
7765,18325,265
7765,18325,265
7765,18325,265
7765,18325,265
7765,18325,265
7765,18325,265
7765,18325,265
7765,18325,265
7765,18325,265
7765,18325,265
7765,18325,265
7765,18325,265
7765,18325,265
7765,18325,265
7765,18325,265
7765,18325,265
7765,18325,265
7765,18325,265
7765,18325,265
7765,18325,265
7765,18325,265
7765,18325,265
7765,18325,265
7765,18325,265
7765,18325,265
7765,18325,265
7765,18325,265
7765,18325,265
7765,18325,265
7765,18325,265
7765,18325,265
7765,18325,265
8117,2538,265
8770,18790,265
8941,22652,265
8941,22652,265
8941,22652,265
7765,10969,266
7765,10969,266
7765,10969,266
7765,10969,266
7765,10969,266
7765,10969,266
7765,10969,266
7765,10969,266
7765,10969,266
7765,10969,266
7765,10969,266
7765,10969,266
7765,10969,266
7765,10969,266
7765,10969,266
7765,10969,266
7765,10969,266
7765,10969,266
8017,9495,266
8017,9495,266
8017,9495,266
8017,9495,266
8017,9495,266
8017,9495,266
8017,9495,266
8017,9495,266
8409,17560,266
8409,17560,266
8409,17560,266
8409,17560,266
8409,17561,266
8409,17561,266
8770,18788,266
8770,18790,266
8770,18790,266
8770,18790,266
8770,18790,266
8770,18790,266
8770,18790,266
8770,18790,266
8770,18790,266
8777,18788,266
8777,18788,266
8777,18788,266
8777,18788,266
8777,18790,266
8777,18790,266
8777,18790,266
8777,18790,266
8777,18790,266
8777,18790,266
8777,18790,266
8777,18790,266
8777,21261,266
8777,21261,266
8777,21261,266
8777,21261,266
7577,9765,267
7765,19877,267
7765,19877,267
7765,19877,267
7765,19877,267
7765,19877,267
7765,19877,267
7765,19877,267
7918,22601,267
8017,685,267
8017,685,267
8017,685,267
8017,685,267
8017,685,267
8017,685,267
8017,685,267
8017,685,267
8017,685,267
8017,685,267
8017,685,267
8017,685,267
8017,685,267
8017,685,267
8017,685,267
8327,13995,267
8327,13995,267
8327,13995,267
8327,13995,267
8327,13995,267
8327,13995,267
8327,13995,267
8327,13995,267
8327,13995,267
8327,13995,267
8327,13995,267
8327,13995,267
8327,13995,267
8327,13995,267
8327,13995,267
8327,13995,267
8327,13995,267
8327,13995,267
8327,13995,267
8327,17981,267
8327,17981,267
8409,17560,267
8409,17560,267
8409,17560,267
8409,17560,267
8409,17560,267
8409,17560,267
8409,17560,267
8409,17560,267
8409,17560,267
8777,3396,267
8777,3396,267
8777,3396,267
8777,3396,267
8777,3396,267
8777,3403,267
8777,3403,267
8777,3403,267
8777,3403,267
8777,3403,267
8777,3403,267
8777,3403,267
8777,3403,267
8777,3403,267
8777,3403,267
8777,3403,267
8777,3403,267
8777,3403,267
8777,3403,267
8777,3403,267
8777,3403,267
8777,3403,267
8777,3403,267
8777,3403,267
8777,3403,267
8777,3403,267
8777,3403,267
8777,3403,267
8777,21261,267
7765,19877,268
7765,19877,268
7765,19877,268
7918,18142,268
7918,18142,268
7918,18142,268
7918,18142,268
7918,18142,268
7918,18142,268
7918,18142,268
7918,18142,268
7918,18142,268
7918,18142,268
7918,18142,268
7918,18142,268
7918,18142,268
7918,18142,268
7918,18142,268
7918,18142,268
7918,18142,268
7918,18142,268
7918,18142,268
7918,18142,268
7918,18142,268
8327,13995,268
8777,3396,268
8777,3396,268
8777,3403,268
8777,3403,268
8777,3403,268
8777,3403,268
8777,3403,268
8777,3403,268
8777,3403,268
8777,3403,268
8777,3403,268
8777,3403,268
8777,3405,268
8777,11559,268
8777,11559,268
8777,21261,268
8777,21261,268
8777,21261,268
8777,21261,268
8777,21261,268
8777,21261,268
8777,21261,268
8777,21261,268
8777,21261,268
8777,21261,268
8777,21261,268
8777,21261,268
8777,21261,268
8777,21261,268
7765,2538,269
7765,18325,269
7765,18325,269
7765,18325,269
7765,18325,269
7765,18325,269
7765,18325,269
7765,18325,269
7765,18325,269
7765,18325,269
7765,18325,269
7765,18325,269
7765,18325,269
7765,18325,269
7765,18325,269
7765,18325,269
7765,18325,269
7918,2595,269
7918,2595,269
7918,2595,269
7918,2595,269
7918,2595,269
7918,2595,269
7918,2595,269
7918,2595,269
7918,2595,269
7918,2595,269
7918,2595,269
7918,18142,269
7918,18142,269
7918,18142,269
7918,18142,269
7918,18142,269
7918,18142,269
7918,18142,269
7918,18142,269
7918,18142,269
7918,18142,269
7918,18142,269
7918,18142,269
8327,12407,269
8327,12414,269
8327,12414,269
8327,12414,269
8327,12414,269
8327,12414,269
8327,15408,269
8770,16730,269
8770,18790,269
8777,3396,269
8777,21261,269
8777,21261,269
8777,21261,269
8777,21261,269
7765,12155,270
7765,12155,270
7765,12155,270
7765,12155,270
7765,12155,270
7765,12155,270
7765,12155,270
7765,12155,270
7765,12155,270
7765,12155,270
7765,12155,270
7765,16355,270
7765,16355,270
7765,16355,270
7765,16355,270
7765,16355,270
7765,16355,270
7765,18321,270
7765,18325,270
7918,2595,270
7918,2595,270
7918,2595,270
7918,21136,270
7918,21136,270
7918,21136,270
7918,21136,270
7918,21136,270
7918,21136,270
7918,21136,270
7918,21136,270
7918,21136,270
7918,21136,270
8017,685,270
8327,12407,270
8327,12414,270
8327,12414,270
8327,12414,270
8327,12414,270
8327,12414,270
8777,4522,270
8777,4522,270
8777,4522,270
8777,4522,270
7765,13934,271
7765,13934,271
7765,13934,271
7765,13934,271
7765,14085,271
7765,22578,271
7765,22578,271
7918,21136,271
7918,21136,271
7918,21136,271
7918,21136,271
7918,21136,271
7918,21136,271
7918,21136,271
7918,21136,271
7918,21136,271
7918,21136,271
7918,21136,271
7918,21136,271
7918,21136,271
7918,21136,271
7918,21136,271
7918,21136,271
7918,21136,271
7918,21136,271
7918,21136,271
7918,21136,271
7918,21136,271
7918,21136,271
7918,21136,271
7918,21136,271
7918,21136,271
7918,21136,271
7918,21136,271
7918,21136,271
7918,21136,271
7918,21136,271
7918,21136,271
7918,21136,271
7918,21136,271
7918,21136,271
7918,21136,271
7918,21136,271
7918,21136,271
7918,21136,271
7918,21136,271
7918,21136,271
7918,21136,271
7918,21136,271
7918,21136,271
7918,21136,271
7918,21136,271
7918,21136,271
7918,21136,271
7918,21136,271
7918,21136,271
7918,21136,271
7918,21136,271
7918,21136,271
7918,21136,271
7918,21136,271
7918,21136,271
7918,21136,271
7918,21136,271
7918,21136,271
7918,21136,271
7918,21136,271
7918,21136,271
7918,21136,271
7918,21136,271
7918,21136,271
7918,21136,271
7918,21136,271
7918,21136,271
7918,21136,271
7918,21136,271
7918,21136,271
7918,21136,271
7918,21136,271
7918,21136,271
8327,12407,271
8327,12414,271
8327,12414,271
8327,12414,271
8327,12414,271
8327,12414,271
8327,20228,271
8770,18284,271
8770,18284,271
8770,18284,271
8770,18284,271
8770,18284,271
8770,18284,271
8770,18284,271
8770,18284,271
8770,18284,271
8770,18284,271
8770,18284,271
8770,18284,271
8770,18284,271
8770,18284,271
8770,18284,271
8770,18284,271
8770,18284,271
8770,18284,271
8770,18284,271
8770,18284,271
8770,18284,271
8770,18284,271
8770,18284,271
8770,18284,271
8770,18284,271
8770,18284,271
8777,4522,271
8777,18901,271
9763,9764,271
7577,11101,272
7607,11101,272
7918,21136,272
7918,21136,272
7918,21136,272
7918,21136,272
7918,21136,272
7918,21136,272
7918,21136,272
7918,21136,272
7918,21136,272
7918,21136,272
7918,21136,272
7918,21136,272
7918,21136,272
7918,21136,272
7918,21136,272
7918,21136,272
7918,21136,272
7918,21136,272
7918,21136,272
7918,21136,272
7918,21136,272
7918,21136,272
7918,21136,272
7918,21136,272
7918,21136,272
7918,21136,272
7918,21136,272
7918,21136,272
7918,21136,272
7918,21136,272
7918,21136,272
7918,21136,272
7918,21136,272
7918,21136,272
7918,21136,272
8327,12414,272
8770,14022,272
8770,18858,272
8770,18858,272
8770,18858,272
8770,18858,272
8770,18858,272
8770,18858,272
8770,18858,272
8770,18858,272
8770,18858,272
8770,18858,272
8770,18858,272
8770,18858,272
8770,18858,272
8770,18858,272
8770,18858,272
8770,18858,272
8770,18858,272
8770,18858,272
8770,18858,272
8770,18858,272
8770,18858,272
8770,21074,272
8770,22604,272
8770,24026,272
8770,24026,272
8770,24026,272
8770,24026,272
8770,24026,272
8770,24026,272
8777,1739,272
8777,1739,272
8777,1739,272
8777,1739,272
8777,18313,272
8777,18313,272
8777,18313,272
8777,18313,272
8777,18313,272
8777,18313,272
8777,18313,272
8777,18313,272
8777,18313,272
8777,18313,272
8777,18313,272
8777,18313,272
8777,18313,272
8777,18313,272
8777,18313,272
8777,18313,272
8777,18313,272
8777,18313,272
8777,18313,272
9765,7577,272
2538,7607,273
2538,8274,273
7706,11101,273
7765,16797,273
7765,16797,273
7765,16797,273
7765,16797,273
7765,19891,273
7765,19891,273
7765,19891,273
7765,19891,273
7765,19891,273
7765,19891,273
7765,19891,273
7765,19891,273
7765,19891,273
7765,19891,273
7765,19891,273
7765,19891,273
7765,19891,273
7765,19891,273
7765,19891,273
7765,19891,273
7765,19891,273
7765,19891,273
7918,14544,273
7918,14544,273
7918,14544,273
7918,14544,273
7918,14544,273
7918,14544,273
7918,14544,273
7918,14544,273
7918,14544,273
7918,14544,273
7918,14544,273
7918,14544,273
7918,18321,273
7918,22652,273
7918,22652,273
7918,22652,273
7918,22652,273
7918,22652,273
7918,22652,273
7918,22652,273
7918,22652,273
7918,22652,273
7918,22652,273
7918,22652,273
7918,22652,273
7918,22652,273
7918,22652,273
7918,22652,273
7918,22652,273
7918,22652,273
7918,22652,273
7918,22652,273
7918,22652,273
7918,22652,273
7918,22652,273
7918,22652,273
7918,22652,273
7918,22652,273
7918,22652,273
7918,22652,273
7918,22652,273
7918,22652,273
7918,22652,273
7918,22652,273
7918,22652,273
8117,10851,273
8327,13995,273
8327,13995,273
8327,13995,273
8327,13995,273
8327,13995,273
8327,13995,273
8327,13995,273
8327,13995,273
8327,13995,273
8327,13995,273
8327,13995,273
8327,13995,273
8327,13995,273
8327,13995,273
8327,13995,273
8327,13995,273
8327,13995,273
8327,13995,273
8327,13995,273
8327,13995,273
8327,13995,273
8327,13995,273
8327,13995,273
8327,17981,273
8327,17981,273
8770,13929,273
8770,18284,273
8770,18284,273
8770,18284,273
8770,18284,273
8770,18284,273
8770,18284,273
8770,18284,273
8770,18284,273
8770,18284,273
8770,18284,273
8770,18284,273
8770,18284,273
8770,18284,273
8770,18284,273
8770,18284,273
8770,18284,273
8770,18284,273
8770,18284,273
8770,18284,273
8770,18284,273
8770,18284,273
8770,18284,273
8770,18284,273
8770,18284,273
8770,18284,273
8770,18284,273
8777,1739,273
8777,21136,273
8777,21136,273
8777,21136,273
8777,21136,273
8777,21136,273
8777,21136,273
8777,21136,273
8777,21136,273
8777,21136,273
8777,21136,273
8777,21136,273
8777,21136,273
8777,21136,273
8777,21136,273
8777,21136,273
8777,21136,273
8777,21136,273
8777,21136,273
8777,21136,273
8777,21136,273
8777,21136,273
8777,21136,273
8777,21136,273
8777,21136,273
8777,21136,273
8777,21136,273
8777,21136,273
8777,21136,273
8777,21136,273
8777,21136,273
8777,21136,273
8777,21136,273
8777,21136,273
8777,21136,273
8777,21136,273
8777,21136,273
8777,21136,273
8777,21136,273
8777,21136,273
8777,21136,273
8777,21136,273
8777,21136,273
8777,21136,273
8777,21136,273
8777,21136,273
8777,21136,273
8777,21136,273
8777,21136,273
10851,8117,273
11394,7706,273
7765,23981,274
7765,23981,274
7765,23981,274
7765,23981,274
7765,23981,274
7765,23981,274
7765,23981,274
7765,23981,274
7765,23981,274
7765,23981,274
7765,23981,274
7765,23981,274
7765,23981,274
7765,23981,274
7765,23981,274
7765,23981,274
7765,23981,274
7765,23981,274
7765,23981,274
7765,23981,274
7765,23981,274
7765,23981,274
7765,23981,274
7765,23981,274
7765,23981,274
7765,23981,274
7765,23981,274
7765,23981,274
7765,23981,274
7765,23981,274
7765,23981,274
7765,23981,274
7918,14537,274
8327,15359,274
8327,15359,274
8327,15359,274
8327,15359,274
8327,15359,274
8327,15359,274
8327,15359,274
8327,15359,274
8327,15359,274
8327,15359,274
8327,15359,274
8327,15359,274
8327,15359,274
8327,15359,274
8327,15359,274
8327,15359,274
8327,15359,274
8327,15359,274
8770,11595,274
8770,11595,274
8770,18284,274
8770,18284,274
8770,18284,274
8770,18284,274
8770,18284,274
8770,18284,274
8770,18284,274
8770,18284,274
8770,18284,274
8770,18284,274
8770,18284,274
8770,18284,274
8770,18284,274
8770,18284,274
8770,18284,274
8770,18284,274
8770,18284,274
8770,18284,274
8770,18284,274
8770,18284,274
8770,18284,274
8770,18284,274
8770,18284,274
8770,18284,274
8770,18284,274
8770,18284,274
8777,1739,274
8777,1739,274
8777,1739,274
8777,15026,274
8777,15026,274
8777,15026,274
8777,15026,274
8777,15026,274
8777,15026,274
8777,15026,274
8777,15026,274
8777,15026,274
8777,15026,274
8777,15026,274
8777,15026,274
8777,15026,274
8777,15026,274
8777,15026,274
8777,21136,274
7607,11101,275
7706,2538,275
7706,10658,275
7706,11101,275
7765,21550,275
7765,21550,275
7918,25290,275
8017,2538,275
8770,20356,275
8770,20356,275
8770,20356,275
8770,20356,275
8770,20356,275
8770,20356,275
8777,1739,275
8777,15026,275
8777,15026,275
8777,15026,275
8777,15026,275
8777,15026,275
8777,15026,275
8777,15026,275
8777,17561,275
8777,17561,275
7918,17948,276
7918,17948,276
7918,17948,276
7918,17948,276
7918,17948,276
7918,17948,276
7918,17948,276
7918,17948,276
7918,17948,276
7918,17948,276
7918,17948,276
7918,17948,276
7918,17948,276
7918,20228,276
8327,15359,276
8777,15026,276
8777,15026,276
8777,15026,276
8777,15026,276
8777,15026,276
8777,15026,276
8777,15026,276
8777,15026,276
8777,15026,276
8777,15026,276
8777,15026,276
8777,15026,276
8777,15026,276
8777,15026,276
8777,15026,276
7765,20157,277
7765,20157,277
7765,20157,277
7918,11101,277
8215,18142,277
8215,18142,277
8215,18142,277
8215,18142,277
8215,18142,277
8215,18142,277
8215,18142,277
8215,18142,277
8215,18142,277
8215,18142,277
8215,18142,277
8215,18142,277
8215,18142,277
8215,18142,277
8215,18142,277
8215,18142,277
8215,18142,277
8215,18142,277
8215,18142,277
8215,18142,277
8215,18142,277
8215,18142,277
8215,18142,277
8215,18142,277
8215,18142,277
8215,18142,277
8215,18142,277
8215,18142,277
8215,18142,277
8215,18142,277
8215,18142,277
8215,18142,277
8215,18142,277
8215,22601,277
8236,12096,277
8236,12096,277
8236,12096,277
8236,12096,277
8236,12096,277
8236,14366,277
8236,14366,277
8236,14366,277
8236,14366,277
8236,16837,277
8236,16837,277
8236,18551,277
8236,18551,277
8236,18551,277
8236,18551,277
8236,18551,277
8236,18551,277
8236,18551,277
8236,18551,277
8236,18551,277
8236,18551,277
8236,18551,277
8236,18551,277
8236,18551,277
8236,18551,277
8236,18551,277
8236,18551,277
8236,18551,277
8236,18551,277
8236,18551,277
8236,21648,277
8236,21648,277
8236,21648,277
8236,21648,277
8236,21648,277
8327,15359,277
8327,18610,277
8327,18610,277
8327,18610,277
8327,18610,277
8327,18610,277
8327,18610,277
8327,18610,277
8327,18610,277
8327,18610,277
8327,18610,277
8327,18610,277
8327,18610,277
8327,18610,277
8327,18610,277
8327,24007,277
8327,24007,277
8327,24007,277
8327,24007,277
8327,24007,277
8327,24007,277
8327,24007,277
8327,24007,277
8327,24007,277
8327,24007,277
8327,24007,277
8327,24007,277
8327,24007,277
8327,24007,277
8327,24007,277
8327,24007,277
8327,24007,277
8327,24007,277
8327,24007,277
8327,24007,277
8327,24007,277
8327,24007,277
8327,24007,277
8327,24007,277
8327,24007,277
8327,24007,277
8327,24007,277
8327,24007,277
8327,24007,277
8770,18391,277
8770,18391,277
8770,18391,277
8770,18391,277
8770,18391,277
8770,18391,277
8770,18391,277
8770,18391,277
8770,18391,277
8770,18391,277
8770,18391,277
8770,18391,277
8770,18391,277
8770,18391,277
8770,18391,277
8770,18391,277
8770,18391,277
8770,18391,277
8770,18393,277
8770,18393,277
8770,18393,277
8770,18393,277
8770,18393,277
8770,18393,277
8770,18393,277
8770,18393,277
8770,18393,277
8770,18393,277
8770,18393,277
8770,18393,277
8770,18393,277
8770,18393,277
8770,18393,277
8770,18393,277
8770,18393,277
8770,18393,277
8770,18393,277
8770,18393,277
8770,18393,277
8770,18393,277
8770,18393,277
8770,18393,277
8770,18393,277
8777,17560,277
8777,17560,277
8777,17560,277
8777,17560,277
8777,17560,277
8777,17560,277
8777,17560,277
8777,17560,277
8777,17560,277
8777,17560,277
8777,17560,277
8777,17560,277
8777,17560,277
7897,11443,278
7918,25290,278
8017,11101,278
8215,2595,278
8215,2595,278
8215,2595,278
8215,2595,278
8215,2595,278
8215,2595,278
8215,2595,278
8215,2595,278
8215,2595,278
8215,2595,278
8215,2595,278
8236,12096,278
8236,12096,278
8236,12096,278
8236,12096,278
8236,14366,278
8236,14366,278
8236,14366,278
8236,14366,278
8327,13291,278
8327,13291,278
8327,13291,278
8327,13291,278
8327,14022,278
8327,18610,278
8327,18610,278
8327,18610,278
8327,18610,278
8327,18610,278
8327,18610,278
8327,18610,278
8327,18610,278
8327,18610,278
8327,18610,278
8327,18610,278
8777,13934,278
8777,14085,278
8777,14085,278
8777,14085,278
2538,8274,279
7751,2405,279
7897,11237,279
8215,2595,279
8215,2595,279
8215,2595,279
8236,14366,279
8770,18391,279
8770,18391,279
8770,18391,279
8770,18391,279
8770,18391,279
8770,18391,279
8770,18391,279
8770,18391,279
8770,18391,279
8770,18391,279
8770,18391,279
8770,18391,279
8770,18391,279
8770,18391,279
8770,18391,279
8770,18391,279
8770,18391,279
8770,18391,279
8770,18391,279
8770,18391,279
8770,18391,279
8770,18391,279
8770,18391,279
8770,19732,279
8770,19732,279
8777,13934,279
8777,13955,279
8777,14085,279
8777,14085,279
7765,20157,280
7765,20157,280
7765,20157,280
7765,20157,280
7765,20157,280
7765,20157,280
7765,20157,280
7765,20157,280
7765,20157,280
7918,14537,280
8235,2538,280
8235,10215,280
8235,11443,280
8770,23862,280
8770,23862,280
8770,24409,280
8770,24409,280
8770,24409,280
8770,24409,280
8770,24409,280
8770,24409,280
8770,24409,280
8770,24409,280
8770,24409,280
8770,24409,280
8770,24409,280
8770,24409,280
8770,24409,280
8770,24409,280
8770,24409,280
8770,24409,280
8770,24409,280
8770,24409,280
8770,24409,280
8777,13934,280
8777,13934,280
8777,13934,280
8777,13934,280
8777,14085,280
8777,21550,280
8777,21550,280
7577,2538,281
7577,9766,281
7577,11443,281
7706,11101,281
7765,20152,281
7765,20228,281
7765,25343,281
7765,25343,281
7765,25343,281
7765,25343,281
7765,25343,281
7765,25343,281
7765,25343,281
7765,25343,281
7765,25343,281
7765,25343,281
7765,25343,281
7918,18575,281
7918,18575,281
7918,18575,281
8236,22601,281
8770,21154,281
8770,23862,281
8770,24409,281
9763,9764,281
7607,2538,282
7607,11443,282
7918,18575,282
8017,11443,282
8215,2405,282
8215,21136,282
8215,21136,282
8215,21136,282
8215,21136,282
8215,21136,282
8215,21136,282
8215,21136,282
8215,21136,282
8215,21136,282
8215,21136,282
8215,21136,282
8215,21136,282
8215,21136,282
8215,21136,282
8215,21136,282
8215,21136,282
8215,21136,282
8215,21136,282
8215,21136,282
8215,21136,282
8215,21136,282
8215,21136,282
8215,21136,282
8215,21136,282
8215,21136,282
8215,21136,282
8215,21136,282
8215,21136,282
8215,21136,282
8215,21136,282
8215,21136,282
8215,21136,282
8215,21136,282
8215,21136,282
8215,21136,282
8215,21136,282
8215,21136,282
8215,21136,282
8215,21136,282
8215,21136,282
8215,21136,282
8215,21136,282
8215,21136,282
8215,21136,282
8215,21136,282
8215,21136,282
8215,21136,282
8215,21136,282
8215,21136,282
8215,21136,282
8215,21136,282
8215,21136,282
8215,21136,282
8215,21136,282
8215,21136,282
8777,22602,282
7577,9765,283
7577,11237,283
7765,20157,283
7765,20157,283
7765,20157,283
7765,20157,283
7765,20157,283
7765,20157,283
7765,20157,283
7765,20157,283
7765,20157,283
7765,25343,283
7765,25343,283
7765,25343,283
7765,25343,283
7765,25343,283
7765,25343,283
7765,25343,283
7918,18535,283
8215,21136,283
8215,21136,283
8215,21136,283
8215,21136,283
8215,21136,283
8215,21136,283
8215,21136,283
8215,21136,283
8215,21136,283
8215,21136,283
8215,21136,283
8215,21136,283
8215,21136,283
8215,21136,283
8215,21136,283
8215,21136,283
8215,21136,283
8215,21136,283
8215,21136,283
8215,21136,283
8215,21136,283
8215,21136,283
8215,21136,283
8215,21136,283
8215,21136,283
8215,21136,283
8215,21136,283
8215,21136,283
8236,11443,283
8236,18535,283
8770,24409,283
11237,8215,283
7765,20157,284
7918,16124,284
7918,16124,284
8215,21136,284
8215,21136,284
8215,21136,284
8215,21136,284
8215,21136,284
8215,21136,284
8215,21136,284
8215,21136,284
8215,21136,284
8215,21136,284
8215,21136,284
8215,21136,284
8215,21136,284
8215,21136,284
8215,21136,284
8215,21136,284
8215,21136,284
8215,21136,284
8215,21136,284
8215,21136,284
8215,21136,284
8215,21136,284
8215,21136,284
8215,21136,284
8215,21136,284
8215,21136,284
8215,21136,284
8215,21136,284
8215,21136,284
8215,21136,284
8215,21136,284
8215,21136,284
8215,21136,284
8215,21136,284
8215,21136,284
8236,4670,284
8236,4670,284
8236,4670,284
8236,4670,284
8236,4670,284
8236,4670,284
8236,4670,284
8236,4670,284
8236,4670,284
8236,4670,284
8236,4670,284
8236,4670,284
8236,4670,284
8236,4670,284
8236,4670,284
8236,4670,284
8236,4670,284
8236,4670,284
8236,4670,284
8236,4670,284
8236,4670,284
8236,4670,284
8236,4670,284
8236,4670,284
8236,4670,284
8236,4670,284
8236,4670,284
8236,4670,284
8236,4670,284
8236,4670,284
8236,4670,284
8236,4670,284
8236,4670,284
8236,4670,284
8236,4670,284
8236,4670,284
8236,4670,284
8236,4670,284
8236,4670,284
8236,4670,284
8327,13291,284
8327,13291,284
8327,13291,284
8327,13291,284
8327,14022,284
8770,23862,284
8770,23862,284
8770,24409,284
8770,24409,284
8770,24409,284
8770,24409,284
8770,24409,284
8770,24409,284
8770,24409,284
8770,24409,284
8770,24409,284
8770,24409,284
8770,24409,284
8770,24409,284
8770,24409,284
8770,24409,284
8770,24409,284
8770,24409,284
8770,24409,284
8770,24409,284
8770,24409,284
8770,24409,284
8770,24409,284
8770,24409,284
8770,24409,284
8777,11541,284
8777,14500,284
8777,18147,284
8777,18147,284
8777,18147,284
8777,18147,284
8777,18147,284
8777,18147,284
8777,18147,284
8777,18147,284
8777,18147,284
8777,18147,284
8777,18147,284
8777,18147,284
8777,18147,284
8777,18147,284
8777,18147,284
11237,8215,284
7607,2538,285
7765,20157,285
7765,20157,285
7765,20157,285
7765,20157,285
7765,20157,285
7765,20157,285
7765,20157,285
7765,20157,285
7765,20157,285
8215,18321,285
8215,22652,285
8215,22652,285
8215,22652,285
8215,22652,285
8215,22652,285
8215,22652,285
8215,22652,285
8215,22652,285
8215,22652,285
8215,22652,285
8215,22652,285
8215,22652,285
8215,22652,285
8215,22652,285
8215,22652,285
8215,22652,285
8215,22652,285
8215,22652,285
8215,22652,285
8215,22652,285
8215,22652,285
8215,22652,285
8215,22652,285
8215,22652,285
8215,22652,285
8215,22652,285
8215,22652,285
8215,22652,285
8215,22652,285
8215,22652,285
8215,22652,285
8215,22652,285
8770,1335,285
8770,1335,285
8770,1335,285
8770,1335,285
8770,1335,285
8770,1335,285
8777,11538,285
8777,11538,285
8777,11538,285
8777,11538,285
8777,11538,285
8777,11541,285
8777,11541,285
7607,2538,286
7918,16124,286
8017,11443,286
8215,11394,286
8215,11443,286
8770,1335,286
8770,1335,286
8770,1335,286
8770,1335,286
8770,1335,286
8770,1335,286
8770,1335,286
8770,17269,286
8770,17269,286
8770,17269,286
8770,17269,286
8770,17269,286
8770,17269,286
8770,17269,286
8770,17269,286
8770,17269,286
8770,17269,286
8770,17269,286
8770,17269,286
8770,17269,286
8770,17269,286
8770,17269,286
8770,18390,286
8770,18390,286
8770,18390,286
8770,18390,286
8770,18390,286
8770,18390,286
8770,18390,286
8770,18390,286
8770,18390,286
8770,18390,286
8770,18390,286
8770,18390,286
8770,18390,286
7765,20157,287
7765,20157,287
7765,20157,287
7765,20157,287
7918,25507,287
7918,25507,287
7918,25507,287
7918,25507,287
7918,25507,287
7918,25507,287
7918,25507,287
7918,25507,287
7918,25507,287
7918,25507,287
7918,25507,287
7918,25507,287
7918,25507,287
7918,25507,287
7918,25507,287
7918,25507,287
7918,25508,287
8215,14537,287
8215,14544,287
8215,14544,287
8215,14544,287
8215,14544,287
8215,14544,287
8215,14544,287
8215,14544,287
8215,14544,287
8215,14544,287
8215,14544,287
8215,14544,287
8215,14544,287
8215,25290,287
8236,4670,287
8327,18610,287
8327,18610,287
8327,18610,287
8327,18610,287
8327,18610,287
8327,18610,287
8327,18610,287
8327,18610,287
8327,18610,287
8327,18610,287
8327,18610,287
8327,18610,287
8327,18610,287
8327,18610,287
8327,18610,287
8327,18610,287
8327,18610,287
8327,18610,287
8327,18610,287
8327,18610,287
8327,18610,287
8327,18610,287
8770,17269,287
8770,17269,287
8770,17269,287
8770,17269,287
8770,17269,287
8770,17269,287
8770,17269,287
8770,17269,287
8770,17269,287
8770,17269,287
8770,17269,287
8770,17269,287
8770,17269,287
8770,17269,287
8770,17269,287
8770,17269,287
8770,17269,287
8770,17269,287
8770,17269,287
8770,17269,287
8770,17269,287
8770,17269,287
8770,17269,287
8770,17269,287
8770,17269,287
8770,17269,287
8770,17269,287
8770,17269,287
8770,17269,287
8770,17269,287
8770,17269,287
8770,17269,287
8770,17269,287
8770,17269,287
8770,17269,287
8770,17269,287
8770,17269,287
8770,17269,287
8770,17269,287
8770,17269,287
8770,17269,287
8770,17269,287
8770,17269,287
8770,17269,287
8770,17269,287
8770,17269,287
8770,17269,287
8770,17269,287
8770,17269,287
8770,17269,287
8770,17269,287
8777,16837,287
8777,16837,287
8777,16837,287
8777,16837,287
8777,16837,287
8777,16837,287
8777,16837,287
8777,16837,287
8777,16837,287
8777,16837,287
8777,16837,287
8777,16837,287
8777,16837,287
8777,16837,287
8777,16837,287
8777,16837,287
8777,16837,287
8777,16842,287
8777,16844,287
8777,16845,287
8777,21636,287
2405,8117,288
7577,2405,288
7765,15643,288
7765,25116,288
7765,25116,288
7765,25116,288
7765,25116,288
7765,25116,288
7765,25116,288
7765,25116,288
7765,25116,288
7765,25116,288
7765,25116,288
7765,25116,288
7765,25116,288
7765,25116,288
7765,25116,288
7765,25117,288
7765,25117,288
7765,25117,288
7765,25117,288
7765,25117,288
7765,25117,288
7765,25117,288
7765,25117,288
7918,25507,288
7918,25507,288
7918,25507,288
7918,25507,288
7918,25507,288
7918,25507,288
7918,25507,288
8117,2405,288
8215,17948,288
8215,17948,288
8215,17948,288
8215,17948,288
8215,17948,288
8215,17948,288
8215,17948,288
8215,17948,288
8215,17948,288
8215,17948,288
8215,17948,288
8215,17948,288
8215,17948,288
8215,20228,288
8215,25290,288
8236,12618,288
8236,12618,288
8236,14366,288
8236,14555,288
8236,14555,288
8236,14555,288
8236,14555,288
8236,14555,288
8236,14555,288
8236,14555,288
8274,2299,288
8274,2299,288
8274,2299,288
8274,2299,288
8327,18610,288
8327,18610,288
8327,18610,288
8327,18610,288
8327,18610,288
8327,18610,288
8327,18610,288
8327,18610,288
8327,18610,288
8327,18610,288
8327,18610,288
8770,17269,288
8770,17269,288
8770,17269,288
8770,17269,288
8770,17269,288
8770,17269,288
8770,17269,288
8770,17269,288
8770,17269,288
8770,17269,288
8770,17269,288
8770,17269,288
8770,17269,288
8770,17269,288
8777,16837,288
8777,24784,288
9765,7577,288
7577,10215,289
8215,14537,289
8235,11101,289
8274,2299,289
8274,2299,289
8274,2299,289
8274,2299,289
8274,2299,289
8274,2299,289
8274,2299,289
8274,2299,289
8274,2299,289
8274,2299,289
8274,2299,289
8274,2299,289
8274,2299,289
8274,2299,289
8274,2299,289
8274,2299,289
8274,2299,289
8274,2299,289
8274,2299,289
8274,2299,289
8274,2299,289
8274,2299,289
8274,2299,289
8274,2299,289
8274,2299,289
8274,2299,289
8274,2299,289
8274,2299,289
8274,2299,289
8274,2299,289
8274,2299,289
8274,2299,289
8327,18610,289
8327,18610,289
8327,18610,289
8327,18610,289
8327,18610,289
8327,18610,289
8327,18610,289
8327,18610,289
8327,18610,289
8327,18610,289
8327,18610,289
10215,7706,289
10215,8274,289
7577,10658,290
7577,11394,290
7765,4481,290
7765,4481,290
7765,4481,290
7765,4481,290
7765,25117,290
7765,25117,290
7765,25117,290
7765,25117,290
7765,25117,290
7765,25117,290
7918,16933,290
7918,16933,290
7918,16933,290
7918,16933,290
7918,16933,290
7918,16933,290
7918,16933,290
7918,16933,290
8236,19791,290
8327,18610,290
8327,18610,290
8327,18610,290
8327,18610,290
8327,18610,290
8327,18610,290
8327,18610,290
8327,18610,290
8327,18610,290
8327,18610,290
8327,18610,290
8327,18610,290
8327,22601,290
10658,7706,290
11394,7706,290
11394,8215,290
11394,8235,290
8215,18575,291
8215,18575,291
8215,18575,291
8236,14555,291
8327,18513,291
8327,18513,291
8327,18513,291
8327,18513,291
8327,18513,291
8327,18513,291
8327,18513,291
8327,18513,291
8327,18513,291
8327,18610,291
8327,18610,291
8327,18610,291
8327,18610,291
8327,18610,291
8327,18610,291
8327,18610,291
8327,18610,291
8327,18610,291
8327,18610,291
8327,18610,291
8327,18610,291
9763,9764,291
7607,2538,292
7751,3396,292
7751,3396,292
7751,3396,292
7751,3396,292
7751,3403,292
7751,3403,292
7751,3403,292
7751,3403,292
7751,3403,292
7751,3403,292
7751,3403,292
7751,3403,292
7751,3403,292
7751,3403,292
7751,3403,292
7765,4481,292
7765,4481,292
7765,4481,292
7765,4481,292
7765,4481,292
7765,4481,292
7918,16793,292
7918,16793,292
7918,16793,292
7918,16793,292
7918,16793,292
7918,16793,292
7918,25507,292
7918,25507,292
7918,25507,292
7918,25507,292
8236,1761,292
8236,1761,292
8236,1761,292
8236,1761,292
8236,1761,292
8236,1761,292
8236,1761,292
8236,1761,292
8236,1761,292
8236,1761,292
8236,1761,292
8236,1761,292
8236,1761,292
8236,1761,292
8236,1761,292
8236,1761,292
8236,1761,292
8236,1761,292
8236,1761,292
8236,1761,292
8236,1761,292
8236,1761,292
8236,1761,292
8236,1761,292
8236,1761,292
8236,1761,292
8236,1761,292
8236,1761,292
8236,1761,292
8236,1761,292
8236,1761,292
8236,1761,292
8236,1761,292
8236,1762,292
8274,18535,292
8327,2595,292
8327,2595,292
8327,2595,292
8327,2595,292
8327,2595,292
8327,2595,292
8327,2595,292
8327,2595,292
8327,2595,292
8327,2595,292
8327,2595,292
8327,12096,292
8327,12096,292
8327,12096,292
8327,12096,292
8327,14366,292
8327,14366,292
8327,14366,292
8327,14366,292
8327,18513,292
2538,7607,293
7751,3396,293
7751,3403,293
7751,3403,293
7751,3403,293
7751,3403,293
7751,3403,293
7751,3403,293
7751,3403,293
7751,3403,293
7751,3403,293
7751,3403,293
7751,3403,293
7751,3403,293
7751,3405,293
7765,4481,293
7765,4481,293
7765,4481,293
7765,4481,293
7918,16793,293
7918,16793,293
7918,16793,293
7918,16793,293
7918,16793,293
7918,16793,293
7918,16793,293
7918,16793,293
7918,16793,293
7918,16793,293
7918,16793,293
7918,16793,293
7918,16793,293
7918,16793,293
7918,16793,293
7918,16793,293
7918,16793,293
7918,16793,293
7918,16793,293
7918,16793,293
8236,1760,293
8236,1760,293
8236,1760,293
8236,1760,293
8236,1760,293
8236,1760,293
8236,1760,293
8236,1760,293
8236,1760,293
8236,1760,293
8236,1760,293
8236,1760,293
8236,1760,293
8236,1761,293
8236,1761,293
8236,1761,293
8236,1761,293
8236,1761,293
8236,1761,293
8236,1761,293
8236,1761,293
8236,1761,293
8236,1761,293
8236,1761,293
8236,1761,293
8236,1761,293
8236,1761,293
8236,1761,293
8236,1761,293
8236,1761,293
8236,1761,293
8236,1761,293
8327,12096,293
8327,12096,293
8327,14369,293
8327,18513,293
8327,18513,293
8327,18513,293
8327,19416,293
8327,19416,293
8327,19416,293
8327,19416,293
8327,19416,293
8327,19416,293
8327,19416,293
8327,19416,293
8327,19416,293
8327,19416,293
8327,19416,293
8327,19416,293
8327,19416,293
8327,19416,293
8327,19416,293
8327,19416,293
8327,19416,293
8327,19416,293
8327,19416,293
8327,19416,293
8327,19416,293
8327,19416,293
8327,19416,293
8327,19416,293
8327,19416,293
8327,19416,293
8327,19416,293
8327,19416,293
8327,19416,293
8327,19416,293
8327,19416,293
8327,19416,293
8327,19416,293
8327,19416,293
8327,19416,293
8327,19416,293
8327,19416,293
8327,19416,293
8327,19416,293
8327,19416,293
8327,19416,293
8327,19416,293
8327,19416,293
8327,19416,293
8327,19416,293
8327,19416,293
8327,19416,293
8777,1493,293
8777,1493,293
8777,1493,293
8777,1493,293
8777,1493,293
8777,1493,293
8777,1493,293
8777,1493,293
8777,1493,293
8777,1493,293
8777,1493,293
8777,1493,293
7607,2405,294
7607,2538,294
7751,3396,294
7751,3396,294
7751,3396,294
7751,3396,294
7751,3403,294
7751,3403,294
7751,3403,294
7751,3403,294
7751,3403,294
7751,3403,294
7751,3403,294
7751,3403,294
7751,3403,294
7751,3403,294
7751,3403,294
7765,4481,294
7765,4481,294
7765,4481,294
8215,18575,294
8327,18610,294
8327,18610,294
8327,18610,294
8327,18610,294
8327,18610,294
8327,18610,294
8327,18610,294
8327,18610,294
8327,18610,294
8327,18610,294
8327,18610,294
8327,18610,294
8327,19416,294
8327,19416,294
8327,19416,294
8327,19416,294
8327,19416,294
8327,19416,294
8327,19416,294
8327,19416,294
8327,19416,294
8327,19416,294
8770,14502,294
8770,19384,294
8770,19384,294
8770,19384,294
8770,19384,294
8770,19384,294
8770,19384,294
8770,19384,294
8770,19384,294
8770,19384,294
8770,19384,294
8770,19384,294
8770,19384,294
8770,19384,294
8770,19384,294
8770,19384,294
8770,19384,294
8770,19384,294
8770,19384,294
8770,19384,294
8770,19384,294
8770,19933,294
8770,19933,294
7765,4481,295
7765,4481,295
7765,4481,295
7765,4481,295
7765,4481,295
7765,4481,295
7765,4481,295
7765,4481,295
7765,4481,295
7765,4481,295
7765,4481,295
7765,4481,295
7765,4481,295
7765,4481,295
7765,4481,295
7765,4481,295
7765,4481,295
7765,4481,295
7765,4481,295
7918,16793,295
7918,16793,295
7918,16793,295
7918,16793,295
7918,16793,295
7918,16793,295
7918,16793,295
7918,16793,295
7918,16793,295
7918,16793,295
7918,16793,295
7918,16793,295
7918,16793,295
7918,16793,295
7918,16793,295
7918,16793,295
7918,16793,295
7918,16793,295
7918,16793,295
7918,16793,295
8215,18535,295
8327,15643,295
8327,21693,295
8327,21693,295
8327,21693,295
8327,21693,295
8327,21693,295
8327,21693,295
8327,21693,295
8327,21693,295
8327,21693,295
8327,21693,295
8327,21693,295
8327,21693,295
8327,21693,295
8327,21693,295
8327,21693,295
8327,21693,295
8327,24034,295
8327,24034,295
8327,24034,295
8327,24034,295
8327,24034,295
8327,24034,295
8327,24034,295
8327,24034,295
8327,24034,295
8327,24034,295
8327,24034,295
8327,24034,295
8327,24034,295
8327,24034,295
8327,24034,295
8327,24034,295
8327,24034,295
8327,24034,295
8327,24034,295
8327,24034,295
8327,24034,295
8327,24034,295
8327,24034,295
8327,24034,295
8327,24034,295
8327,24034,295
8327,24034,295
8327,24034,295
8770,14502,295
8770,14502,295
8770,14502,295
8770,14502,295
8770,14502,295
8770,14502,295
8770,14502,295
8770,14502,295
8770,19384,295
8770,19384,295
8770,19384,295
8770,19384,295
8777,1493,295
8777,1493,295
8777,1493,295
7577,9766,296
7577,11443,296
7751,3396,296
7751,3403,296
7751,3403,296
7751,3403,296
7751,3403,296
7751,3403,296
7751,3403,296
7751,3403,296
7751,3403,296
7751,3403,296
7751,3403,296
7751,3403,296
7751,3403,296
7765,14954,296
7765,14954,296
7765,14954,296
7765,14954,296
7765,14954,296
7765,14954,296
7765,14954,296
7765,14954,296
7765,14954,296
7765,24659,296
7765,24659,296
7765,24659,296
7765,24659,296
7765,24659,296
7765,24659,296
7765,24659,296
7765,24659,296
7765,24659,296
7918,10969,296
7918,10969,296
7918,10969,296
7918,10969,296
7918,10969,296
7918,10969,296
7918,10969,296
7918,10969,296
7918,10969,296
7918,10969,296
7918,10969,296
7918,10969,296
8117,2405,296
8215,16124,296
8215,16124,296
8215,16124,296
8215,25507,296
8215,25507,296
8215,25507,296
8215,25507,296
8215,25507,296
8215,25507,296
8215,25507,296
8215,25507,296
8215,25507,296
8215,25507,296
8215,25507,296
8215,25507,296
8215,25507,296
8215,25507,296
8215,25507,296
8215,25507,296
8215,25508,296
8236,21359,296
8236,21359,296
8327,19416,296
8327,19416,296
8327,19416,296
8327,19416,296
8327,19416,296
8327,19416,296
8327,19416,296
8770,14821,296
8770,14821,296
8770,14821,296
8770,14821,296
8770,14821,296
8770,14821,296
8770,14821,296
8770,14821,296
8770,14821,296
8770,14821,296
8770,14821,296
8770,14821,296
8770,14821,296
8770,14821,296
8770,14821,296
8770,14821,296
8770,14821,296
8770,14821,296
8770,14821,296
8770,14821,296
8770,14821,296
8770,14821,296
8770,14821,296
8770,14821,296
8770,14821,296
8770,14821,296
8770,14821,296
8770,14821,296
8770,14821,296
8770,14821,296
8777,1493,296
8777,1493,296
8777,1493,296
11443,7897,296
11443,8274,296
2538,7706,297
2538,8017,297
2538,8274,297
7577,2538,297
7751,21136,297
7751,21136,297
7751,21136,297
7751,21136,297
7751,21136,297
7751,21136,297
7751,21136,297
7751,21136,297
7751,21136,297
7751,21136,297
7751,21136,297
7751,21136,297
7751,21136,297
7751,21136,297
7751,21136,297
7751,21136,297
7751,21136,297
7751,21136,297
7751,21136,297
7751,21136,297
7751,21136,297
7751,21136,297
7751,21136,297
7751,21136,297
7751,21136,297
7751,21136,297
7751,21136,297
7751,21136,297
7765,24659,297
7765,24659,297
7765,24659,297
7765,24659,297
7918,10969,297
7918,10969,297
7918,10969,297
7918,10969,297
7918,10969,297
7918,10969,297
8215,25507,297
8215,25507,297
8215,25507,297
8215,25507,297
8215,25507,297
8215,25507,297
8215,25507,297
8236,21359,297
8236,21359,297
8274,2299,297
8274,2299,297
8274,2299,297
8274,2299,297
8274,2299,297
8274,2299,297
8274,2299,297
8274,2299,297
8274,2299,297
8274,2299,297
8274,2299,297
8274,2299,297
8274,2299,297
8770,22601,297
8777,1493,297
8777,1494,297
7751,21136,298
7765,24659,298
7765,24659,298
7765,24659,298
8215,16933,298
8215,16933,298
8215,16933,298
8215,16933,298
8215,16933,298
8215,16933,298
8215,16933,298
8215,16933,298
8236,17963,298
8236,22565,298
8236,22565,298
8327,15643,298
8327,19416,298
8327,19416,298
8327,19416,298
8327,19416,298
8327,19416,298
8327,19416,298
8327,19416,298
8327,19416,298
8327,20340,298
8327,21693,298
8327,21693,298
8327,21693,298
8327,21693,298
8327,21693,298
8327,21693,298
8327,21693,298
8327,21693,298
8327,21693,298
8327,21693,298
8777,1493,298
8777,1493,298
8777,1493,298
8777,1493,298
8777,1493,298
8777,1493,298
8777,1493,298
8777,1493,298
8777,1493,298
7577,9765,299
7751,21134,299
7751,21134,299
7751,21136,299
7751,21136,299
7751,21136,299
7751,21136,299
7751,21136,299
7751,21136,299
7751,21136,299
7751,21136,299
7751,21136,299
7751,21136,299
7751,21136,299
7751,21136,299
7751,21136,299
7751,21136,299
7751,21136,299
7751,21136,299
7751,21136,299
7751,21136,299
7751,21136,299
7751,21136,299
7918,19877,299
7918,19877,299
7918,19877,299
7918,19877,299
7918,19877,299
7918,19877,299
7918,19877,299
7918,19877,299
7918,19877,299
7918,19877,299
8236,17963,299
8236,17963,299
8236,22565,299
8236,22565,299
8236,22565,299
8236,22565,299
8274,2299,299
8274,2299,299
8274,2299,299
8274,2299,299
8327,15643,299
8327,19416,299
8327,19416,299
8327,20340,299
8327,21693,299
8327,21693,299
8327,21693,299
8327,21693,299
8327,21693,299
8327,21693,299
8327,21693,299
8327,21693,299
8327,21693,299
8327,21693,299
8327,21693,299
8327,21693,299
8327,21693,299
8327,21693,299
8777,1493,299
8777,1493,299
8777,1493,299
7751,21140,300
7765,24659,300
7765,24659,300
7765,24659,300
7765,24659,300
8777,1493,300
7765,24659,301
7765,24659,301
7765,24659,301
7765,24659,301
7918,12155,301
7918,12155,301
7918,12155,301
7918,12155,301
7918,12155,301
7918,12155,301
7918,12155,301
7918,12155,301
7918,12155,301
7918,12155,301
7918,12155,301
7918,12155,301
8327,808,301
8327,808,301
8327,2595,301
8327,2595,301
8327,2595,301
8327,2595,301
8327,2595,301
8327,2595,301
8327,2595,301
8327,2595,301
8327,2595,301
8327,2595,301
8327,2595,301
8327,19416,301
8327,19416,301
8327,19416,301
8327,19416,301
8327,19416,301
8327,19416,301
8327,19416,301
8327,19416,301
8327,19416,301
8327,19416,301
8770,18170,301
8770,18170,301
8770,18170,301
8770,18170,301
8770,18170,301
8770,18170,301
8770,18170,301
8770,18170,301
8770,18170,301
8770,18170,301
8770,18170,301
8770,18170,301
8770,18170,301
8770,18170,301
8770,18170,301
8770,18170,301
8770,18170,301
8770,18170,301
8770,18170,301
8770,18170,301
8770,18170,301
8770,18170,301
8770,18170,301
8770,18170,301
8770,18170,301
8770,18170,301
8770,18170,301
8770,18170,301
8770,18170,301
8770,18170,301
8770,18170,301
8770,18170,301
8770,18170,301
8777,1493,301
8777,1493,301
8777,1493,301
9763,9764,301
7751,10658,302
7751,21140,302
7765,14395,302
7765,14395,302
7765,14395,302
7765,14395,302
7765,14395,302
7765,14395,302
7765,14395,302
7765,14395,302
8235,11101,302
8236,17963,302
8236,22565,302
8236,22565,302
8274,11101,302
8327,808,302
8327,808,302
8327,808,302
8327,808,302
8327,808,302
8327,808,302
8327,808,302
8327,808,302
8327,22934,302
8327,22934,302
8327,22934,302
8327,22934,302
8327,22934,302
8327,22934,302
8327,22934,302
8327,22934,302
8327,22934,302
8327,22934,302
8327,22934,302
8327,22934,302
8327,22934,302
8327,22934,302
8327,22934,302
8327,22934,302
8327,22934,302
8327,22934,302
8327,22934,302
8327,22934,302
8327,22934,302
8327,22934,302
8327,22934,302
8327,22934,302
8327,22934,302
8327,22934,302
8327,22934,302
8327,22934,302
8327,22934,302
8327,22934,302
8327,22934,302
8327,22934,302
8770,13934,302
8770,13934,302
8770,13934,302
8770,14085,302
8770,14085,302
8770,14085,302
8770,14085,302
8770,14085,302
11443,7863,302
7577,11237,303
7897,11101,303
7918,16355,303
7918,16355,303
7918,16355,303
8327,3396,303
8327,3396,303
8327,3396,303
8327,3396,303
8327,3403,303
8327,3403,303
8327,3403,303
8327,3403,303
8327,3403,303
8327,3403,303
8327,3403,303
8327,3403,303
8327,3403,303
8327,3403,303
8327,3403,303
8327,22934,303
8327,22934,303
8327,22934,303
8327,22934,303
8327,22934,303
8327,22934,303
8770,13934,303
8770,14080,303
8770,14085,303
8770,14085,303
8770,14085,303
8777,1493,303
8777,1493,303
8777,14022,303
8777,14622,303
8777,20370,303
8777,20370,303
8777,20370,303
8777,20370,303
8777,20370,303
8777,20370,303
9765,7577,303
11237,7607,303
11237,7607,303
11237,7897,303
2538,7863,304
2538,8117,304
7706,2538,304
7706,11101,304
7751,21140,304
7751,21140,304
7918,16355,304
7918,16355,304
7918,16355,304
8117,2538,304
8327,22934,304
8327,22934,304
8327,22934,304
8327,22934,304
8327,22934,304
8327,22934,304
8770,14763,304
8770,14763,304
8770,14763,304
8770,14763,304
8770,14763,304
8770,14763,304
8770,14763,304
8770,14763,304
8770,14763,304
8770,14763,304
8770,14763,304
8770,14763,304
8770,14763,304
8770,14763,304
8770,14763,304
8777,1493,304
11237,7607,304
7577,2405,305
7607,2405,305
7751,21136,305
7751,21136,305
7751,21136,305
7751,21136,305
7751,21136,305
7751,21136,305
7751,21136,305
7751,21136,305
7751,21136,305
7751,21136,305
7751,21136,305
7751,21136,305
7751,21136,305
7751,21136,305
7751,21136,305
7751,21136,305
7751,21136,305
7751,21136,305
7751,21136,305
7751,21136,305
7751,21136,305
7751,21136,305
7751,21136,305
7751,21136,305
7751,21136,305
7751,21136,305
7751,21136,305
7751,21136,305
7751,21140,305
7751,21140,305
8236,17963,305
8236,22565,305
8236,22565,305
8770,14763,305
8770,14763,305
8770,14763,305
8770,14763,305
8770,14763,305
8770,14763,305
8770,14763,305
8770,14763,305
8770,14763,305
8770,14763,305
8770,14763,305
8770,14763,305
8770,14763,305
8770,14763,305
8770,14763,305
8770,14763,305
8770,14763,305
8770,14763,305
8770,14763,305
8777,1493,305
8777,1493,305
8777,1493,305
8777,17127,305
8777,17127,305
8777,17127,305
8777,17127,305
8777,17127,305
8777,17127,305
8777,17127,305
8777,17127,305
10658,7607,305
10658,7863,305
7607,2538,306
7607,11443,306
7751,11101,306
7751,21134,306
7751,21134,306
7751,21136,306
7751,21136,306
7751,21136,306
7751,21136,306
7751,21136,306
7751,21136,306
7751,21136,306
7897,11101,306
8235,11101,306
8236,17963,306
8236,22565,306
8236,22565,306
8327,13640,306
8327,13640,306
8327,13640,306
8327,13640,306
8327,13640,306
8327,13640,306
8770,14763,306
8770,14763,306
8770,14763,306
8770,14763,306
8770,14763,306
8770,14763,306
8770,14763,306
8770,14763,306
8770,14763,306
8770,14763,306
8770,14763,306
8770,14763,306
8770,14764,306
8770,14764,306
8770,14764,306
8770,14764,306
8770,14764,306
8770,14764,306
8770,14764,306
8770,14764,306
8770,14764,306
8770,14764,306
8770,14764,306
8770,14764,306
8770,14764,306
8770,14764,306
8770,14764,306
8770,14764,306
8770,14764,306
8770,14764,306
8770,14764,306
8770,14764,306
8770,14764,306
8770,14764,306
8770,14764,306
8770,14764,306
8770,14764,306
8770,14764,306
8770,14764,306
8770,14764,306
8770,14764,306
8770,14764,306
8770,14764,306
8770,14764,306
8770,14764,306
8770,14764,306
8770,14764,306
8770,14764,306
8770,14764,306
8770,14764,306
8770,14764,306
8770,14764,306
8770,14764,306
8770,14764,306
8770,14764,306
8770,14764,306
8770,14764,306
8770,14764,306
8770,14772,306
8770,23861,306
7607,2538,307
7751,21132,307
7751,21132,307
7751,21132,307
7751,21132,307
7751,21132,307
7751,21132,307
7751,21132,307
7751,21132,307
7751,21132,307
7751,21132,307
7751,21132,307
7751,21134,307
7751,21134,307
7751,21136,307
7751,21136,307
7751,21136,307
7751,21136,307
7751,21136,307
7751,21136,307
7751,21136,307
7751,21136,307
7751,21136,307
7751,21136,307
7751,21136,307
7751,21136,307
7751,21136,307
7751,21136,307
7751,21136,307
7751,21136,307
7751,21136,307
7751,21136,307
7751,21136,307
7751,21136,307
7751,21136,307
7751,21136,307
7751,21136,307
7751,21136,307
7751,21136,307
7751,21136,307
7751,21136,307
7897,11443,307
8215,16793,307
8215,16793,307
8215,16793,307
8215,16793,307
8215,16793,307
8215,16793,307
8215,16793,307
8215,16793,307
8215,16793,307
8215,16793,307
8215,16793,307
8215,16793,307
8215,16793,307
8215,16793,307
8215,16793,307
8215,16793,307
8215,25507,307
8215,25507,307
8215,25507,307
8215,25507,307
8236,10658,307
8236,11237,307
8236,17963,307
8236,22565,307
8236,22565,307
8327,16829,307
8327,16829,307
8327,16829,307
8327,16829,307
8327,16829,307
8327,16829,307
8770,14764,307
8770,14764,307
8770,14764,307
10139,7863,307
10139,7863,307
7577,10215,308
7607,10658,308
7607,11443,308
7751,21132,308
7751,21136,308
7751,21136,308
7751,21136,308
7751,21136,308
7751,21136,308
7751,21136,308
7751,21136,308
7751,21136,308
7751,21136,308
7751,21136,308
7751,21136,308
7751,21136,308
7751,21136,308
8017,10215,308
8017,11394,308
8327,13674,308
8327,13674,308
8327,13674,308
8327,13674,308
8327,13674,308
8327,13679,308
8327,13681,308
8777,17127,308
8777,17127,308
10215,7607,308
7706,10658,309
7706,11443,309
8215,16793,309
8215,16793,309
8215,16793,309
8215,16793,309
8215,16793,309
8215,16793,309
8215,16793,309
8215,16793,309
8215,16793,309
8215,16793,309
8327,13679,309
8327,13681,309
8777,17127,309
8777,17127,309
7751,21136,310
7751,21136,310
7751,21136,310
7751,21136,310
7751,21136,310
7751,21136,310
7751,21136,310
7751,21136,310
7751,21136,310
7751,21136,310
7751,21136,310
7751,21136,310
8215,16793,310
8215,16793,310
8215,16793,310
8215,16793,310
8215,16793,310
8215,16793,310
8215,16793,310
8215,16793,310
8215,16793,310
8215,16793,310
8236,17963,310
8236,22565,310
8236,22565,310
8770,14763,310
8770,14764,310
8770,14764,310
8770,14764,310
8770,14764,310
8770,14764,310
8770,14764,310
8770,14764,310
8770,14764,310
8770,14764,310
8770,14764,310
8770,14764,310
8770,14764,310
8770,14764,310
8770,14764,310
8770,14764,310
8770,14764,310
8770,14764,310
8770,14764,310
8770,14764,310
8770,14764,310
8770,14764,310
8770,14764,310
8770,14764,310
8770,14764,310
8777,16932,310
11237,7607,310
7577,11443,311
7751,21136,311
7751,21136,311
7751,21136,311
7751,21136,311
7751,21136,311
7751,21136,311
7751,21136,311
7751,21136,311
7751,21136,311
7751,21136,311
8215,16793,311
8215,16793,311
8215,16793,311
8215,16793,311
8215,16793,311
8215,16793,311
8215,16793,311
8215,16793,311
8215,16793,311
8215,16793,311
8327,18141,311
8327,18141,311
8327,18141,311
8327,18141,311
8327,18141,311
8327,18141,311
8327,18141,311
8327,18141,311
8327,18141,311
8327,18141,311
8327,18141,311
8327,18141,311
8327,18141,311
8327,18141,311
8327,18141,311
8327,18141,311
8327,18141,311
8327,18141,311
8327,18141,311
8327,18141,311
8327,18141,311
8770,4670,311
8770,4670,311
8770,4670,311
8770,4670,311
8770,4670,311
8770,4670,311
8770,4670,311
8770,4670,311
8770,4670,311
8770,4670,311
8770,4670,311
8770,4670,311
8770,4670,311
8770,4670,311
8770,4670,311
8770,4670,311
8770,4670,311
8770,4670,311
8770,4670,311
8770,4670,311
8770,4670,311
8770,4670,311
8770,4670,311
8770,4670,311
8770,4670,311
8770,4670,311
8770,4670,311
8770,4670,311
8770,4670,311
8770,4670,311
8770,4670,311
8770,4670,311
8770,4670,311
8770,4670,311
8770,4670,311
8770,4670,311
8770,4670,311
8770,4670,311
8770,4670,311
8770,4670,311
8770,4670,311
9763,9764,311
11443,7863,311
7577,9766,312
7751,21136,312
7751,21136,312
7751,21136,312
7751,21136,312
7751,21136,312
7751,21136,312
7751,21136,312
7751,21136,312
7751,21136,312
7751,21136,312
7751,21136,312
7751,21136,312
7751,21136,312
7751,21136,312
7751,21136,312
7751,21136,312
7751,21136,312
7751,21136,312
7751,21136,312
7751,21136,312
7751,21136,312
7751,21136,312
7751,21136,312
7751,21136,312
7751,21136,312
7751,21136,312
8215,10969,312
8215,10969,312
8215,10969,312
8215,10969,312
8215,10969,312
8215,10969,312
8215,10969,312
8215,10969,312
8215,10969,312
8215,10969,312
8215,10969,312
8215,10969,312
8777,20727,312
8777,20728,312
8777,20728,312
8777,20728,312
8777,20728,312
8777,20728,312
8777,20728,312
8777,20728,312
8777,20728,312
8777,20728,312
8777,20728,312
8777,20728,312
8777,20728,312
8777,20728,312
8777,20728,312
8777,20728,312
8777,20728,312
10139,8215,312
7751,11101,313
7751,21136,313
7751,21136,313
7751,21136,313
7751,21136,313
7751,21136,313
7751,21136,313
7751,21136,313
7751,21136,313
7751,21136,313
7751,21136,313
7751,21136,313
7751,21136,313
7751,21136,313
7751,21136,313
7751,21136,313
7751,21136,313
8215,10969,313
8215,10969,313
8215,10969,313
8215,10969,313
8215,10969,313
8215,10969,313
8215,19877,313
8215,19877,313
8215,19877,313
8215,19877,313
8215,19877,313
8215,19877,313
8215,19877,313
8770,4670,313
8770,4670,313
8770,4670,313
8770,4670,313
8770,4670,313
8770,4670,313
8770,4670,313
8770,4670,313
8770,4670,313
8770,4670,313
8770,4670,313
8770,4670,313
8770,23862,313
8770,23862,313
8770,23862,313
8770,23862,313
8770,23862,313
8777,19132,313
8777,19132,313
8777,19132,313
8777,19132,313
8777,19132,313
8777,19132,313
8777,19132,313
8777,19132,313
8777,19132,313
8777,19132,313
8777,19132,313
8777,19132,313
8777,19132,313
8777,20728,313
8777,20728,313
11443,7706,313
11443,8017,313
11443,8215,313
11443,8235,313
11443,8236,313
2405,8235,314
7751,21136,314
7751,21136,314
7751,21136,314
7751,21136,314
7751,21136,314
7751,21136,314
7751,21136,314
7751,21136,314
7751,21136,314
7751,21136,314
7751,21136,314
7751,21136,314
7751,21136,314
8770,4670,314
8770,4670,314
8770,4670,314
8770,4670,314
8770,4670,314
8770,4670,314
8770,4670,314
8770,4670,314
8770,4670,314
8770,4670,314
8770,4670,314
8770,4670,314
8770,4670,314
8770,4670,314
8770,4670,314
8770,4670,314
8770,4670,314
8770,4670,314
8770,4670,314
8770,4670,314
8770,4670,314
8770,4670,314
8770,4670,314
8770,4670,314
8770,4670,314
8770,4670,314
8770,4670,314
8770,4670,314
8770,4670,314
8770,4670,314
8770,4670,314
8770,4670,314
8770,4670,314
8770,4670,314
8770,4670,314
8770,4670,314
8770,4670,314
8770,4670,314
8770,4670,314
8770,4670,314
8770,4670,314
8770,4670,314
8770,4670,314
8770,4670,314
8770,4670,314
8770,4670,314
8770,4670,314
8770,4670,314
8770,4670,314
8770,4670,314
8770,4670,314
8770,4670,314
8770,4670,314
8770,4670,314
8770,4670,314
8770,4670,314
8770,4670,314
8770,4670,314
8770,4670,314
8770,4670,314
8770,4670,314
8770,4670,314
8770,4670,314
8770,4670,314
8770,4670,314
8770,19791,314
8777,19132,314
8777,19132,314
8777,19132,314
8777,19132,314
8777,19132,314
8777,19132,314
8777,19132,314
8777,19132,314
8777,19132,314
8777,19132,314
11237,8235,314
7577,9765,315
7577,11101,315
7765,11101,315
8327,18141,315
8327,18141,315
8327,18141,315
8327,18141,315
8327,18141,315
8327,18141,315
8327,18141,315
8327,18141,315
8327,18141,315
8327,18141,315
8327,18141,315
8327,18141,315
8327,18154,315
8777,19132,315
8777,19132,315
8777,19132,315
8777,19132,315
8777,19132,315
8777,19132,315
8777,19132,315
8777,19132,315
8777,19132,315
11101,8215,315
7607,2405,316
8215,11101,316
8215,19877,316
8215,19877,316
8215,19877,316
8327,14544,316
8327,14544,316
8327,14544,316
8327,14544,316
8327,14544,316
8327,14544,316
8327,14544,316
8327,14544,316
8327,14544,316
8327,14544,316
8327,14544,316
8327,14544,316
8327,18161,316
8770,4391,316
8770,4391,316
8770,4391,316
8770,4391,316
8770,4391,316
8770,4391,316
8770,4391,316
8770,4391,316
8770,4391,316
8770,4391,316
8770,4391,316
8770,4391,316
8770,4391,316
8770,4391,316
8770,4391,316
8770,4391,316
8770,4391,316
8770,4391,316
8770,4391,316
8770,4391,316
8770,4391,316
8770,4391,316
8770,4391,316
8770,4391,316
8770,4391,316
8770,4391,316
8770,4391,316
8770,4391,316
8770,4391,316
8770,4670,316
8770,4670,316
8770,4670,316
8770,4670,316
8770,4670,316
8770,4670,316
8770,4670,316
8770,4670,316
8770,4670,316
8770,4670,316
8770,4670,316
8770,4670,316
8770,4670,316
8770,4670,316
8770,4670,316
8770,4670,316
8770,4670,316
8770,4670,316
8770,4670,316
8770,17194,316
8770,17195,316
7607,2405,317
8327,14553,317
8327,18161,317
8770,4391,317
8770,4391,317
8770,4391,317
8770,4391,317
8770,4391,317
8770,4391,317
8770,4391,317
8770,4391,317
8770,4391,317
8770,4391,317
8770,4391,317
8770,4391,317
8770,4391,317
8770,4391,317
8770,4391,317
8770,4391,317
8770,4391,317
8770,4391,317
8770,4391,317
8770,4391,317
8770,4391,317
8770,4391,317
8777,11771,317
8777,11771,317
8777,11771,317
8777,11771,317
8777,11771,317
8777,11771,317
8777,11771,317
8777,11771,317
8777,11771,317
8777,11771,317
8777,11771,317
8777,11771,317
8777,11771,317
8777,11771,317
8777,11771,317
8777,11771,317
2538,7607,318
7918,11443,318
8215,12155,318
8215,12155,318
8215,12155,318
8215,12155,318
8215,12155,318
8215,12155,318
8215,12155,318
8215,12155,318
8215,12155,318
8215,12155,318
8215,12155,318
8215,12155,318
8327,2293,318
8327,2293,318
8327,2293,318
8327,2293,318
8327,2293,318
8327,2293,318
8327,2293,318
8770,4391,318
8770,4391,318
8770,4391,318
8777,11771,318
2538,7607,319
8215,16355,319
8215,16355,319
8215,16355,319
8235,11394,319
8236,11394,319
8327,13674,319
8327,13674,319
8327,13674,319
8327,13674,319
8327,13674,319
8327,13681,319
8327,13681,319
7751,20337,320
7751,20337,320
7751,21136,320
7751,21136,320
7751,21136,320
7751,21136,320
7751,21136,320
7751,21136,320
7751,21136,320
7751,21136,320
7751,21136,320
7751,21136,320
7751,21136,320
7751,21136,320
7751,21136,320
7751,21136,320
7751,21136,320
7751,21136,320
7751,21136,320
7751,21136,320
7751,21136,320
7751,21136,320
7751,21136,320
7751,21136,320
7751,21136,320
7751,21136,320
7751,21136,320
7751,21136,320
7751,21136,320
7751,21136,320
7751,21136,320
7751,21136,320
7751,21136,320
7751,21136,320
7751,21136,320
7751,21136,320
7751,21136,320
7751,21136,320
7751,21136,320
7751,21136,320
7751,21136,320
7751,21136,320
7751,21136,320
7751,21136,320
7751,21136,320
7751,21136,320
7751,21136,320
7751,21136,320
7751,21136,320
7751,21136,320
7751,21136,320
7751,21136,320
7751,21136,320
7751,21136,320
7751,21136,320
7751,21136,320
7751,21136,320
7751,21136,320
7751,21136,320
7751,21136,320
7751,21136,320
7751,21136,320
7751,21136,320
7751,21136,320
7751,21136,320
7751,21136,320
7751,21136,320
7751,21136,320
7751,21136,320
7751,21136,320
7751,21136,320
7751,21136,320
7751,21136,320
7751,21136,320
7751,21136,320
7751,21136,320
7751,21136,320
7751,21136,320
7751,21136,320
7751,21136,320
7751,21136,320
7751,21136,320
7751,21136,320
7751,21136,320
7751,21136,320
7751,21136,320
7751,21136,320
7751,21136,320
7751,21136,320
7751,21136,320
7751,21136,320
7751,21136,320
7751,21136,320
7751,21136,320
7751,21136,320
7751,21136,320
7751,21136,320
8017,2538,320
8274,10658,320
8274,11394,320
8770,4391,320
8770,4391,320
8770,4391,320
8770,4391,320
8770,4391,320
8777,9524,320
8777,13542,320
8777,13542,320
8777,13542,320
8777,13542,320
8777,13542,320
8777,13542,320
8777,13542,320
8777,13542,320
8777,13542,320
8777,13542,320
8777,13542,320
8777,13542,320
8777,13542,320
8777,13542,320
8777,13542,320
8777,14022,320
8777,25311,320
8777,25311,320
8777,25311,320
8777,25311,320
8777,25311,320
8777,25311,320
8777,25311,320
8777,25311,320
8777,25311,320
8777,25311,320
8777,25311,320
8777,25311,320
8777,25311,320
8777,25311,320
8777,25311,320
8777,25311,320
8777,25311,320
8777,25311,320
8777,25311,320
8777,25311,320
8777,25311,320
8777,25311,320
8777,25311,320
8777,25311,320
8777,25311,320
8777,25311,320
8777,25311,320
2538,7863,321
2538,8215,321
7577,2538,321
8327,13679,321
8327,13681,321
8882,22652,321
8882,22652,321
8882,22652,321
8882,22652,321
8882,22652,321
8882,22652,321
8882,22652,321
8882,22652,321
8882,22652,321
8882,22652,321
8882,22652,321
8882,22652,321
8882,22652,321
8882,22652,321
8882,22652,321
8882,22652,321
8882,22652,321
8882,22652,321
8882,22652,321
8882,22652,321
8882,22652,321
8882,22652,321
8882,22652,321
8882,22652,321
8882,22652,321
8882,22652,321
8882,22652,321
8882,22652,321
8882,22652,321
8882,22652,321
9763,9764,321
9765,7577,321
7751,21136,322
7751,21136,322
7751,21136,322
7751,21136,322
7751,21136,322
7751,21136,322
7751,21136,322
7751,21136,322
7751,21136,322
7751,21136,322
7751,21136,322
7751,21136,322
7751,21136,322
7751,21136,322
7751,21136,322
7751,21136,322
7751,21136,322
7751,21136,322
7751,21136,322
7751,21136,322
7751,21136,322
7751,21136,322
7751,21136,322
7751,21136,322
7751,21136,322
7751,21136,322
7751,21136,322
7751,21136,322
7751,21136,322
7751,21136,322
7751,21136,322
7751,21136,322
7751,21136,322
7751,21136,322
7751,21136,322
8327,24959,322
8327,24959,322
8327,24959,322
8327,24959,322
8327,24959,322
8327,24959,322
8327,24959,322
8327,24959,322
8327,24959,322
8327,24959,322
8327,24959,322
8327,24959,322
8327,24959,322
8327,24959,322
8327,24959,322
8327,24959,322
8770,4391,322
8770,4391,322
8770,4391,322
8770,4391,322
8770,4391,322
8770,4391,322
8770,4391,322
8770,4391,322
8882,21136,322
8882,21136,322
8882,21136,322
8882,21136,322
8882,21136,322
8882,21136,322
8882,21136,322
8882,21136,322
8882,21136,322
8882,21136,322
8882,21136,322
8882,21136,322
8882,21136,322
8882,21136,322
8882,21136,322
8882,21136,322
8882,21136,322
8882,21136,322
8882,21136,322
8882,21136,322
8882,21136,322
8882,21136,322
8882,21136,322
8882,21136,322
8882,21136,322
8882,21136,322
8882,21136,322
8882,21136,322
8882,22652,322
7577,11237,323
7607,11237,323
7751,11443,323
8215,16355,323
8215,16355,323
8215,16355,323
8327,24959,323
8327,24959,323
8327,24959,323
8770,2934,323
8770,9736,323
8770,9736,323
8770,9736,323
8770,9736,323
8770,9736,323
8770,9736,323
8770,9736,323
8770,9736,323
8770,9736,323
8770,9736,323
8770,9736,323
8770,9736,323
8770,9736,323
8770,14572,323
8882,21136,323
8882,21136,323
8882,21136,323
8882,21136,323
8882,21136,323
8882,21136,323
8882,21136,323
8882,21136,323
8882,21136,323
8882,21136,323
8882,21136,323
8882,21136,323
8882,21136,323
8882,21136,323
8882,21136,323
8882,21136,323
8882,21136,323
8882,21136,323
8882,21136,323
8882,21136,323
8882,21136,323
8882,21136,323
8882,21136,323
8882,21136,323
8882,21136,323
8882,21136,323
8882,21136,323
8882,21136,323
8882,21136,323
8882,21136,323
8882,21136,323
8882,21136,323
8882,21136,323
8882,21136,323
8882,21136,323
7751,14502,324
7751,14502,324
7751,14502,324
7751,14502,324
7751,14502,324
7751,14502,324
7751,14502,324
7751,14502,324
7751,18313,324
7751,18313,324
7751,18313,324
7751,18313,324
7751,18313,324
7751,18313,324
7751,18313,324
7751,18313,324
7751,18313,324
7751,18313,324
7751,18313,324
7751,18313,324
7751,18313,324
7751,18313,324
7751,18313,324
7751,18313,324
7751,18313,324
7751,18313,324
7751,18313,324
7751,20337,324
7751,21136,324
7751,21136,324
7751,21136,324
7751,21136,324
7751,21136,324
7751,21136,324
7751,21136,324
7751,21136,324
7765,11101,324
8770,9736,324
8770,9736,324
8770,9736,324
8770,9736,324
8770,9736,324
8770,9736,324
8770,9736,324
8882,13934,324
8882,13934,324
8882,14085,324
8882,14085,324
8882,14085,324
8882,14085,324
8882,14085,324
8882,14085,324
8882,14085,324
11101,7607,324
11101,7751,324
11101,7918,324
2538,7607,325
7751,20337,325
7751,21136,325
7751,21136,325
7751,21136,325
7751,21136,325
7751,21136,325
7751,21136,325
7751,21136,325
7918,2538,325
8215,2405,325
8327,1743,325
8327,1743,325
8327,1743,325
8327,1743,325
8882,18535,325
8882,18535,325
8882,18535,325
8882,18535,325
8882,18535,325
8770,9736,326
8770,9736,326
8770,9736,326
8770,9736,326
8770,9736,326
8770,9736,326
8770,9736,326
8770,9736,326
8882,16934,326
8882,16934,326
8882,16934,326
8882,16934,326
8882,16934,326
8882,16934,326
8882,16934,326
8882,16934,326
8882,16934,326
8882,16934,326
8882,16934,326
8882,16934,326
8882,16934,326
11101,8215,326
7751,21136,327
7751,21136,327
7751,21136,327
7751,21136,327
7751,21136,327
7751,21136,327
7751,21136,327
7751,21136,327
7751,21136,327
7751,21136,327
7751,21136,327
7897,2405,327
8274,11443,327
8770,9736,327
8770,9736,327
8770,9736,327
8770,9736,327
8770,9736,327
8770,9736,327
8770,9736,327
8770,9736,327
8882,19475,327
8882,19475,327
8882,19475,327
8882,19475,327
8882,19475,327
8882,19475,327
8882,19478,327
8882,19478,327
8882,19478,327
8882,23089,327
8882,23089,327
8882,23089,327
8882,23089,327
8882,23089,327
8882,23089,327
8882,23089,327
8882,23089,327
8882,23089,327
8882,23089,327
8882,23089,327
8882,23089,327
8882,23089,327
8882,23089,327
8882,23089,327
8882,23089,327
8882,23089,327
8882,23089,327
8882,23089,327
7577,9766,328
7751,20337,329
7751,21136,329
7751,21136,329
7751,21136,329
7751,21136,329
7751,21136,329
7751,21136,329
7751,21136,329
7751,21136,329
7751,21136,329
7751,21136,329
7751,21136,329
7751,21136,329
7751,21136,329
7751,21136,329
7751,21136,329
7751,21136,329
7751,21136,329
7751,21136,329
7751,21136,329
7751,21136,329
7751,21136,329
7751,21136,329
7751,21136,329
7751,21136,329
7751,21136,329
7751,21136,329
7751,21136,329
7751,21136,329
7751,21136,329
7751,21136,329
7751,21136,329
7751,21136,329
7751,21136,329
7751,21136,329
7751,21136,329
7751,21136,329
7751,21136,329
7751,21136,329
7751,21136,329
7751,21136,329
7751,21136,329
8235,11443,329
8327,18611,329
8327,18611,329
8327,18611,329
8327,18611,329
8327,18611,329
8327,18611,329
8327,18614,329
8327,18614,329
8327,18909,329
8327,25290,329
8770,19471,329
8770,19471,329
8770,19471,329
8770,19471,329
8770,19471,329
8770,19471,329
8770,19471,329
8770,19471,329
8770,19471,329
8770,19471,329
8770,19471,329
8770,19471,329
8770,19471,329
8770,19471,329
8770,19471,329
8770,19471,329
8770,19471,329
8770,19471,329
8770,19471,329
8770,19471,329
8770,19471,329
8882,23089,329
8327,1307,330
8327,1307,330
8327,1307,330
7577,9765,331
7751,21136,331
7751,21136,331
7751,21136,331
7751,21136,331
7751,21136,331
7751,21136,331
7751,21136,331
7751,21136,331
7751,21136,331
7751,21136,331
8770,19471,331
8770,19471,331
8770,19471,331
8882,4670,331
8882,4670,331
8882,4670,331
8882,4670,331
8882,4670,331
8882,4670,331
8882,4670,331
8882,4670,331
8882,4670,331
8882,4670,331
8882,4670,331
8882,4670,331
8882,4670,331
8882,4670,331
8882,4670,331
8882,4670,331
8882,4670,331
8882,4670,331
8882,4670,331
8882,4670,331
8882,4670,331
8882,4670,331
8882,4670,331
8882,4670,331
8882,4670,331
8882,4670,331
8882,4670,331
8882,4670,331
8882,4670,331
8882,4670,331
8882,4670,331
8882,4670,331
8882,4670,331
8882,4670,331
8882,4670,331
8882,4670,331
8882,4670,331
8882,4670,331
8882,4670,331
8882,4670,331
8882,23089,331
8882,23089,331
8882,23089,331
8882,23089,331
8882,23089,331
8882,23089,331
8882,23089,331
8882,23089,331
8882,23089,331
8882,23089,331
8882,23089,331
8882,23089,331
8882,23089,331
8882,23089,331
8882,23089,331
8882,23089,331
8882,23089,331
8882,23089,331
8882,23089,331
9763,9764,331
7751,21136,332
7751,21136,332
7751,21136,332
7751,21136,332
7751,21136,332
8327,1307,332
8327,1307,332
8882,4670,332
8882,4670,332
8882,4670,332
8882,4670,332
8882,4670,332
8882,4670,332
8882,4670,332
8882,4670,332
8327,20327,333
8327,20327,333
8327,20327,333
8327,20327,333
8327,20327,333
8327,20327,333
8327,20327,333
8327,20327,333
8327,20327,333
8327,20327,333
8327,20327,333
8327,20327,333
8327,20327,333
8327,20327,333
8327,20327,333
8327,20327,333
8327,20327,333
8327,20327,333
8327,20327,333
8327,20327,333
8327,20327,333
8327,20327,333
8327,20327,333
8327,20327,333
8327,20327,333
8770,19472,333
8770,19472,333
8770,19472,333
8770,19472,333
8770,19472,333
8770,19472,333
11237,8235,333
7577,11443,334
7751,21136,334
7751,21136,334
7751,21136,334
7751,21136,334
7751,21136,334
7751,21136,334
7751,21136,334
7751,21136,334
7751,21136,334
7751,21136,334
7751,21136,334
7751,21136,334
8327,20327,334
8327,20327,334
8327,20327,334
11443,8215,334
8327,23708,335
8327,23708,335
8327,23708,335
8327,23708,335
8327,23708,335
8327,23708,335
8327,23708,335
8327,23708,335
8327,23708,335
8327,23708,335
8327,23708,335
8327,23708,335
8327,23708,335
8327,23708,335
8327,23708,335
8327,23708,335
8327,23708,335
8327,23708,335
8327,23708,335
8327,23708,335
8327,23708,335
8327,23708,335
8327,23841,335
8327,23841,335
8327,23841,335
8327,23841,335
8327,23841,335
8327,23841,335
8770,14667,335
8770,14667,335
8770,14667,335
8770,14667,335
8770,14667,335
8770,14667,335
8770,14667,335
8770,14667,335
8770,14667,335
8770,14667,335
8770,14667,335
8770,14667,335
8770,14667,335
8770,14667,335
8770,14667,335
8770,14667,335
8770,14667,335
8770,14667,335
8770,14667,335
8770,17031,335
8770,17031,335
8770,17031,335
8770,17031,335
8770,17031,335
8770,17031,335
8770,17031,335
8770,17031,335
8770,17031,335
8770,17031,335
8770,17031,335
8770,17031,335
8770,17031,335
8770,17031,335
8770,17031,335
8770,17031,335
8770,17031,335
8770,17031,335
8770,17031,335
8770,17031,335
8770,17031,335
8770,17031,335
8770,17031,335
8770,17031,335
8770,17031,335
8770,17031,335
8770,17032,335
8770,17032,335
8327,17339,336
8327,17339,336
8327,17339,336
8327,17339,336
8327,17339,336
8327,17339,336
8327,17339,336
8327,23708,336
8327,23708,336
8327,23708,336
8770,17031,336
8770,17031,336
8770,17031,336
8770,17031,336
8770,17031,336
8770,17031,336
8770,17031,336
8770,17031,336
8770,17031,336
8770,17031,336
8770,17031,336
8770,17031,336
8770,17031,336
8770,17031,336
8770,17031,336
8770,17031,336
8770,17031,336
8770,17031,336
8770,17031,336
8770,17031,336
8770,17031,336
8770,17031,336
8770,17031,336
8770,17031,336
8770,17031,336
8770,17031,336
8770,17031,336
7751,21136,337
7751,21136,337
7751,21136,337
7751,21136,337
7751,21136,337
7751,21136,337
7751,21136,337
7751,21136,337
7751,21136,337
7751,21136,337
7751,21136,337
7751,21136,337
7751,21136,337
7751,21136,337
7751,21136,337
7751,21136,337
7751,21136,337
7751,21136,337
7751,21136,337
7751,21136,337
7751,21136,337
7751,21136,337
7751,21136,337
7751,21136,337
7751,21136,337
7751,21136,337
7751,21136,337
7751,21136,337
7751,21136,337
7751,21136,337
7751,21136,337
7751,21136,337
7751,21136,337
7751,21136,337
7751,21136,337
7751,21136,337
7751,21136,337
7751,21136,337
7751,21136,337
8327,17339,337
8327,17339,337
8770,17031,337
7751,11443,338
8327,12096,338
8327,12096,338
8327,19376,338
8327,19376,338
8327,19376,338
8327,19376,338
8327,19376,338
8327,19376,338
8327,19376,338
8327,19376,338
8327,19376,338
8327,19376,338
8327,19376,338
8327,19376,338
8327,19376,338
8327,19376,338
8327,19376,338
8327,19376,338
8327,19376,338
8327,19376,338
8327,19376,338
8327,19376,338
8327,19376,338
8327,19376,338
8327,19376,338
8327,19376,338
8327,19376,338
8327,19376,338
8327,19376,338
8327,19376,338
8327,19376,338
8327,19376,338
8327,19376,338
8327,19376,338
8327,19379,338
7751,12096,339
7751,12096,339
7751,12096,339
7751,12096,339
7751,14366,339
7751,14366,339
7751,14366,339
7751,14366,339
7751,14366,339
7751,14366,339
8017,2405,339
8117,9765,339
8327,1755,339
8327,1755,339
8327,1755,339
8327,1755,339
8327,18788,339
8327,18788,339
8327,18801,339
8327,18801,339
8327,18801,339
8327,18801,339
8327,18801,339
8327,18801,339
8770,14022,339
8770,18824,339
8770,18824,339
8770,18824,339
8770,18824,339
8770,18824,339
8770,18824,339
8770,18824,339
8770,18824,339
8770,18824,339
8770,18824,339
8770,18824,339
8770,18824,339
8770,18824,339
8770,18824,339
8770,18824,339
8770,18824,339
8770,18824,339
8770,18824,339
8770,18824,339
8770,18824,339
8770,18824,339
8770,18824,339
8770,18824,339
8770,18824,339
8770,18824,339
8770,18824,339
8770,18824,339
8770,18824,339
8770,18824,339
8770,18824,339
8770,18824,339
8770,18824,339
8770,18824,339
8770,18824,339
8770,18824,339
8770,18824,339
8770,18824,339
8770,18824,339
8770,18824,339
8770,18824,339
8770,24370,339
8770,24370,339
9765,7577,339
9765,7706,339
9765,7751,339
9765,7918,339
9765,8117,339
9765,8274,339
7751,16838,340
7751,16838,340
7751,16838,340
7751,16838,340
7751,16838,340
7751,16838,340
7751,16838,340
7751,16838,340
7751,16838,340
7751,16838,340
7751,16838,340
7751,16838,340
7751,16838,340
7751,16838,340
7751,16838,340
7751,16838,340
7751,16841,340
7751,16844,340
7751,16845,340
7751,21636,340
8117,9765,340
8117,9765,340
8117,9765,340
8117,9765,340
8117,9765,340
8770,14022,340
8770,18824,340
8770,18824,340
8770,18824,340
8770,18824,340
8770,18824,340
8770,18824,340
8770,18824,340
8770,18824,340
8770,18824,340
8770,18824,340
8770,18824,340
8770,18824,340
8770,18824,340
8770,18824,340
8770,18824,340
8770,18824,340
8770,18824,340
8770,18824,340
8770,18824,340
8770,18824,340
8770,18824,340
8770,18824,340
8770,18824,340
8770,18824,340
8770,18824,340
8770,18824,340
8770,18824,340
8770,18824,340
8770,18824,340
8770,18824,340
8770,18824,340
8770,18824,340
8770,18824,340
8770,18824,340
8770,18824,340
8770,18824,340
8770,18824,340
8770,18824,340
8770,18824,340
8770,18824,340
8770,23862,340
8770,24370,340
8770,24370,340
8770,25308,340
8770,25309,340
8770,25310,340
8770,25310,340
8770,25312,340
9765,8117,340
9765,8117,340
9765,8117,340
9765,8117,340
9765,8117,340
7751,16838,341
7751,16838,341
7751,16838,341
7751,16844,341
7751,21637,341
8017,3396,341
8017,3396,341
8017,3396,341
8017,3396,341
8017,3396,341
8017,3403,341
8017,3403,341
8017,3403,341
8017,3403,341
8017,3403,341
8017,3403,341
8017,3403,341
8017,3403,341
8017,3403,341
8017,3403,341
8017,3403,341
8017,3403,341
8017,3403,341
8017,3403,341
8017,3403,341
8017,3403,341
8017,3403,341
8017,3403,341
8017,3403,341
8017,3403,341
8017,3403,341
8017,3403,341
8017,3403,341
8117,9765,341
8117,9765,341
8117,9765,341
8235,2060,341
8235,2060,341
8235,2060,341
8235,2060,341
8235,2060,341
8235,2060,341
8235,2060,341
8235,4670,341
8235,4670,341
8235,4670,341
8235,4670,341
8235,4670,341
8235,4670,341
8235,4670,341
8235,4670,341
8235,4670,341
8235,4670,341
8235,4670,341
8235,4670,341
8235,4670,341
8235,4670,341
8235,4670,341
8235,4670,341
8235,4670,341
8235,4670,341
8235,4670,341
8235,4670,341
8235,4670,341
8235,4670,341
8235,4670,341
8235,4670,341
8235,4670,341
8235,4670,341
8235,4670,341
8235,4670,341
8235,4670,341
8235,4670,341
8235,4670,341
8235,4670,341
8235,4670,341
8235,4670,341
8235,4670,341
8235,4670,341
8235,4670,341
8235,4670,341
8235,4670,341
8235,4670,341
8235,13934,341
8235,14085,341
8235,14085,341
8235,14085,341
8327,1755,341
8327,1755,341
8327,1755,341
8327,1755,341
8327,1755,341
8770,15733,341
8770,15744,341
8770,15744,341
8770,15744,341
8770,15744,341
8770,15744,341
8770,15744,341
8770,23916,341
8770,23916,341
8777,18142,341
8777,18142,341
8777,18142,341
8777,18142,341
8777,18142,341
8777,18142,341
8777,18142,341
8777,18142,341
8777,18142,341
8777,18142,341
8777,18142,341
8777,18142,341
8777,18142,341
8777,18142,341
8777,18142,341
8777,18142,341
8777,18142,341
8777,18142,341
8777,18142,341
8777,18142,341
8777,18142,341
8777,18142,341
8777,18142,341
8777,18142,341
8777,18142,341
8777,18142,341
8777,18142,341
8777,18142,341
8777,18142,341
8777,18142,341
8777,18142,341
8777,18142,341
9763,9764,341
9765,8117,341
9765,8117,341
9765,8117,341
8117,9765,342
8117,9765,342
8117,9765,342
8117,9765,342
8327,1755,342
8327,1755,342
8327,1755,342
8327,1755,342
8327,1755,342
8770,15744,342
8770,15744,342
8770,15744,342
8770,15744,342
8770,15744,342
8770,15744,342
8770,23916,342
8770,23917,342
8777,18142,342
8777,18142,342
8777,18142,342
8777,18142,342
8777,18142,342
8777,18142,342
8777,18142,342
8777,18142,342
8777,18142,342
8777,18142,342
8777,18142,342
8777,18142,342
8777,18142,342
8777,18142,342
8777,18142,342
8777,18142,342
8777,18142,342
8777,18142,342
8777,18142,342
8777,18142,342
8777,18142,342
9765,8117,342
9765,8117,342
9765,8117,342
9765,8117,342
7751,3068,343
8235,3396,343
8235,3396,343
8235,3396,343
8235,3396,343
8235,3403,343
8235,3403,343
8235,3403,343
8235,3403,343
8235,3403,343
8235,3403,343
8235,3403,343
8235,3403,343
8235,3403,343
8235,3403,343
8235,3403,343
8235,4670,343
8235,4670,343
8235,4670,343
8235,4670,343
8235,4670,343
8235,4670,343
8235,4670,343
8235,4670,343
8235,4670,343
8235,4670,343
8235,4670,343
8235,4670,343
8235,4670,343
8235,4670,343
8235,4670,343
8235,4670,343
8235,4670,343
8235,4670,343
8235,4670,343
8235,4670,343
8235,4670,343
8235,4670,343
8235,4670,343
8235,4670,343
8235,4670,343
8235,4670,343
8235,4670,343
8235,4670,343
8235,23862,343
8235,23862,343
8235,23862,343
8235,23862,343
8235,23862,343
8235,23862,343
8235,23862,343
8327,1755,343
8327,1755,343
8327,1755,343
8327,1755,343
8770,10518,343
8770,20161,343
8770,20161,343
8770,22652,343
8770,22652,343
8770,22652,343
8770,22652,343
8770,22652,343
8770,22652,343
8770,22652,343
8770,22652,343
8770,22652,343
8770,22652,343
8770,22652,343
8770,22652,343
8770,22652,343
8770,22652,343
7577,9766,344
8327,1751,344
8327,1751,344
8327,1751,344
8327,1751,344
8327,1751,344
8327,1751,344
8327,1751,344
8327,1751,344
8327,1751,344
8327,1751,344
8327,1751,344
8327,1751,344
8327,1751,344
8327,1751,344
8327,1751,344
8327,1751,344
8327,1751,344
8327,1751,344
8327,1751,344
8327,1751,344
8327,1751,344
8327,1751,344
8327,1751,344
8327,1751,344
8327,1751,344
8327,1751,344
8327,1751,344
8327,1751,344
8327,1755,344
8327,1755,344
8770,15597,344
8770,15600,344
8770,15601,344
8770,15601,344
8770,15601,344
8770,15601,344
8770,15601,344
8770,15601,344
8770,15601,344
8770,15601,344
8770,15601,344
8770,15601,344
8770,15601,344
8770,15601,344
8770,15601,344
8770,15601,344
8770,15601,344
8770,15601,344
8770,15601,344
8770,15601,344
8770,15601,344
8770,15601,344
8770,15601,344
8770,15601,344
8770,15601,344
8770,15601,344
8770,15601,344
8770,15601,344
8770,15601,344
8770,15602,344
8770,15602,344
8770,15602,344
8770,15602,344
8770,15602,344
8770,15602,344
8770,15602,344
8770,15602,344
8770,15602,344
8770,15602,344
8770,15602,344
8770,15602,344
8770,15602,344
8770,15602,344
8770,15602,344
8770,15602,344
8770,15602,344
8770,15602,344
8770,15604,344
8770,15609,344
8770,15609,344
8770,15609,344
8770,15609,344
8770,15609,344
8770,15609,344
8770,15609,344
8770,15609,344
7577,11101,345
7751,14763,345
7751,14763,345
7751,14763,345
7751,14763,345
7751,14763,345
7751,14763,345
7751,14763,345
7751,14763,345
7751,14763,345
7751,14763,345
7751,14763,345
7751,14763,345
7751,14763,345
7751,14763,345
7751,14763,345
7751,14763,345
7751,14763,345
7751,14763,345
7751,14763,345
7751,14763,345
7751,14763,345
7751,14763,345
7751,14763,345
7751,14763,345
7751,14763,345
7751,14763,345
7751,14763,345
7751,14763,345
7751,14763,345
7751,14772,345
8017,3396,345
8017,3396,345
8017,3403,345
8017,3403,345
8017,3403,345
8017,3403,345
8017,3403,345
8017,3403,345
8017,3403,345
8017,3403,345
8017,3403,345
8017,3403,345
8017,3405,345
8017,11559,345
8017,11559,345
8777,18142,345
8777,18142,345
8777,18142,345
8777,18142,345
8777,18142,345
11101,7607,345
11101,7863,345
11101,7897,345
11101,8017,345
7751,18313,346
7751,18321,346
7751,18321,346
7751,18321,346
8777,18142,346
8777,18142,346
8777,18142,346
8777,18142,346
8777,18142,346
8777,18142,346
8777,18142,346
8777,18142,346
8777,18142,346
8777,18142,346
8777,18142,346
8777,18142,346
8777,18142,346
8777,18142,346
8777,18142,346
8777,18142,346
8777,18142,346
8777,18142,346
8777,18142,346
8777,18142,346
8777,18142,346
7577,9765,347
7751,18313,347
7751,18321,347
7751,18321,347
8235,4670,347
8235,4670,347
8235,4670,347
8235,4670,347
8235,4670,347
8235,4670,347
8235,4670,347
8235,4670,347
8235,4670,347
8235,4670,347
8235,4670,347
8235,4670,347
8235,4670,347
8235,4670,347
8235,4670,347
8235,4670,347
8235,4670,347
8235,4670,347
8235,4670,347
8235,4670,347
8235,4670,347
8235,4670,347
8235,4670,347
8235,4670,347
8235,4670,347
8235,4670,347
8235,4670,347
8235,4670,347
8235,22601,347
8235,23862,347
8235,23862,347
8235,23862,347
8235,23862,347
8235,23862,347
8235,23862,347
8235,23862,347
8770,15597,347
8770,15600,347
8770,15601,347
8770,15601,347
8770,15601,347
8770,15601,347
8770,15601,347
8770,15601,347
8770,15601,347
8770,15601,347
8770,15601,347
8770,15601,347
8770,15601,347
8770,15601,347
8770,15601,347
8770,15601,347
8770,15601,347
8770,15601,347
8770,15601,347
8770,15601,347
8770,15601,347
8770,15601,347
8770,15601,347
8770,15601,347
8770,15601,347
8770,15601,347
8770,15601,347
8770,15601,347
8770,15601,347
8770,15602,347
8770,15602,347
8770,15602,347
8770,15602,347
8770,15602,347
8770,15602,347
8770,15602,347
8770,15602,347
8770,15602,347
8770,15602,347
8770,15602,347
8770,15602,347
8770,15602,347
8770,15602,347
8770,15602,347
8770,15602,347
8770,15602,347
8770,15602,347
8770,15604,347
8770,15604,347
8770,15604,347
8770,15604,347
8770,15604,347
8770,15604,347
8770,15604,347
8770,15604,347
8770,15604,347
8770,15604,347
8770,15609,347
8770,15609,347
8770,15609,347
8770,15609,347
8770,15609,347
8770,15609,347
8770,15609,347
8770,15609,347
8770,16806,347
8777,2595,347
8777,2595,347
8777,2595,347
8777,2595,347
8777,2595,347
8777,2595,347
8777,2595,347
8777,2595,347
8777,2595,347
8777,2595,347
8777,2595,347
8777,18141,347
8777,18187,347
8777,18187,347
7751,18313,348
7751,18321,348
7751,18321,348
8017,3396,348
8017,3403,348
8017,3403,348
8017,3403,348
8017,3403,348
8017,3403,348
8017,3403,348
8017,3403,348
8017,3403,348
8017,3403,348
8017,3403,348
8017,3403,348
8017,3403,348
8017,21136,348
8017,21136,348
8017,21136,348
8017,21136,348
8017,21136,348
8017,21136,348
8017,21136,348
8017,21136,348
8017,21136,348
8017,21136,348
8017,21136,348
8017,21136,348
8017,21136,348
8017,21136,348
8017,21136,348
8017,21136,348
8017,21136,348
8017,21136,348
8017,21136,348
8017,21136,348
8017,21136,348
8017,21136,348
8017,21136,348
8017,21136,348
8017,21136,348
8017,21136,348
8017,21136,348
8017,21136,348
8235,745,348
8235,745,348
8235,745,348
8235,745,348
8235,745,348
8235,745,348
8235,745,348
8777,2036,348
8777,2036,348
8777,2036,348
8777,2036,348
8777,2036,348
8777,2036,348
8777,2036,348
8777,2036,348
8777,2036,348
8777,2036,348
8777,2036,348
8777,2036,348
8777,2036,348
8777,2036,348
8777,2036,348
8777,2036,348
8777,2036,348
8777,2036,348
8777,2036,348
8777,2036,348
8777,2036,348
8777,2036,348
8777,2036,348
8777,2036,348
8777,2036,348
8777,2036,348
8777,2036,348
8777,2036,348
8777,18788,348
8777,18790,348
8017,21136,349
8017,21136,349
8017,21136,349
8017,21136,349
8017,21136,349
8017,21136,349
8017,21136,349
8017,21136,349
8017,21136,349
8017,21136,349
8017,21136,349
8017,21136,349
8017,21136,349
8017,21136,349
8017,21136,349
8017,21136,349
8017,21136,349
8017,21136,349
8017,21136,349
8017,21136,349
8017,21136,349
8017,21136,349
8017,21136,349
8235,745,349
8235,745,349
8235,745,349
8235,745,349
8235,745,349
8235,745,349
8235,745,349
8235,745,349
8235,745,349
8235,14740,349
8235,14740,349
8235,14740,349
8235,14740,349
8235,14740,349
8235,14740,349
8235,14740,349
8235,14740,349
8235,14740,349
8235,14740,349
8235,14740,349
8235,14740,349
8235,14740,349
8777,2036,349
8777,2036,349
8777,2036,349
8777,2036,349
8777,2036,349
8777,2036,349
8777,2036,349
8777,2036,349
8777,2036,349
8777,2036,349
8777,2036,349
8777,2036,349
8777,2036,349
8777,2036,349
8777,2036,349
8777,2036,349
8777,2610,349
8777,2610,349
8777,2610,349
8777,2610,349
8777,2610,349
8777,2610,349
8777,2610,349
8777,2610,349
8777,2610,349
8777,2610,349
8777,2610,349
8777,2610,349
8777,2610,349
8777,2610,349
8777,2610,349
8777,2610,349
8777,2610,349
8777,2610,349
8777,2610,349
8777,2610,349
8777,2610,349
8777,2610,349
8777,2610,349
8777,2610,349
8777,2610,349
8777,2610,349
7751,16934,350
7751,16934,350
7751,16934,350
7751,16934,350
7751,16934,350
7751,16934,350
7751,16934,350
7751,16934,350
7751,16934,350
7751,16934,350
7751,16934,350
7751,16934,350
7751,16934,350
7751,16934,350
7751,16934,350
7751,16934,350
7751,16934,350
7751,16934,350
7751,16934,350
7751,16934,350
7751,16934,350
7751,16934,350
7751,16934,350
7751,16934,350
7751,16934,350
7751,16934,350
7751,16934,350
8770,15604,351
8777,2610,351
8777,2610,351
8777,2610,351
8777,2610,351
8777,2610,351
8777,2610,351
8777,2610,351
8941,12080,351
8941,12080,351
8941,12080,351
8941,12080,351
8941,12080,351
8941,12080,351
8941,12080,351
8941,12080,351
8941,12080,351
8941,12080,351
8941,12080,351
8941,12080,351
8941,12080,351
8941,12080,351
8941,12080,351
8941,12080,351
8941,12080,351
8941,12080,351
8941,12080,351
8941,12080,351
8941,12080,351
8941,12080,351
8941,12080,351
8941,12080,351
8941,12080,351
8941,12080,351
8941,12080,351
8941,12080,351
8941,12080,351
8941,12080,351
8941,12080,351
8941,12080,351
8941,12080,351
8941,12080,351
8941,12080,351
8941,12080,351
8941,12080,351
8941,12080,351
8941,12080,351
8941,12080,351
8941,12080,351
9763,9764,351
8235,14740,352
8235,14740,352
8235,14740,352
8235,14740,352
8235,14740,352
8235,14740,352
8235,14740,352
8777,2610,352
8777,2680,352
8777,2680,352
8777,2680,352
8777,2680,352
8777,2680,352
8777,2680,352
8777,2680,352
8777,2680,352
8777,2680,352
8777,2680,352
8777,2680,352
8777,2680,352
8777,2680,352
8777,2680,352
8777,2680,352
8777,2680,352
8777,2680,352
8777,2680,352
8777,2680,352
8777,2680,352
8777,2680,352
8777,2680,352
8777,2680,352
8777,2680,352
8777,2680,352
8777,2680,352
8777,2680,352
8777,2680,352
8941,12096,352
8941,12096,352
8941,12096,352
8941,12096,352
8941,14366,352
8941,14366,352
8941,14366,352
8941,14366,352
10851,8215,352
7751,14580,353
7751,16934,353
7751,16934,353
7751,16934,353
7751,16934,353
7751,16934,353
7751,16934,353
7751,16934,353
7751,16934,353
7751,16934,353
7751,16934,353
7751,16934,353
7751,16934,353
7751,16934,353
7751,16934,353
7751,16934,353
7751,22936,353
7751,24243,353
7751,24243,353
7751,24243,353
7897,2595,353
7897,2595,353
7897,2595,353
7897,2595,353
7897,2595,353
7897,2595,353
7897,2595,353
7897,2595,353
7897,2595,353
7897,2595,353
7897,2595,353
8017,21136,353
8017,21136,353
8017,21136,353
8017,21136,353
8017,21136,353
8017,21136,353
8017,21136,353
8017,21136,353
8017,21136,353
8017,21136,353
8017,21136,353
8017,21136,353
8017,21136,353
8017,21136,353
8017,21136,353
8215,11101,353
8235,17948,353
8235,17948,353
8235,17948,353
8235,17948,353
8235,17948,353
8235,17948,353
8235,17948,353
8235,17948,353
8235,17948,353
8235,17948,353
8235,17948,353
8235,17948,353
8235,17948,353
8235,20228,353
8235,25290,353
8777,1761,353
8777,1761,353
8777,1761,353
8777,1761,353
8777,1761,353
8777,1761,353
8777,1761,353
8777,1761,353
8777,1761,353
8777,1761,353
8777,1761,353
8777,1761,353
8777,1761,353
8777,1761,353
8777,1761,353
8777,1761,353
8777,1761,353
8777,1761,353
8777,1761,353
7751,24243,354
7751,24243,354
7751,24243,354
7751,24243,354
7751,24243,354
7751,24243,354
7751,24243,354
7751,24243,354
7751,24243,354
7751,24243,354
7751,24243,354
7751,24243,354
7751,24243,354
8017,18142,354
8017,18142,354
8017,18142,354
8017,18142,354
8017,18142,354
8017,18142,354
8017,18142,354
8017,18142,354
8017,18142,354
8017,18142,354
8017,18142,354
8017,18142,354
8017,18142,354
8017,18142,354
8017,18142,354
8017,18142,354
8017,18142,354
8017,18142,354
8017,18142,354
8017,18142,354
8017,18142,354
8236,11443,354
8770,10518,354
8770,20161,354
8770,20161,354
8770,22652,354
8770,22652,354
8770,22652,354
8770,22652,354
8770,22652,354
8770,22652,354
8770,22652,354
8770,22652,354
8770,22652,354
8770,22652,354
8770,22652,354
8770,22652,354
8770,22652,354
8770,22652,354
8777,18142,354
8777,18142,354
8777,18142,354
8777,18142,354
8777,18142,354
8777,18142,354
8777,18142,354
8777,18142,354
8777,18142,354
8777,18142,354
8777,18142,354
8777,18142,354
8777,18142,354
8777,18142,354
8777,18142,354
8777,18142,354
8777,18142,354
8777,18142,354
8777,18142,354
8777,18142,354
8777,18142,354
7751,14580,355
7751,24243,355
7751,24243,355
7751,24243,355
7751,24243,355
7751,24243,355
7751,24243,355
7751,24243,355
7751,24243,355
7751,24243,355
7897,18142,355
7897,18142,355
7897,18142,355
7897,18142,355
7897,18142,355
7897,18142,355
7897,18142,355
7897,18142,355
7897,18142,355
7897,18142,355
7897,18142,355
7897,18142,355
7897,18142,355
7897,18142,355
7897,18142,355
7897,18142,355
7897,18142,355
7897,18142,355
7897,18142,355
7897,18142,355
7897,18142,355
7918,11443,355
8235,9482,355
8235,9482,355
8235,9482,355
8235,9482,355
8235,9482,355
8235,9482,355
8235,9482,355
8235,9482,355
8235,9482,355
8235,9482,355
8235,9482,355
8235,9482,355
8235,9482,355
8235,9482,355
8235,9482,355
8235,9482,355
8770,10518,355
8770,20161,355
8770,20161,355
8770,20161,355
8770,20161,355
8770,20161,355
8770,20161,355
8770,20161,355
8770,20161,355
8770,20161,355
8770,20161,355
8770,20161,355
8770,20161,355
8770,20161,355
8770,20161,355
8770,20161,355
8770,20161,355
8770,20161,355
8770,20161,355
8770,22652,355
8770,22652,355
8770,22652,355
8770,22652,355
8770,22652,355
8770,22652,355
8770,22652,355
8770,22652,355
8770,22652,355
8770,22652,355
8770,22652,355
8770,22652,355
8770,22652,355
8770,22652,355
8777,18142,355
8777,18176,355
8777,18176,355
8777,18176,355
8777,18176,355
8777,18176,355
8777,18176,355
8777,18176,355
8777,18176,355
8777,18176,355
8777,23089,355
8777,23089,355
8777,23089,355
8777,23089,355
8777,23089,355
8777,23089,355
8777,23089,355
8777,23089,355
8777,23089,355
8777,23089,355
8777,23089,355
8777,23089,355
8777,23089,355
8777,23089,355
8777,23089,355
8777,23089,355
8777,23089,355
8777,23089,355
8777,23089,355
8941,3265,355
8941,14369,355
8941,14502,355
8941,14502,355
8941,14502,355
8941,14502,355
8941,14502,355
8941,14502,355
8941,14502,355
8941,14502,355
8941,14502,355
8941,14502,355
8941,14502,355
8941,14502,355
8941,14502,355
8941,14502,355
8941,14502,355
8941,14502,355
8941,14502,355
8941,14502,355
8941,20152,355
9765,7577,355
10851,7607,355
10851,7863,355
7607,10658,356
7897,18142,356
7897,18142,356
7897,18142,356
7897,18142,356
7897,18142,356
7897,18142,356
7897,18142,356
7897,18142,356
7897,18142,356
7897,18142,356
7897,18142,356
7897,18142,356
7897,18142,356
7897,18142,356
7897,18142,356
7897,18142,356
7897,18142,356
7897,18142,356
7897,18142,356
7897,18142,356
7897,18142,356
7897,18142,356
8235,17948,356
8235,17948,356
8235,17948,356
8235,17948,356
8235,17948,356
8235,17948,356
8235,17948,356
8235,17948,356
8235,17948,356
8235,17948,356
8235,17948,356
8235,17948,356
8235,17948,356
8235,17948,356
8235,17948,356
8235,17948,356
8235,20228,356
8770,9936,356
8777,23089,356
8777,23089,356
8777,23089,356
8777,23089,356
8777,23089,356
8777,23089,356
8777,23089,356
8777,23089,356
8777,23089,356
8777,23089,356
8777,23089,356
8777,23089,356
8941,2299,356
8941,2299,356
8941,2299,356
8941,2299,356
8941,14502,356
8941,14502,356
8941,14502,356
8941,14502,356
8941,14502,356
8941,14502,356
8941,14502,356
8941,14502,356
8941,14502,356
8941,14502,356
8941,14502,356
8941,14502,356
8941,14502,356
8941,14502,356
8941,14502,356
8941,14502,356
8941,14502,356
8941,14502,356
11237,8274,356
7577,11443,357
8235,17948,357
8235,17948,357
8235,17948,357
8770,20162,357
8770,20162,357
8770,20162,357
8770,22652,357
8770,22652,357
8770,22652,357
8770,22652,357
8941,2060,357
8941,2060,357
8941,2060,357
8941,2060,357
8941,2060,357
8941,2060,357
8941,2060,357
8941,2299,357
8941,2299,357
8941,2299,357
8941,2299,357
8941,2299,357
8941,2299,357
8941,2299,357
8941,2299,357
8941,2299,357
8941,2299,357
8941,2299,357
8941,2299,357
8941,2299,357
8941,2299,357
8941,2299,357
8941,2299,357
8941,2299,357
8941,14502,357
8941,14502,357
8941,14502,357
8941,14502,357
11101,7897,357
11443,7897,357
11443,8274,357
7751,15160,358
7751,15160,358
7751,15160,358
7751,15160,358
7751,15160,358
7751,15160,358
7897,18142,358
7897,18142,358
7897,18142,358
7897,18142,358
7897,18142,358
7897,18142,358
7897,18142,358
7897,18142,358
7897,18142,358
7897,18142,358
7897,18313,358
7897,18313,358
7897,18313,358
7897,18313,358
7897,18313,358
7897,18313,358
7897,18313,358
7897,18313,358
7897,18313,358
7897,18313,358
7897,18313,358
7897,18313,358
7897,18313,358
7897,18313,358
8017,2405,358
8017,10658,358
8017,11237,358
8017,11394,358
8017,11443,358
8117,10851,358
8235,15824,358
8235,17948,358
8235,17948,358
8235,17948,358
8235,17948,358
8235,17948,358
8235,17948,358
8235,17948,358
8235,17948,358
8235,17948,358
8409,18313,358
8409,18313,358
8409,18313,358
8409,18313,358
8409,18313,358
8409,18313,358
8409,18313,358
8409,18313,358
8409,18313,358
8409,18313,358
8409,18313,358
8409,18313,358
8409,18313,358
8409,18313,358
8409,18313,358
8409,18313,358
8409,18313,358
8409,18313,358
8409,18313,358
8770,10518,358
8770,20161,358
8770,20161,358
8770,22652,358
8770,22652,358
8770,22652,358
8770,22652,358
8770,22652,358
8770,22652,358
8770,22652,358
8770,22652,358
8770,22652,358
8770,22652,358
8770,22652,358
8770,22652,358
8770,22652,358
8770,22652,358
8941,2060,358
8941,2060,358
8941,2060,358
8941,14502,358
8941,14502,358
8941,14502,358
8941,14502,358
8941,22601,358
10851,7607,358
10851,7706,358
10851,7765,358
10851,7863,358
10851,8017,358
10851,8117,358
10851,8215,358
10851,8235,358
10851,8274,358
7751,15160,359
7751,15160,359
7751,15160,359
7751,15160,359
8235,17948,359
8235,17948,359
8235,17948,359
8409,18313,359
8409,18313,359
8409,18313,359
8409,18313,359
8409,18313,359
8409,18313,359
8409,18313,359
8409,18313,359
8409,18313,359
8409,18313,359
8409,18313,359
8409,18313,359
8409,18313,359
8409,18313,359
8409,18313,359
8409,18313,359
8409,18313,359
8409,18313,359
8409,18313,359
8409,18313,359
8409,18313,359
8409,18313,359
8409,18313,359
8409,18313,359
8409,18313,359
8409,18313,359
8409,18313,359
8409,18313,359
8409,18313,359
8409,18313,359
8409,18313,359
8409,18313,359
8409,18313,359
8409,18313,359
8409,18313,359
8409,18313,359
8409,18313,359
8409,18313,359
8409,18313,359
8409,18313,359
8409,18313,359
8409,18313,359
8777,13940,359
8777,13940,359
8777,15426,359
8777,15426,359
8941,18535,359
8941,21136,359
8941,21136,359
8941,21136,359
8941,21136,359
8941,21136,359
8941,21136,359
8941,21136,359
8941,21136,359
8941,21136,359
8941,21136,359
8941,21136,359
8941,21136,359
8941,21136,359
8941,21136,359
8941,21136,359
8941,21136,359
8941,21136,359
8941,21136,359
8941,21136,359
8941,21136,359
8941,21136,359
8941,21136,359
8941,21136,359
8941,21136,359
8941,21136,359
8941,21136,359
8941,21136,359
8941,21136,359
7577,9766,360
7751,15160,360
7751,15160,360
7751,15160,360
7751,15160,360
7751,15160,360
7751,15160,360
7897,18313,360
7897,18313,360
7897,18313,360
7897,18313,360
7897,18313,360
7897,18313,360
7897,18313,360
7897,18313,360
7897,18313,360
7897,18313,360
7897,18313,360
7897,18313,360
7897,18313,360
7897,18313,360
7897,18313,360
7897,18313,360
7897,18313,360
7897,18313,360
7897,18313,360
7897,18313,360
7897,18313,360
7897,18313,360
7897,18313,360
7897,18313,360
8235,17948,360
8235,17948,360
8409,18313,360
8409,18313,360
8409,18313,360
8409,18313,360
8409,18313,360
8409,18313,360
8409,18313,360
8409,18313,360
8409,18313,360
8409,18313,360
8409,18313,360
8409,18313,360
8409,18313,360
8409,18313,360
8409,18313,360
8409,18313,360
8409,18313,360
8409,18313,360
8409,18313,360
8409,18313,360
8409,18313,360
8409,18313,360
8409,18313,360
8409,18313,360
8409,18313,360
8409,18313,360
8409,18313,360
8409,18313,360
8409,18313,360
8409,18313,360
8777,2974,360
8777,2974,360
8777,2974,360
8777,2974,360
8777,2974,360
8777,2974,360
8777,2974,360
8777,2974,360
8777,2974,360
8777,2974,360
8777,2974,360
8777,2974,360
8777,2974,360
8777,2974,360
8777,2974,360
8777,2974,360
8777,2974,360
8777,2974,360
8777,2974,360
8777,2974,360
8777,2978,360
8777,13940,360
8777,13940,360
8777,15426,360
8777,15426,360
8777,18313,360
8777,18313,360
8777,18313,360
8777,18313,360
8777,18313,360
8777,18313,360
8777,18313,360
8777,18313,360
8777,18313,360
8777,18313,360
8777,18313,360
8777,18313,360
8777,18313,360
8777,18313,360
8777,18313,360
8777,18313,360
8777,18313,360
8777,18313,360
8777,18313,360
8941,16838,360
8941,16838,360
8941,16838,360
8941,16838,360
8941,16838,360
8941,16838,360
8941,16838,360
8941,16838,360
8941,16838,360
8941,16838,360
8941,16838,360
8941,16838,360
8941,16838,360
8941,16838,360
8941,18970,360
8941,18970,360
8941,21136,360
8941,21136,360
8941,21136,360
8941,21136,360
8941,21136,360
8941,21136,360
8941,21136,360
8941,21136,360
8941,21136,360
8941,21136,360
8941,21136,360
8941,21136,360
8941,21136,360
8941,21136,360
8941,21136,360
8941,21136,360
8941,21550,360
10139,8215,360
7751,14412,361
7751,14412,361
7751,14412,361
7751,14423,361
7751,14423,361
7751,14423,361
7751,14423,361
7751,14423,361
7751,14423,361
7751,14423,361
7751,14423,361
7751,14423,361
7751,14423,361
7751,14423,361
7751,14423,361
7751,14423,361
8409,18313,361
8409,18313,361
8409,18313,361
8409,18313,361
8409,18313,361
8409,18313,361
8409,18313,361
8409,18313,361
8409,18313,361
8409,18313,361
8409,18313,361
8409,18313,361
8409,18313,361
8409,18313,361
8409,18313,361
8409,18313,361
8409,18313,361
8409,18313,361
8409,18313,361
8409,18313,361
8409,18313,361
8409,18313,361
8409,18313,361
8409,18313,361
8409,18313,361
8409,18313,361
8409,18313,361
8409,18313,361
8409,18313,361
8409,18313,361
8409,18313,361
8409,18313,361
8409,18313,361
8770,15744,361
8770,15744,361
8770,15744,361
8770,15744,361
8770,15744,361
8770,15744,361
8770,23916,361
8770,23917,361
8941,12071,361
8941,12071,361
8941,12071,361
8941,12071,361
8941,12071,361
8941,12071,361
8941,12071,361
8941,12071,361
8941,12071,361
8941,12071,361
8941,14502,361
8941,14502,361
8941,14502,361
8941,14502,361
8941,14502,361
8941,14502,361
8941,14502,361
8941,14502,361
8941,14502,361
8941,14502,361
8941,14502,361
8941,14502,361
8941,14502,361
8941,14502,361
8941,14502,361
8941,14502,361
8941,14502,361
8941,14502,361
8941,14502,361
8941,14502,361
8941,14502,361
8941,14502,361
8941,14502,361
8941,14502,361
8941,14502,361
8941,14502,361
8941,14502,361
8941,14502,361
8941,14502,361
8941,14502,361
8941,14502,361
8941,14502,361
8941,14502,361
8941,14502,361
8941,14502,361
8941,14502,361
8941,14502,361
8941,14502,361
8941,14502,361
8941,14502,361
8941,14502,361
8941,18535,361
8941,18535,361
8941,18535,361
8941,18535,361
9763,9764,361
7897,18313,362
7897,18313,362
7897,18313,362
7897,18313,362
7897,18313,362
7897,18313,362
7897,18313,362
7897,18313,362
7897,18313,362
7897,18313,362
7897,18313,362
7897,18313,362
7897,18313,362
7897,18313,362
7897,18313,362
7897,18313,362
7897,18313,362
7897,18313,362
7897,18313,362
8235,17948,362
8235,17948,362
8235,17948,362
8235,17948,362
8235,17948,362
8274,11101,362
8409,18313,362
8409,18313,362
8409,18313,362
8409,18313,362
8409,18313,362
8409,18313,362
8409,18313,362
8409,18313,362
8409,18313,362
8409,18313,362
8409,18313,362
8409,18313,362
8409,18313,362
8409,18313,362
8409,18313,362
8409,18313,362
8409,18313,362
8409,18313,362
8409,18313,362
8409,18313,362
8409,18313,362
8409,18313,362
8409,18313,362
8409,18313,362
8409,18313,362
8409,18313,362
8409,18313,362
8409,18313,362
8409,18313,362
8409,18313,362
8770,10518,362
8770,20161,362
8770,20161,362
8770,22652,362
8770,22652,362
8770,22652,362
8770,22652,362
8770,22652,362
8770,22652,362
8770,22652,362
8770,22652,362
8770,22652,362
8770,22652,362
8770,22652,362
8770,22652,362
8770,22652,362
8770,22652,362
8777,14137,362
8777,14137,362
8777,14137,362
8777,14137,362
8777,14137,362
8777,14137,362
8777,14137,362
8777,14137,362
8777,14137,362
8777,14137,362
8941,2299,362
8941,2299,362
8941,2299,362
8941,2299,362
8941,2299,362
8941,2299,362
8941,2299,362
8941,2299,362
8941,2299,362
8941,2299,362
8941,2299,362
8941,2299,362
8941,2299,362
8941,2299,362
8941,2299,362
8941,2299,362
8941,2299,362
8941,18535,362
7577,9765,363
7706,10658,363
7897,18313,363
7897,18321,363
7897,18321,363
7897,18321,363
7897,18321,363
7897,18321,363
7897,18321,363
7897,18321,363
7897,18321,363
7897,18321,363
7897,18321,363
7897,18321,363
7897,18321,363
7897,18321,363
7897,18321,363
7918,10658,363
8235,17948,363
8235,17948,363
8770,16227,363
8770,16227,363
8770,16227,363
8770,16227,363
8770,16227,363
8770,16227,363
7751,14419,364
7751,14419,364
7897,2299,364
7897,2299,364
7897,2299,364
7897,2299,364
7897,2299,364
7897,2299,364
7897,2299,364
7897,2299,364
7897,2299,364
7897,2299,364
7897,2299,364
7897,2299,364
7897,2299,364
7897,2299,364
7897,2299,364
7897,2299,364
7897,2299,364
8274,10658,364
8274,11443,364
8409,18535,364
8770,16227,364
8770,16227,364
8777,11807,364
8941,3396,364
8941,3396,364
8941,3396,364
8941,3396,364
8941,3403,364
8941,3403,364
8941,3403,364
8941,3403,364
8941,3403,364
8941,3403,364
8941,3403,364
8941,3403,364
8941,3403,364
8941,3403,364
8941,3403,364
8941,12071,364
8941,12071,364
8941,12071,364
8941,12071,364
8941,12071,364
8941,12071,364
8941,12071,364
8941,12071,364
8941,12071,364
8941,12071,364
8941,18535,364
7897,13934,365
7897,14085,365
7897,14085,365
7897,14085,365
7918,11443,365
8235,15151,365
8235,15151,365
8235,15151,365
8235,15151,365
8235,15151,365
8235,15151,365
8235,15151,365
8235,15151,365
8235,15151,365
8235,15151,365
8235,15151,365
8235,15151,365
8235,15151,365
8235,15151,365
8235,15151,365
8409,18535,365
8409,18535,365
8409,18535,365
8409,18535,365
8770,16227,365
8770,16227,365
8770,16227,365
8770,16227,365
8770,16227,365
8941,18535,365
8941,18535,365
8941,18535,365
8941,18535,365
8941,18535,365
7751,4712,366
7751,4713,366
7751,4713,366
7751,4713,366
7751,4713,366
7751,4714,366
7751,4715,366
7751,14412,366
7751,14412,366
7897,13934,366
7897,14085,366
7897,14085,366
7897,14085,366
8235,15151,366
8235,15151,366
8235,15151,366
8235,15151,366
8235,15151,366
8235,15151,366
8235,15151,366
8235,15151,366
8235,15151,366
8235,15151,366
8235,15151,366
8235,15151,366
8409,18535,366
8770,18198,366
8770,18198,366
8770,18198,366
8770,18198,366
8770,18198,366
8770,18198,366
8770,18198,366
8770,18198,366
8770,18198,366
8777,18313,366
8777,18313,366
8777,18313,366
8777,18313,366
8777,18313,366
8777,18313,366
8777,18313,366
8777,18313,366
8777,18313,366
8777,18313,366
8777,18313,366
8777,18313,366
8777,18313,366
8777,18313,366
8777,18313,366
8777,18313,366
8777,18313,366
8777,18313,366
8777,18313,366
8941,2299,366
8941,2299,366
8941,2299,366
8941,2299,366
8941,3402,366
8941,3403,366
8941,3403,366
8941,3403,366
8941,3403,366
8941,3403,366
8941,3403,366
8941,3403,366
8941,3403,366
8941,3403,366
8941,3403,366
8941,3403,366
8941,3403,366
8941,3403,366
8941,3403,366
8941,3405,366
8941,18313,366
7751,4712,367
7751,4713,367
7751,4713,367
7751,4713,367
7751,4713,367
7751,4714,367
7751,4715,367
7751,14412,367
7751,14412,367
8770,18313,367
8770,18313,367
8770,18313,367
8770,18313,367
8770,18313,367
8770,18313,367
8770,18313,367
8770,18313,367
8770,18313,367
8770,18313,367
8770,18313,367
8770,18313,367
8770,18313,367
8770,18313,367
8770,18313,367
8770,18313,367
8770,18313,367
8770,18313,367
8770,18313,367
8770,18313,367
8770,18313,367
8770,18313,367
8770,18313,367
8770,18313,367
8770,18313,367
8770,18313,367
8770,18313,367
8770,18313,367
8770,18313,367
8770,18313,367
8770,18313,367
8770,18313,367
8770,18313,367
8777,18313,367
8777,18321,367
8777,18321,367
8777,18321,367
8777,18321,367
8777,18321,367
8777,18321,367
8777,18321,367
8777,18321,367
8777,18321,367
8777,18321,367
8777,18321,367
8777,18321,367
8777,18321,367
8777,18321,367
8941,12071,367
8941,12071,367
8941,12071,367
8941,12071,367
8941,12071,367
8941,12071,367
8941,12071,367
8941,12071,367
8941,12071,367
8941,12071,367
8941,12071,367
8941,12071,367
8941,12071,367
8941,12071,367
8941,12071,367
8941,12071,367
8941,12071,367
8941,12071,367
8941,12071,367
8941,12071,367
8941,12071,367
8941,12071,367
8941,12071,367
8941,18313,367
8941,18313,367
8941,18313,367
8941,18313,367
8941,18313,367
8941,18313,367
8941,18313,367
8941,18313,367
8941,18313,367
8941,18313,367
8941,18313,367
8941,18313,367
8941,18313,367
8941,18313,367
8941,18313,367
8941,18313,367
8941,18313,367
8941,18313,367
8777,18313,368
8777,18313,368
8777,18321,368
8777,18321,368
8777,18321,368
8777,18321,368
8777,18321,368
8941,12071,368
8941,12071,368
8941,12071,368
8941,12071,368
8941,12071,368
8941,12071,368
8941,12071,368
8941,12071,368
8941,12071,368
8941,12071,368
8941,14501,368
8941,16333,368
8941,16333,368
8941,16333,368
8941,16333,368
8941,16333,368
8941,16333,368
8941,16333,368
8941,18313,368
8941,18313,368
8941,18313,368
8941,18313,368
8941,18313,368
8941,18313,368
8941,18313,368
8941,18313,368
8941,18313,368
8941,18313,368
8941,18313,368
8941,18313,368
8941,18313,368
8941,18313,368
8941,18313,368
8941,18313,368
8941,18313,368
8941,18313,368
8941,18313,368
8941,18313,368
8941,18313,368
8941,18313,368
8941,18313,368
8941,18313,368
8941,18313,368
8941,18313,368
8941,18313,368
8941,18313,368
8235,13605,369
8235,13605,369
8235,13605,369
8235,13605,369
8235,13605,369
8235,13605,369
8235,13605,369
8235,13605,369
8235,13605,369
8235,13605,369
8235,13605,369
8235,13605,369
8235,13605,369
8235,13605,369
8235,13605,369
8235,13605,369
8235,13605,369
8235,13605,369
8235,13605,369
8235,13605,369
8235,13605,369
8235,13605,369
8235,13605,369
8235,13605,369
8235,13605,369
8941,15063,369
8941,15063,369
8941,15063,369
8941,15063,369
8941,15063,369
8941,15063,369
8941,15063,369
8941,15063,369
8941,15063,369
8941,15063,369
8941,15063,369
8941,15063,369
8941,15063,369
8941,15063,369
8941,16333,369
8941,16333,369
7897,11443,370
8235,15079,370
8235,15079,370
8235,15079,370
8235,15079,370
8235,15079,370
8235,15079,370
8235,15079,370
8235,15079,370
8235,15079,370
8235,15079,370
8235,15079,370
8941,12080,370
8941,12080,370
8941,12080,370
8941,12080,370
8941,12080,370
8941,12080,370
8941,12080,370
8941,12080,370
8941,12084,370
8941,12084,370
8941,12084,370
8941,12084,370
8941,12084,370
8941,14501,370
8941,16333,370
8941,16333,370
8941,16333,370
8941,16333,370
8235,12623,371
8235,12623,371
8235,12623,371
8235,12623,371
8235,15079,371
8235,15079,371
8235,15079,371
8235,15079,371
8235,15079,371
8235,15079,371
8235,15079,371
8235,15079,371
8235,15079,371
8235,15079,371
8235,15079,371
8941,14740,371
8941,14740,371
8941,14740,371
8941,14740,371
8941,14740,371
8941,14740,371
8941,14740,371
8941,14740,371
8941,14740,371
8941,14740,371
8941,14740,371
8941,14740,371
8941,14740,371
8941,16333,371
8941,16333,371
8941,16333,371
8941,16333,371
8941,18228,371
8941,18228,371
8941,18228,371
8941,18228,371
8941,18228,371
8941,18228,371
8941,18228,371
8941,18228,371
8941,18228,371
8941,18228,371
9763,9764,371
7706,11443,372
7751,4712,372
7751,4713,372
7751,4713,372
7751,14412,372
7751,14412,372
7751,14412,372
7751,14412,372
8941,12080,372
8941,12080,372
8941,12080,372
8941,12080,372
8941,12080,372
8941,12080,372
8941,12080,372
8941,12080,372
8941,12080,372
8941,12080,372
8941,12080,372
8941,12080,372
8941,12080,372
8941,12080,372
8941,12080,372
8941,12080,372
8941,12080,372
8941,12080,372
8941,12080,372
8941,12080,372
8941,12080,372
8941,12080,372
8941,12080,372
8941,12080,372
8941,12080,372
8941,12080,372
8941,12080,372
8941,12080,372
8941,18228,372
8941,18228,372
8941,18228,372
8941,18228,372
7751,4712,373
7751,12096,373
7751,12096,373
7751,12096,373
7751,12096,373
7751,14366,373
7751,14366,373
7751,14366,373
7751,14366,373
7751,14715,373
7751,14715,373
7751,14715,373
7751,14715,373
7751,14715,373
7751,14715,373
7751,14715,373
7751,14715,373
7751,14715,373
7751,14715,373
8235,12623,373
8235,12623,373
8235,12623,373
8941,474,373
8941,474,373
8941,474,373
8941,474,373
8941,474,373
8941,474,373
8941,474,373
8941,474,373
8941,474,373
8941,474,373
8941,16333,373
8941,16333,373
8941,16333,373
8941,16333,373
8941,21582,373
8941,474,374
8941,474,374
8941,16333,374
8941,18154,374
7918,2538,375
7918,11443,375
8235,12607,375
8235,12607,375
8235,12607,375
8235,12607,375
8235,12607,375
8235,12608,375
8235,12608,375
8235,12608,375
8235,12608,375
8235,12608,375
8235,12608,375
8235,12608,375
8235,12608,375
8235,12608,375
8235,12608,375
8235,12608,375
8235,12608,375
8235,12608,375
8235,12608,375
8941,474,375
8941,474,375
8941,474,375
8941,474,375
8941,474,375
8941,474,375
8941,474,375
8941,474,375
7577,9766,376
8941,16333,376
8941,16829,376
8941,16829,376
8941,16829,376
8941,16829,376
8941,16829,376
8941,16829,376
2538,7918,377
7577,2538,377
7751,2595,377
7751,2595,377
7751,2595,377
7751,2595,377
7751,2595,377
7751,2595,377
7751,2595,377
7751,2595,377
7751,2595,377
7751,2595,377
7751,2595,377
7751,2595,377
8235,12608,377
8235,12608,377
8235,12608,377
8235,12608,377
8235,12608,377
8235,12608,377
8235,12608,377
8235,12608,377
8235,12608,377
8235,12608,377
8235,12608,377
8235,12608,377
8235,12608,377
8941,474,377
8941,474,377
8941,474,377
8941,474,377
8941,474,377
8941,474,377
8941,474,377
8941,474,377
8941,474,377
8941,474,377
8941,474,377
8941,474,377
8941,13674,377
8941,13674,377
8941,13674,377
8941,13674,377
8941,13674,377
8941,13674,377
8941,13674,377
8941,15641,377
8941,15641,377
8941,15641,377
8941,15641,377
8941,15641,377
8941,15641,377
8941,15641,377
8941,15641,377
8941,15641,377
8941,15641,377
8941,15641,377
8941,15641,377
8941,15641,377
8941,15641,377
8941,15641,377
8941,15641,377
8941,15641,377
8941,15641,377
8941,15641,377
8941,15641,377
8941,15641,377
8941,15641,377
8941,15641,377
8941,15641,377
8941,15641,377
8941,16829,377
8941,16829,377
9765,7577,377
7751,22601,378
8235,12608,378
8235,12608,378
8235,12608,378
8235,12608,378
8235,12608,378
8235,12608,378
8235,12608,378
8235,12608,378
8235,12608,378
8235,12608,378
8235,12608,378
8235,12608,378
8235,12608,378
8235,12608,378
8236,11237,378
8941,15641,378
7577,9765,379
7751,14715,379
8235,1415,379
8235,1416,379
8235,1416,379
8235,1416,379
8235,12608,379
8235,12608,379
8235,12608,379
7577,10658,380
7751,18170,380
7751,18170,380
7751,18170,380
7751,18170,380
7751,18170,380
7751,18170,380
7751,18170,380
7751,18170,380
7751,18170,380
7751,18170,380
7751,18170,380
7751,18170,380
7751,18170,380
7751,18170,380
7751,18170,380
7751,18170,380
7751,18170,380
7751,18170,380
7751,18170,380
7751,18170,380
7751,18170,380
7751,18170,380
7751,18170,380
7751,18170,380
7751,18170,380
7751,18170,380
7751,18170,380
7751,18170,380
7751,18170,380
7751,18170,380
7751,18170,380
7751,18170,380
7751,18170,380
7751,18170,380
7751,18170,380
7751,18170,380
7751,18170,380
7751,18170,380
7751,18170,380
7751,18170,380
7751,18170,380
7751,18170,380
7751,18170,380
7751,18170,380
7751,18170,380
7751,18170,380
8235,3174,380
8235,3174,380
8235,3174,380
8235,3174,380
8235,3174,380
8235,3174,380
8235,3174,380
8235,23781,380
8941,15637,380
8941,15637,380
8941,15637,380
8941,15637,380
8941,15637,380
8941,15641,380
8941,15641,380
8941,15641,380
8941,15641,380
8941,15641,380
8941,15641,380
8941,15641,380
8941,15641,380
8941,15641,380
8941,15641,380
8941,15641,380
8941,15641,380
8941,15641,380
8941,15641,380
8941,15641,380
8941,15641,380
8941,15641,380
8941,15641,380
8941,15641,380
8941,15641,380
8941,15641,380
8941,15641,380
10658,7863,380
2538,8215,381
2538,8236,381
8235,3174,381
8235,3174,381
8235,3174,381
8235,3174,381
8235,23781,381
8941,15638,381
8941,15638,381
8941,15638,381
8941,15638,381
8941,15638,381
8941,15638,381
8941,15638,381
8941,15638,381
8941,15638,381
8941,15638,381
8941,15638,381
8941,15638,381
8941,24934,381
9763,9764,381
7751,17048,382
7751,17048,382
7751,17048,382
7751,17048,382
7751,17048,382
7751,17048,382
7751,17048,382
7751,17048,382
7751,17048,382
7751,17048,382
7751,17048,382
7751,17048,382
7751,17048,382
7751,17048,382
7751,17048,382
7751,17048,382
7751,17048,382
7751,17048,382
7751,17048,382
7751,17048,382
7751,17048,382
7751,17048,382
8235,9632,382
8235,9632,382
8235,9632,382
8235,9632,382
8235,9632,382
8235,9632,382
8235,9632,382
8235,9632,382
8235,9632,382
8235,9632,382
8235,9632,382
8235,9632,382
8235,9632,382
8235,9632,382
8235,9632,382
8235,9632,382
8941,15638,382
8941,15638,382
8941,15638,382
8941,15638,382
8941,15638,382
8941,15638,382
8941,15638,382
8941,15638,382
8941,15638,382
8941,15638,382
8941,15638,382
8941,15638,382
8941,15638,382
8941,20351,382
8941,24934,382
8941,24934,382
8941,24934,382
8941,24934,382
8941,24934,382
8941,24934,382
8941,24934,382
8941,24934,382
8941,24934,382
8941,24934,382
8941,24934,382
8941,24934,382
8941,24934,382
8941,24934,382
8941,24934,382
8941,24934,382
8941,24934,382
8941,24934,382
8941,24934,382
7751,2060,383
7751,2060,383
7751,2060,383
7751,2060,383
7751,2060,383
7751,2060,383
7751,2060,383
7751,2060,383
7751,2060,383
7751,11669,383
7751,11669,383
7751,17048,383
7751,17048,383
7751,17048,383
7751,17048,383
7751,17048,383
7751,17048,383
7751,17048,383
7751,17048,383
7751,17048,383
7751,17048,383
7751,17048,383
7751,17048,383
7751,17048,383
7751,17048,383
7751,17048,383
7751,17048,383
7751,17048,383
7751,17048,383
7751,17048,383
7751,17048,383
7751,17048,383
7751,17048,383
7751,17048,383
7751,17048,383
7751,17048,383
7751,17048,383
7751,17048,383
7751,17048,383
7751,17048,383
8941,15638,383
8941,15638,383
8941,15638,383
8941,15638,383
8941,15638,383
8941,15638,383
8941,15638,383
8941,15638,383
8941,15638,383
8941,15638,383
8941,15638,383
8941,15638,383
8941,15638,383
7751,2061,384
8941,14362,384
8941,14362,384
8941,14362,384
8941,14362,384
8941,14362,384
8941,14362,384
8941,14362,384
8941,14362,384
8941,14362,384
8941,14362,384
8941,14362,384
8941,14362,384
8941,14362,384
8941,14362,384
8941,14362,384
8941,14362,384
8941,15638,384
8941,15638,384
8941,15638,384
8941,15638,384
8941,15638,384
8941,15638,384
8941,15638,384
8941,15638,384
8941,15638,384
8941,15638,384
8941,15638,384
8941,15638,384
7751,11669,385
7751,11669,385
7751,11669,385
7751,11669,385
7751,11669,385
7751,11669,385
7751,11669,385
8235,10215,385
8941,14362,385
8941,14362,385
8941,14362,385
8941,14362,385
8941,14362,385
8941,14362,385
8941,14362,385
8941,14362,385
8941,14502,385
8941,14502,385
8941,14502,385
8941,14502,385
8941,14502,385
8941,14502,385
8941,14502,385
8941,14502,385
7751,1828,386
7751,1828,386
7751,11669,386
7751,11669,386
7751,15358,386
7751,15359,386
7751,15359,386
7751,15359,386
7751,15359,386
7751,15359,386
7751,15359,386
7751,15359,386
7751,15359,386
7751,15359,386
7751,15359,386
7751,15359,386
7751,15359,386
7751,15359,386
7751,15359,386
7751,15359,386
7751,15359,386
7751,15359,386
8941,3151,386
8941,3151,386
8941,3151,386
8941,3151,386
8941,3151,386
8941,3151,386
7751,10511,387
7751,10512,387
7751,10512,387
7751,10512,387
7751,10512,387
7751,10512,387
7751,10512,387
7751,10512,387
7751,10512,387
7751,10512,387
7751,10512,387
7751,10512,387
7751,10512,387
7751,10512,387
7751,10512,387
7751,14500,387
7751,18098,387
7751,18098,387
7751,18098,387
7751,18098,387
7751,18098,387
7751,18098,387
7751,18098,387
7751,18098,387
7751,18098,387
7751,18098,387
7751,18098,387
7751,18098,387
7751,18098,387
7751,18098,387
7751,18098,387
7751,18098,387
7751,18098,387
7751,18098,387
7751,18098,387
7751,18098,387
7751,18098,387
7751,18098,387
7751,18098,387
7751,18098,387
7751,18098,387
7751,18098,387
7751,18098,387
7751,18098,387
7751,18098,387
7751,18098,387
7765,10658,387
7765,11101,387
7765,11394,387
8235,9632,387
8235,9632,387
8235,9632,387
8235,9632,387
8235,9632,387
8235,9632,387
8933,2538,387
8941,3151,387
8941,3151,387
8941,3151,387
8941,3151,387
2538,8215,388
7751,2405,388
7751,10512,388
7751,10512,388
7751,10512,388
7751,15597,388
7751,15600,388
7751,15601,388
7751,15601,388
7751,15601,388
7751,15601,388
7751,15601,388
7751,15601,388
7751,15601,388
7751,15601,388
7751,15601,388
7751,15601,388
7751,15601,388
7751,15601,388
7751,15601,388
7751,15601,388
7751,15601,388
7751,15601,388
7751,15601,388
7751,15601,388
7751,15601,388
7751,15601,388
7751,15601,388
7751,15601,388
7751,15601,388
7751,15601,388
7751,15601,388
7751,15601,388
7751,15601,388
7751,15602,388
7751,15602,388
7751,15602,388
7751,15602,388
7751,15602,388
7751,15602,388
7751,15602,388
7751,15602,388
7751,15602,388
7751,15602,388
7751,15602,388
7751,15602,388
7751,15602,388
7751,15602,388
7751,15602,388
7751,15602,388
7751,15602,388
7751,15602,388
7751,15609,388
7751,15609,388
7751,15609,388
7751,15609,388
7751,15609,388
7751,15609,388
7751,15609,388
7751,15609,388
8117,10658,388
8215,10658,388
8274,10658,388
7706,2405,389
7706,2405,389
8941,3151,389
8941,3151,389
8941,3151,389
8941,3151,389
8941,14362,389
8941,14362,389
8941,14362,389
8941,14362,389
7751,15597,390
7751,15600,390
7751,15601,390
7751,15601,390
7751,15601,390
7751,15601,390
7751,15601,390
7751,15601,390
7751,15601,390
7751,15601,390
7751,15601,390
7751,15601,390
7751,15601,390
7751,15601,390
7751,15601,390
7751,15601,390
7751,15601,390
7751,15601,390
7751,15601,390
7751,15601,390
7751,15601,390
7751,15601,390
7751,15601,390
7751,15601,390
7751,15601,390
7751,15601,390
7751,15601,390
7751,15601,390
7751,15602,390
7751,15602,390
7751,15602,390
7751,15602,390
7751,15602,390
7751,15602,390
7751,15609,390
7751,15609,390
8017,11443,390
8941,14362,390
8941,14362,390
8941,14362,390
8941,14362,390
8941,19808,390
8941,19808,390
8941,19808,390
8941,19808,390
8941,19808,390
8941,19808,390
8941,19808,390
8941,19808,390
8941,19808,390
8941,19808,390
7706,2538,391
7751,14062,391
7751,14379,391
7751,14500,391
7751,15600,391
7751,15601,391
7751,15601,391
7751,15601,391
7751,15601,391
7751,15601,391
7751,15601,391
7751,15601,391
7751,15601,391
7751,15601,391
7751,15601,391
7751,15601,391
7751,15601,391
7751,15601,391
7751,15601,391
7751,15601,391
7751,15601,391
7751,15601,391
7751,15601,391
7751,15601,391
7751,15601,391
7751,15601,391
7751,15601,391
7751,15601,391
7751,15601,391
7751,15601,391
7751,15601,391
7751,15601,391
7751,15601,391
7751,15601,391
7751,15601,391
7751,15601,391
7751,15601,391
7751,15601,391
7751,15601,391
7751,15601,391
7751,15602,391
7751,15602,391
7751,15608,391
7751,15608,391
7751,15609,391
7751,15609,391
7751,15609,391
9763,9764,391
7577,11394,392
7751,14500,392
7751,15600,392
7751,15601,392
7751,15601,392
7751,15601,392
7751,15601,392
7751,15601,392
7751,15601,392
7751,15601,392
7751,15601,392
7751,15601,392
7751,15601,392
7751,15601,392
7751,15601,392
7751,15601,392
7751,15601,392
7751,15601,392
7751,15601,392
7751,15601,392
7751,15601,392
7751,15601,392
7751,15601,392
7751,15601,392
7751,15601,392
7751,15601,392
7751,15601,392
7751,15601,392
7751,15601,392
7751,15601,392
7751,15601,392
7751,15601,392
7751,15601,392
7751,15601,392
7751,15601,392
7751,15601,392
7751,15601,392
7751,15601,392
7751,15602,392
7751,15602,392
7751,15609,392
7751,15609,392
7751,15609,392
9765,7577,392
10851,7918,392
11394,8215,392
7751,15597,393
7751,15600,393
7751,15601,393
7751,15601,393
7751,15601,393
7751,15601,393
7751,15601,393
7751,15601,393
7751,15601,393
7751,15601,393
7751,15601,393
7751,15601,393
7751,15601,393
7751,15601,393
7751,15601,393
7751,15601,393
7751,15601,393
7751,15601,393
7751,15601,393
7751,15601,393
7751,15601,393
7751,15601,393
7751,15601,393
7751,15601,393
7751,15601,393
7751,15601,393
7751,15601,393
7751,15601,393
7751,15601,393
7751,15601,393
7751,15601,393
7751,15601,393
7751,15601,393
7751,15601,393
7751,15601,393
7751,15601,393
7751,15601,393
7751,15601,393
7751,15609,393
7751,15609,393
7751,14500,394
7751,14500,394
7751,15597,394
7751,15600,394
7751,15600,394
7751,15601,394
7751,15601,394
7751,15601,394
7751,15601,394
7751,15601,394
7751,15601,394
7751,15601,394
7751,15601,394
7751,15601,394
7751,15601,394
7751,15601,394
7751,15601,394
7751,15601,394
7751,15601,394
7751,15601,394
7751,15601,394
7751,15601,394
7751,15601,394
7751,15601,394
7751,15601,394
7751,15601,394
7751,15601,394
7751,15601,394
7751,15601,394
7751,15601,394
7751,15601,394
7751,15601,394
7751,15601,394
7751,15601,394
7751,15601,394
7751,15601,394
7751,15601,394
7751,15601,394
7751,15601,394
7751,15601,394
7751,15601,394
7751,15601,394
7751,15601,394
7751,15601,394
7751,15601,394
7751,15601,394
7751,15601,394
7751,15601,394
7751,15601,394
7751,15601,394
7751,15601,394
7751,15601,394
7751,15601,394
7751,15601,394
7751,15601,394
7751,15601,394
7751,15601,394
7751,15601,394
7751,15601,394
7751,15601,394
7751,15601,394
7751,15601,394
7751,15601,394
7751,15601,394
7751,15601,394
7751,15601,394
7751,15601,394
7751,15602,394
7751,15602,394
7751,15602,394
7751,15602,394
7751,15602,394
7751,15602,394
7751,15602,394
7751,15602,394
7751,15602,394
7751,15602,394
7751,15602,394
7751,15602,394
7751,15602,394
7751,15602,394
7751,15602,394
7751,15602,394
7751,15602,394
7751,15602,394
7751,15602,394
7751,15602,394
7751,15609,394
7751,15609,394
7751,15609,394
7751,15609,394
7751,15609,394
7751,15609,394
7751,15609,394
7751,15609,394
7751,15609,394
7751,15609,394
7751,15609,394
8235,9632,394
8235,9632,394
8235,9632,394
8235,9632,394
8235,9632,394
8235,9632,394
8235,9632,394
8235,9632,394
8235,9632,394
8235,9632,394
8235,9632,394
8235,9632,394
8235,9937,394
8235,9937,394
8235,9937,394
8235,9937,394
8235,9937,394
8235,9937,394
8235,9937,394
8235,9937,394
8235,9943,394
8941,12168,394
8941,12168,394
8941,12168,394
8941,12168,394
8941,12168,394
8941,12168,394
8941,12168,394
8941,12168,394
8941,12168,394
2405,7918,395
2405,8117,395
7577,2405,395
7577,9765,395
7577,9766,395
7751,11619,395
7751,11619,395
7751,11619,395
7751,14316,395
7751,14316,395
7751,14316,395
7751,14316,395
7751,14316,395
7751,14316,395
7751,14316,395
7751,14316,395
7751,14316,395
7751,14316,395
7751,14316,395
7751,14316,395
7751,14316,395
7751,14316,395
8117,2405,395
8235,2643,395
8235,2643,395
8235,2643,395
8235,2643,395
8235,2643,395
10215,7706,395
7577,10658,396
7751,14316,396
7751,14316,396
7751,14316,396
7751,14316,396
7751,14316,396
7751,14316,396
7751,14316,396
7751,14316,396
7751,14316,396
7751,14316,396
8235,2643,396
8235,2643,396
8235,2643,396
8235,2643,396
8235,9937,396
8235,9937,396
8235,9937,396
8235,9937,396
8235,9937,396
8235,9937,396
8235,9937,396
8235,9937,396
8235,9943,396
8941,12168,396
8941,14362,396
8941,14362,396
8941,14362,396
8941,14362,396
10658,7607,396
7751,2000,397
7751,11619,397
7751,11619,397
7751,11619,397
7751,14316,397
7751,14316,397
7751,14316,397
7751,14316,397
7751,14316,397
7751,14316,397
7751,14316,397
7751,14316,397
7751,14316,397
7751,14316,397
7751,14316,397
7751,14316,397
7751,14316,397
7751,14316,397
7751,14316,397
7751,14316,397
7751,14316,397
7751,14316,397
7751,14316,397
7751,14316,397
7751,14316,397
7751,14316,397
7751,14316,397
7751,14316,397
7751,14316,397
8235,9937,397
8235,9937,397
8235,9937,397
8235,9937,397
8235,9937,397
8235,9937,397
8235,9937,397
8235,9937,397
8235,17006,397
8235,17006,397
8235,17006,397
8235,17006,397
8235,17006,397
8235,17006,397
8235,17006,397
8235,17006,397
8235,17006,397
8235,17006,397
8235,17006,397
8235,17006,397
8235,17006,397
8235,17006,397
8235,17006,397
8235,17006,397
8235,17006,397
8235,17006,397
8941,14362,397
8941,14362,397
8941,14362,397
8941,14362,397
8941,14362,397
8941,14362,397
8941,14362,397
8941,14362,397
8941,14362,397
8941,14362,397
8941,14362,397
7751,4340,398
7751,4341,398
7751,4341,398
7751,4341,398
8235,9937,398
8235,9937,398
8235,9937,398
8235,9937,398
8235,9937,398
8235,9937,398
8235,9937,398
8235,9937,398
8235,9937,398
8235,9937,398
8235,9937,398
8941,14362,399
8941,14362,399
8941,14362,399
8941,14362,399
8941,18245,399
8941,18245,399
8941,14362,400
8941,14362,400
8941,14362,400
8941,14362,400
8941,14362,400
8941,14362,400
8941,14362,400
8941,14362,400
8941,14362,400
8941,14362,400
7751,14726,401
7751,14727,401
7751,14727,401
7751,14727,401
7751,14727,401
7751,14727,401
7751,14727,401
7751,14727,401
7751,14727,401
8941,14362,401
8941,14362,401
8941,14362,401
8941,14362,401
8941,18245,401
8941,18245,401
8941,18245,401
9763,9764,401
7577,11237,402
7751,14727,402
7751,14727,402
7751,14727,402
7751,14727,402
7751,14727,402
7751,14727,402
8941,14362,402
8941,14362,402
8941,14362,402
8941,14362,402
8941,18245,402
8941,18245,402
8941,18245,402
11237,7607,402
7751,14727,403
7751,14727,403
7751,14727,403
7751,14727,403
7751,14727,403
7751,14727,403
7751,14727,403
7751,14727,403
7897,22652,403
7897,22652,403
7897,22652,403
7897,22652,403
7897,22652,403
7897,22652,403
7897,22652,403
7897,22652,403
7897,22652,403
7897,22652,403
7897,22652,403
7897,22652,403
7897,22652,403
7897,22652,403
7897,22652,403
7897,22652,404
7897,22652,404
7897,22652,404
7897,22652,404
7897,22652,404
7897,22652,404
7897,22652,404
7897,22652,404
7897,22652,404
7897,22652,404
7897,22652,404
7897,22652,404
7897,22652,404
7897,22652,404
7897,22652,404
8933,18788,404
8933,18790,404
8933,21136,404
8933,21136,404
8933,21136,404
8933,21136,404
8933,21136,404
8933,21136,404
8933,21136,404
8933,21136,404
8933,21136,404
8933,21136,404
8933,21136,404
8933,21136,404
8933,21136,404
8933,21136,404
8933,21136,404
8933,21136,404
8933,21136,404
8933,21136,404
8933,21136,404
8933,21136,404
8933,21136,404
8933,21136,404
8933,21136,404
8933,21136,404
8933,21136,404
8933,21136,404
8933,21136,404
8933,21136,404
8941,2925,404
8941,2925,404
8941,2925,404
8941,2925,404
8941,2925,404
8941,2925,404
8941,2925,404
8941,12051,404
7751,9571,405
7751,9571,405
7751,9571,405
7751,9571,405
7751,9571,405
8235,2405,405
8933,21136,405
8933,21136,405
8933,21136,405
8933,21136,405
8933,21136,405
8933,21136,405
8933,21136,405
8933,21136,405
8933,21136,405
8933,21136,405
8933,21136,405
8933,21136,405
8933,21136,405
8933,21136,405
8933,21136,405
8933,21136,405
8933,21136,405
8933,21136,405
8933,21136,405
8933,21136,405
8933,21136,405
8933,21136,405
8933,21136,405
8933,21136,405
8933,21136,405
8933,21136,405
8933,21136,405
8933,21136,405
8933,21136,405
8933,21136,405
8933,21136,405
8933,21136,405
8933,21136,405
8933,21136,405
8933,21136,405
8933,21136,405
8933,21136,405
8933,21136,405
8933,21136,405
8933,21136,405
8941,2925,405
8941,2925,405
8941,2925,405
8941,2925,405
8941,2925,405
8941,12051,405
2538,7607,406
7577,2538,406
7751,9571,406
7751,9571,406
7751,9571,406
7751,9571,406
7897,2595,406
7897,2595,406
7897,2595,406
7897,2595,406
7897,2595,406
7897,2595,406
7897,2595,406
7897,2595,406
7897,2595,406
7897,2595,406
7897,2595,406
7897,2595,406
7897,2595,406
7897,2595,406
7897,15597,406
7897,15597,406
7897,15600,406
7897,15601,406
7897,15601,406
7897,15601,406
7897,15601,406
7897,15601,406
7897,15601,406
7897,15601,406
7897,15601,406
7897,15601,406
7897,15601,406
7897,15601,406
7897,15601,406
7897,15601,406
7897,15601,406
7897,15601,406
7897,15601,406
7897,15601,406
7897,15601,406
7897,15601,406
7897,15601,406
7897,15601,406
7897,15601,406
7897,15601,406
7897,15601,406
7897,15601,406
7897,15601,406
7897,15601,406
7897,15601,406
7897,15601,406
7897,15601,406
7897,15601,406
7897,15601,406
7897,15601,406
7897,15601,406
7897,15601,406
7897,15601,406
7897,15601,406
7897,15601,406
7897,15601,406
7897,15601,406
7897,15601,406
7897,15601,406
7897,15601,406
7897,15601,406
7897,15601,406
7897,15601,406
7897,15601,406
7897,15601,406
7897,15601,406
7897,15601,406
7897,15601,406
7897,15601,406
7897,15601,406
7897,15601,406
7897,15601,406
7897,15601,406
7897,15601,406
7897,15601,406
7897,15601,406
7897,15601,406
7897,15601,406
7897,15601,406
7897,15601,406
7897,15601,406
7897,15601,406
7897,15601,406
7897,15601,406
7897,15601,406
7897,15601,406
7897,15601,406
7897,15601,406
7897,15601,406
7897,15601,406
7897,15601,406
7897,15601,406
7897,15601,406
7897,15601,406
7897,15601,406
7897,15601,406
7897,15601,406
7897,15601,406
7897,15601,406
7897,15601,406
7897,15601,406
7897,15609,406
7897,15609,406
7897,15609,406
7897,15609,406
7897,15609,406
7897,15609,406
8117,10658,406
8933,21136,406
8933,21136,406
8933,21136,406
8933,21136,406
8933,21136,406
8933,21136,406
8933,21136,406
8933,21136,406
8933,21136,406
8933,21136,406
8933,21136,406
8933,21136,406
8933,21136,406
8933,21136,406
8933,21136,406
8933,21136,406
8933,21136,406
8933,21136,406
8933,21136,406
8933,21136,406
8933,21136,406
8933,21136,406
8933,21136,406
8933,21136,406
8933,21136,406
8933,21136,406
8933,21136,406
8933,21136,406
8933,21136,406
8933,22601,406
8941,14362,406
8941,14362,406
8941,14362,406
8941,14362,406
8941,14362,406
8941,14362,406
8941,14362,406
8941,14362,406
8941,14362,406
8941,14362,406
8941,14362,406
8941,15190,406
8941,15190,406
8941,15190,406
8941,15190,406
8941,15190,406
8941,15190,406
8941,15190,406
8941,15190,406
8941,15190,406
10139,7897,406
7751,9571,407
7751,9571,407
7751,9571,407
7751,9571,407
7751,11394,407
8933,12096,407
8933,12096,407
8933,12096,407
8933,12096,407
8933,14366,407
8933,14366,407
8933,14366,407
8933,14366,407
8933,14366,407
8941,14362,407
8941,14362,407
8941,14362,407
8941,14362,407
8941,14362,407
8941,14362,407
8941,14362,407
8941,14362,407
8941,14362,407
8941,14362,407
8941,14362,407
8941,14362,407
8941,14362,407
8941,14362,407
8941,14362,407
8941,15190,407
8941,15190,407
8941,15190,407
8941,15190,407
7577,11394,408
7751,18887,408
7751,18887,408
7751,18887,408
7751,18887,408
7751,18887,408
7751,18887,408
7751,18887,408
7751,18887,408
7751,18887,408
7751,18887,408
7751,18887,408
7751,18887,408
7751,18887,408
7751,18887,408
7751,18887,408
7751,18887,408
7751,18887,408
7751,18887,408
7751,18887,408
7751,18887,408
7751,18887,408
7751,18888,408
7751,18888,408
7751,18888,408
7897,15597,408
7897,15600,408
7897,15601,408
7897,15601,408
7897,15601,408
7897,15601,408
7897,15601,408
7897,15601,408
7897,15601,408
7897,15601,408
7897,15601,408
7897,15601,408
7897,15601,408
7897,15601,408
7897,15601,408
7897,15601,408
7897,15601,408
7897,15601,408
7897,15601,408
7897,15601,408
7897,15601,408
7897,15601,408
7897,15601,408
7897,15601,408
7897,15601,408
7897,15601,408
7897,15601,408
7897,15601,408
7897,15601,408
7897,15601,408
7897,15601,408
7897,15601,408
7897,15601,408
7897,15601,408
7897,15601,408
7897,15601,408
7897,15601,408
7897,15601,408
7897,15609,408
7897,15609,408
8117,11394,408
8941,14362,408
8941,14362,408
8941,14362,408
8941,14362,408
9765,7577,408
10139,8215,408
11394,8117,408
7897,11443,409
7897,14682,409
7897,14682,409
7897,14682,409
7897,14682,409
7897,14682,409
7897,14682,409
7897,14682,409
7897,14682,409
7897,14682,409
7897,14682,409
7897,14682,409
7897,14682,409
7897,14682,409
7897,14682,409
7897,14682,409
7897,14682,409
7897,15601,409
7897,15601,409
7897,15601,409
7897,15601,409
7897,15601,409
7897,15601,409
7897,15601,409
7897,15601,409
7897,15601,409
7897,15601,409
7897,15601,409
7897,15601,409
7897,15601,409
7897,15601,409
7897,15601,409
7897,15601,409
7897,15601,409
7897,15601,409
7897,15609,409
7897,23862,409
7897,23862,409
7897,23862,409
7897,23862,409
7897,23862,409
7897,23862,409
8235,11237,409
8933,4670,409
8933,4670,409
8933,4670,409
8933,4670,409
8933,4670,409
8933,4670,409
8933,4670,409
8933,4670,409
8933,4670,409
8933,4670,409
8933,4670,409
8933,4670,409
8933,4670,409
8933,4670,409
8933,4670,409
8933,4670,409
8933,4670,409
8933,4670,409
8933,4670,409
8933,4670,409
8933,4670,409
8933,4670,409
8933,4670,409
8933,4670,409
8933,4670,409
8933,4670,409
8933,4670,409
8933,4670,409
8933,4670,409
8933,4670,409
8933,4670,409
8933,4670,409
8933,4670,409
8933,4670,409
8933,4670,409
8933,4670,409
8933,4670,409
8933,4670,409
8933,4670,409
8933,4670,409
7607,11237,410
7897,15597,410
7897,15600,410
7897,15601,410
7897,15601,410
7897,15601,410
7897,15601,410
7897,15601,410
7897,15601,410
7897,15601,410
7897,15601,410
7897,15601,410
7897,15601,410
7897,15601,410
7897,15601,410
7897,15601,410
7897,15601,410
7897,15601,410
7897,15601,410
7897,15601,410
7897,15601,410
7897,15601,410
7897,15601,410
7897,15601,410
7897,15601,410
7897,15601,410
7897,15601,410
7897,15601,410
7897,15601,410
7897,15601,410
7897,15601,410
7897,15601,410
7897,15601,410
7897,15601,410
7897,15601,410
7897,15601,410
7897,15601,410
7897,15601,410
7897,15601,410
7897,15601,410
7897,15609,410
7897,15609,410
8236,11101,410
8933,2015,410
8933,14366,410
8941,14362,410
8941,14362,410
8941,14362,410
8941,14362,410
8941,14362,410
8941,14362,410
8941,14362,410
8941,14362,410
8941,14362,410
8941,14362,410
8941,14362,410
8941,15190,410
8941,15190,410
7577,9765,411
7577,9766,411
7897,15601,411
9763,9764,411
7577,11443,412
7897,15601,412
7897,15601,412
7897,15601,412
7897,15601,412
7897,15601,412
7897,15601,412
7897,15601,412
7897,15601,412
7897,15601,412
7897,15613,412
7897,15616,412
7897,15616,412
7897,18535,412
8933,19894,412
8933,19894,412
8933,19894,412
8933,24256,412
11443,8215,412
11443,8215,412
7751,18887,413
7751,18887,413
7751,18887,413
7751,18887,413
7751,18887,413
7751,18887,413
7751,18887,413
7751,18887,413
7751,18887,413
7751,18887,413
7751,18887,413
7751,18887,413
7751,18888,413
7751,18930,413
8235,10215,413
8235,11394,413
8235,11443,413
7751,18887,414
7751,18887,414
7751,18887,414
7751,18887,414
7751,18887,414
7751,18887,414
7751,18887,414
7751,18887,414
7751,18887,414
7751,18887,414
7751,18887,414
7751,18887,414
7751,18888,414
8274,11101,414
8933,14455,414
8933,14455,414
8933,14455,414
8933,14455,414
8933,14455,414
8933,14455,414
8933,14455,414
8933,14455,414
8933,14455,414
8933,14455,414
8933,14455,414
8933,14455,414
8933,14455,414
8933,14455,414
8933,14455,414
8933,14455,414
8933,14455,414
8933,14455,414
8933,14455,414
8933,14455,414
8933,14455,414
8933,14455,414
8933,14455,414
8933,19894,414
8941,14362,414
8941,14362,414
8941,14362,414
8941,14362,414
8941,17888,414
8941,17888,414
8941,17888,414
8941,17888,414
8941,17888,414
8941,17888,414
8941,17888,414
8941,17888,414
8941,17888,414
8941,17888,414
8941,17888,414
8941,17888,414
8941,22679,414
8941,22680,414
8941,22681,414
8941,22681,414
8941,22681,414
8941,22681,414
8941,22681,414
8941,22681,414
8941,22681,414
8941,22681,414
8941,22681,414
8941,22681,414
8941,22681,414
7706,10658,415
7751,11101,415
7751,18887,415
7751,18887,415
7751,18887,415
8933,2272,415
8933,2272,415
8933,2272,415
8933,2272,415
8933,2272,415
8933,2272,415
8933,2272,415
8933,2272,415
8941,11741,415
8941,11741,415
8941,11741,415
8941,11741,415
8941,11741,415
8941,11741,415
8941,11741,415
8941,11741,415
8941,11741,415
8941,11741,415
8941,11741,415
8941,11741,415
8941,11741,415
8941,11741,415
8941,11741,415
8941,11741,415
8941,11741,415
8941,11741,415
8941,11741,415
8941,11741,415
8941,11741,415
8941,11741,415
8941,11741,415
8941,11741,415
2538,7918,416
7577,10658,416
7751,18887,416
7751,18887,416
7751,18887,416
8933,14096,416
8933,14096,416
8933,14096,416
8933,14096,416
8933,14096,416
8933,14096,416
8933,14096,416
8933,14096,416
8933,14096,416
8933,14096,416
8933,14096,416
8933,14096,416
8933,14096,416
8933,14096,416
8933,14096,416
8933,14096,416
8933,14096,416
8933,14096,416
8933,14096,416
8933,14096,416
8933,14096,416
8933,14096,416
8933,14096,416
8933,14096,416
8933,14096,416
8941,11742,416
8941,11742,416
8941,11742,416
8941,11742,416
8941,11742,416
8941,11742,416
8941,11742,416
8941,11742,416
8941,11742,416
8941,11742,416
8941,11742,416
8941,11742,416
8941,11742,416
8941,11742,416
8941,11742,416
8941,11742,416
8941,11742,416
8941,11742,416
8941,11742,416
8941,11742,416
8941,11742,416
8941,11742,416
8941,11742,416
8941,11742,416
8941,11742,416
8941,11742,416
8941,11742,416
8941,11742,416
8941,23623,416
8941,23623,416
8941,23623,416
8941,23623,416
8941,23623,416
8941,23623,416
8941,23623,416
8941,23623,416
8941,23623,416
8941,23623,416
8941,23623,416
8941,23623,416
8941,23623,416
8941,23623,416
8941,23624,416
10658,8236,416
10851,8215,416
7751,14096,417
7751,14099,417
7751,14100,417
7751,21614,417
7751,21614,417
8017,11101,417
8933,14095,417
8933,14096,417
8933,14096,417
8933,14096,417
8933,14096,417
8933,14096,417
8933,14096,417
8933,14096,417
8933,14096,417
8933,14096,417
8933,14096,417
8933,14096,417
8933,14096,417
8941,11742,417
8941,11742,417
8941,11742,417
8941,11742,417
8941,11742,417
8941,11742,417
8941,11742,417
8941,11742,417
8941,11742,417
8941,11742,417
8941,11742,417
8941,11742,417
8941,11742,417
8941,11742,417
8941,11742,417
8941,11742,417
8941,11742,417
8941,11742,417
8941,11742,417
8941,11742,417
8941,11742,417
8941,11742,417
8941,12609,417
8941,23623,417
10658,7765,417
10658,7918,417
10658,8274,417
7607,10658,418
7607,10658,418
7751,14100,418
7918,10658,418
8933,3111,418
8933,3111,418
8933,3111,418
8933,3111,418
8933,3111,418
8933,3111,418
8933,3111,418
8933,3111,418
8933,3111,418
8933,3111,418
8933,3111,418
8933,3111,418
8933,3111,418
8933,3111,418
8933,3111,418
8933,3111,418
8933,3111,418
8933,3111,418
8933,14095,418
8933,14095,418
8933,14095,418
8933,14096,418
8933,14096,418
8933,14096,418
8933,14096,418
8933,14096,418
8933,14096,418
8933,14096,418
8933,14096,418
8933,14096,418
8933,14096,418
8933,14096,418
8933,14096,418
8933,14096,418
8933,14096,418
8933,14096,418
8933,14096,418
8933,14096,418
8933,14096,418
8933,14096,418
8933,14096,418
8933,14096,418
8933,14096,418
8933,14096,418
8933,23862,418
8941,11742,418
8941,11742,418
8941,11742,418
8941,11742,418
8941,11742,418
8941,11742,418
8274,10658,419
8933,2146,419
8933,2146,419
8933,2146,419
8933,2146,419
8933,3111,419
8933,3111,419
8933,3111,419
8933,3111,419
8933,3111,419
8933,3111,419
8933,3111,419
8933,3111,419
8933,3111,419
8933,3111,419
8933,3111,419
8933,3111,419
8941,11742,419
8941,11742,419
8941,11742,419
8941,11742,419
8941,11742,419
8941,11742,419
8941,11742,419
8941,11742,419
8941,11742,419
7765,11443,420
7897,10658,420
8941,23623,420
7918,10215,421
8933,24445,421
8933,24445,421
8933,24445,421
8933,24445,421
8933,24445,421
8933,24445,421
8933,24445,421
8933,24445,421
8933,24445,421
8933,24445,421
8933,24445,421
8933,24445,421
8933,24445,421
8933,24445,421
8933,24445,421
8933,24445,421
8933,24445,421
8933,24445,421
8933,24445,421
8933,24445,421
8933,24445,421
8933,24445,421
8933,24445,421
8933,24445,421
8933,24445,421
9763,9764,421
7765,2538,422
8274,2538,422
8274,10658,422
8235,2538,423
8933,12028,423
8933,12028,423
8933,12028,423
10215,7706,423
8933,12034,424
8933,12034,424
8933,12034,424
8933,12034,424
8933,12034,424
8933,12034,424
8933,12034,424
8933,12034,424
8933,12034,424
8933,12034,424
8933,12034,424
8933,12034,424
8933,12034,424
8933,12034,424
8933,12034,424
8933,12034,424
8933,12034,424
8933,12034,424
8933,12034,424
8933,12034,424
8933,12034,424
8933,12034,424
8933,12034,424
8933,12034,424
8933,12034,424
8933,12034,424
8933,12034,424
8933,12034,424
7577,9765,425
7577,11394,425
8933,12034,425
8933,12034,425
8933,12034,425
8933,12034,425
8933,12034,425
8933,12034,425
8933,12034,425
8933,12034,425
8933,12034,425
8933,12034,425
8933,12034,425
8933,12034,425
8933,12034,425
8933,12034,425
8933,12034,425
8933,12034,425
8933,12034,425
8933,12034,425
8933,12034,425
8933,12034,425
8933,12034,425
8933,12034,425
8933,12034,425
8933,12034,425
8933,12034,425
8933,12034,425
8933,12034,425
8933,12034,425
8933,12034,425
8933,12034,425
9765,7577,425
11394,8215,425
8017,10658,426
8556,13934,426
8556,14085,426
8556,14085,426
8556,14085,426
2405,8117,427
7577,2405,427
7577,9766,427
7577,11237,427
8117,2405,427
8556,14062,427
8556,21136,427
8933,12034,427
8933,12034,427
8933,12034,427
8933,12034,427
8933,12034,427
8933,12034,427
8933,12034,427
8933,12034,427
8933,12034,427
8933,12034,427
8933,12034,427
8933,12034,427
8933,12034,427
8933,12034,427
8933,12034,427
8933,12034,427
8933,12034,427
8933,12034,427
8933,12034,427
8933,12034,427
8933,12034,427
8933,12034,427
8933,12034,427
8933,12034,427
8933,12034,427
8933,12034,427
8933,12034,427
8933,12034,427
8933,12034,427
8933,12034,427
11237,8215,427
2538,7765,428
2538,8017,428
2538,8215,428
7577,2538,428
7897,11443,428
8117,10658,428
8117,10658,428
8327,18142,428
8327,18142,428
8327,18142,428
8327,18142,428
8327,18142,428
8327,18142,428
8327,18142,428
8327,18142,428
8327,18142,428
8327,18142,428
8327,18142,428
8327,18142,428
8327,18142,428
8327,18142,428
8327,18142,428
8327,18142,428
8327,18142,428
8327,18142,428
8327,18142,428
8327,18142,428
8327,18142,428
8556,21134,428
8556,21134,428
8556,21136,428
8556,21136,428
8556,21136,428
8556,21136,428
8556,21136,428
8556,21136,428
8556,21136,428
8556,21136,428
8556,21136,428
8556,21136,428
8556,21136,428
8556,21136,428
8556,21136,428
8556,21136,428
8556,21136,428
8556,21136,428
8556,21136,428
8556,21136,428
8556,21136,428
8556,21136,428
8556,21136,428
8556,21136,428
8556,21136,428
8556,21136,428
8556,21136,428
8556,21136,428
8556,21136,428
8556,21136,428
8556,21136,428
8556,21136,428
8556,21136,428
8556,21136,428
8556,21136,428
8556,21136,428
8556,21136,428
8556,21136,428
8556,21136,428
8556,21136,428
8556,21136,428
8556,21136,428
8556,21136,428
8556,21136,428
8556,21136,428
8556,21136,428
8556,21136,428
8556,21136,428
8556,21136,428
8556,21136,428
8933,14444,428
8933,14444,428
8933,14444,428
8933,14444,428
8933,14444,428
8933,14444,428
8933,14444,428
8933,14444,428
8933,14444,428
8933,14444,428
8933,14444,428
10658,7863,428
10658,8117,428
10658,8117,428
10658,8215,428
10658,8274,428
7751,2405,429
7751,11101,429
7751,11443,429
8933,14982,429
8933,14982,429
8933,14982,429
8933,14982,429
8933,14982,429
8933,14982,429
8933,14982,429
8933,14982,429
9763,9764,429
8327,18142,430
8327,18170,430
8327,18170,430
8327,18170,430
8327,18170,430
8327,18170,430
8327,18170,430
8327,18170,430
8327,18170,430
8327,18170,430
8327,18170,430
8327,18170,430
8327,18170,430
8327,18170,430
8556,18142,430
8556,18142,430
8556,18142,430
8556,18142,430
8556,18142,430
8556,18142,430
8556,18142,430
8556,18142,430
8556,18142,430
8556,18142,430
8556,18142,430
8556,18142,430
8556,18142,430
8556,18142,430
8556,18142,430
8556,18142,430
8556,18142,430
8556,18142,430
8556,18142,430
8556,18142,430
8556,18142,430
8556,18142,430
8556,18142,430
8556,18142,430
8556,18142,430
8556,18142,430
8556,18142,430
8556,18142,430
8556,18142,430
8556,18142,430
8556,18142,430
8556,18142,430
8556,18142,430
8556,18142,430
8556,18142,430
8556,18142,430
8556,18142,430
10139,7607,430
7577,10215,431
8556,18142,431
8556,18142,431
8556,18142,431
8556,18142,431
8556,18142,431
8556,18142,431
8556,18142,431
8556,18142,431
8556,18142,431
8556,18142,431
8556,18142,431
8556,18142,431
8556,18142,431
10215,8215,431
8327,18170,432
8327,18170,432
8327,18170,432
8327,18170,432
8327,18170,432
8327,18170,432
8327,18170,432
8327,18170,432
8327,18170,432
8327,18170,432
8327,18170,432
8327,18170,432
8327,18170,432
8327,18170,432
8327,18170,432
8327,18170,432
8327,18170,432
8327,18170,432
8327,18170,432
8327,18170,432
8327,18170,432
8327,18170,432
8327,18170,432
8327,18170,432
8327,18170,432
8556,18142,432
8556,18187,432
8556,18187,432
2405,8215,433
7577,10658,433
10658,7863,433
10658,8215,433
2405,7897,434
2405,8235,434
7706,2538,434
7706,10215,434
7706,11101,434
7706,11237,434
7706,11394,434
7706,11443,434
8327,18170,434
8327,18170,434
8327,18170,434
8327,18170,434
8327,18170,434
8327,18170,434
8327,18170,434
8327,18170,434
8327,18170,434
8327,18170,434
8327,18170,434
8933,14982,434
8933,14982,434
8933,14982,434
8933,14982,434
8933,14982,434
8941,13934,434
8941,14085,434
8941,14085,434
8941,14085,434
10658,7706,434
10658,7751,434
10658,7765,434
10658,7897,434
10658,8017,434
10658,8236,434
10658,8274,434
8017,11443,435
8556,18142,435
8556,18142,435
8556,18142,435
8556,18142,435
8556,18142,435
8556,18142,435
8556,18142,435
8556,18142,435
8556,18142,435
8556,18142,435
8556,18142,435
8556,18142,435
8556,18142,435
8556,18142,435
8556,18142,435
8556,18142,435
8556,18142,435
8556,18142,435
8556,18142,435
8556,18142,435
8556,18142,435
8556,18142,435
8556,18142,435
8556,18142,435
8556,18142,435
8556,18142,435
8556,18142,435
8556,18142,435
8556,18142,435
8556,18142,435
8556,18142,435
8556,18142,435
8556,18142,435
8556,18142,435
8556,18156,435
8556,18156,435
8556,18156,435
8556,18156,435
8556,18156,435
8556,18156,435
8556,18156,435
8556,18156,435
8556,18156,435
8556,18156,435
8556,18156,435
8556,18156,435
8556,18156,435
8941,3396,435
8941,3396,435
8941,3396,435
8941,3396,435
8941,3396,435
8941,3396,435
8941,3396,435
8941,3396,435
8941,3403,435
8941,3403,435
8941,3403,435
8941,3403,435
8941,3403,435
8941,3403,435
8941,3403,435
8941,3403,435
8941,3403,435
8941,3403,435
8941,3403,435
8941,3403,435
8941,3403,435
8941,3403,435
8941,3403,435
8941,3403,435
8941,3403,435
8941,3403,435
8941,3403,435
8941,3403,435
8941,3403,435
8941,3403,435
8941,3403,435
8941,3403,435
8941,3403,435
8941,3403,435
8941,3403,435
8941,3403,435
8941,3403,435
8941,3403,435
8941,3403,435
8941,3403,435
8941,3403,435
8941,3403,435
8941,3403,435
8941,3403,435
8941,3403,435
8941,3403,435
8941,3403,435
8941,3403,435
8941,3403,435
8941,3403,435
8941,3403,435
8941,3403,435
8941,3403,435
8941,3403,435
8941,3403,435
8941,3403,435
8941,3405,435
8327,18170,436
8327,18170,436
8327,18170,436
8327,18170,436
8327,18170,436
8327,18170,436
8327,18170,436
8327,18170,436
8327,18170,436
8327,18170,436
8556,18535,436
8556,18788,436
8556,18790,436
8933,14982,436
8941,3396,437
8941,3396,437
8941,3396,437
8941,3396,437
8941,3403,437
8941,3403,437
8941,3403,437
8941,3403,437
8941,3403,437
8941,3403,437
8941,3403,437
8941,3403,437
8941,3403,437
8941,3403,437
8941,3403,437
8941,3403,437
8941,3403,437
8941,3403,437
8941,3403,437
8941,3403,437
8941,3403,437
8941,3403,437
8941,3403,437
8941,3405,437
8235,10658,438
8235,11394,438
8327,18170,438
8327,18170,438
8327,18170,438
8327,18170,438
8327,18170,438
8327,18170,438
8327,18170,438
8327,18170,438
8327,18170,438
8327,18170,438
8327,18170,438
8327,18170,438
8327,18170,438
8327,18170,438
8327,18170,438
8327,18170,438
8327,18170,438
8327,18170,438
8327,18170,438
8327,18170,438
8327,18170,438
8327,18170,438
8327,18170,438
8327,18170,438
8327,18170,438
8327,18170,438
8327,18170,438
8327,18170,438
8327,18170,438
8327,18170,438
8327,18170,438
8327,18170,438
8327,18170,438
8327,18170,438
8327,18170,438
8327,18170,438
8327,18170,438
8327,18170,438
8933,14982,438
8933,14982,438
8933,14982,438
8933,14982,438
8933,14982,438
8933,14982,438
8933,14982,438
8933,14982,438
8941,3396,438
8941,3403,438
8941,3403,438
8941,3403,438
8941,3403,438
8941,3403,438
8941,3403,438
8941,3403,438
8941,3403,438
8941,3403,438
8941,3403,438
8941,3403,438
8941,3403,438
7918,11443,439
8327,12050,439
8327,14096,439
8327,14096,439
8327,14096,439
8327,14096,439
8327,14096,439
8327,14096,439
8327,14096,439
8327,14096,439
8327,14096,439
8327,14096,439
8327,14096,439
8327,14096,439
8327,14096,439
8327,14096,439
8327,14096,439
8327,14096,439
8327,14096,439
8327,14096,439
8327,14096,439
8327,14096,439
8327,14096,439
8327,14096,439
8327,14096,439
8327,14096,439
8327,14096,439
8327,14096,439
8327,14096,439
8327,14096,439
8327,21533,439
8327,21533,439
8327,21533,439
8327,21533,439
8327,21533,439
8327,21533,439
8327,21533,439
8327,21533,439
8556,19856,439
8556,19856,439
8556,19856,439
8556,19856,439
8556,19856,439
8556,19856,439
8556,19856,439
8556,19856,439
8556,19856,439
8556,19856,439
8556,19856,439
8556,19856,439
8556,19856,439
8556,19856,439
8556,19856,439
8556,19856,439
8556,19856,439
8556,19856,439
8556,19856,439
8941,3405,439
8941,23956,439
8941,23956,439
8941,23956,439
8941,23956,439
8941,23956,439
8941,23956,439
8941,23956,439
8941,23956,439
8941,23956,439
8941,23956,439
8941,23956,439
9763,9764,439
8327,21533,440
8933,24001,440
8933,24001,440
8933,24001,440
8933,24001,440
8933,24001,440
8933,24001,440
8933,24001,440
11394,7607,440
11394,7751,440
11394,7765,440
11394,7918,440
11394,8017,440
11394,8215,440
11394,8235,440
11394,8236,440
7577,9765,441
8274,10215,441
8327,18170,441
8327,18170,441
8327,18170,441
8327,18170,441
8327,18170,441
8327,18170,441
8327,18170,441
8327,18170,441
8327,18170,441
8327,18170,441
8327,18170,441
8327,18170,441
8327,18170,441
8327,18170,441
8327,18170,441
8327,18170,441
8327,18170,441
8327,18170,441
8327,18170,441
8327,18170,441
8327,18170,441
8327,18170,441
8327,18170,441
8327,18170,441
8327,18170,441
8327,18170,441
8327,18170,441
8327,18170,441
8327,18170,441
8327,18170,441
8327,18170,441
8327,18170,441
8327,18170,441
8556,19856,441
8556,19856,441
8556,19856,441
8556,19856,441
8556,19856,441
8556,19856,441
8556,19856,441
8556,19856,441
8556,19856,441
8556,19856,441
8556,19856,441
8556,19856,441
8556,19856,441
8556,19856,441
8941,23956,441
7577,9766,442
8235,11443,442
8327,18551,442
8327,18551,442
8327,18551,442
8327,18551,442
8327,18551,442
8327,18551,442
8327,18551,442
8327,18551,442
8327,18551,442
8327,18551,442
8327,18551,442
8327,18551,442
8327,18551,442
8327,18551,442
8327,18551,442
8327,18551,442
8327,18551,442
8327,18551,442
8556,17592,442
8556,19856,442
8556,19856,442
8556,19856,442
8556,19856,442
8556,19856,442
8556,19856,442
8556,19856,442
8556,19856,442
8556,19856,442
8556,19856,442
8556,19856,442
8556,19856,442
8556,19856,442
8556,19856,442
8933,24001,442
8933,24001,442
8327,18551,443
8327,18551,443
8556,12096,443
8556,12096,443
8556,12096,443
8556,12096,443
8556,14363,443
8556,14363,443
8556,14363,443
8556,14363,443
8556,14363,443
8556,17592,443
8556,18536,443
8556,19426,443
8556,19426,443
8556,19426,443
8556,19426,443
8556,19426,443
8556,19426,443
8556,19426,443
8556,19426,443
8556,19426,443
8556,19426,443
8556,19426,443
8556,19426,443
8556,19426,443
8556,19426,443
8556,19426,443
8556,19426,443
8556,19426,443
8556,19426,443
8556,19426,443
8556,19426,443
8556,19426,443
8556,19426,443
8556,19426,443
8556,19426,443
8933,14022,443
8933,24001,443
8933,24001,443
8933,24001,443
8933,24001,443
8933,24001,443
8933,24001,443
8933,24001,443
8941,14502,443
8941,14502,443
8941,14502,443
8941,14502,443
8941,14502,443
8941,14502,443
8941,14502,443
8941,14502,443
8941,14502,443
9765,7577,443
7577,11237,444
7897,2405,444
8117,11237,444
8327,18551,444
8327,18551,444
8409,21136,444
8409,21136,444
8409,21136,444
8409,21136,444
8409,21136,444
8409,21136,444
8409,21136,444
8409,21136,444
8409,21136,444
8409,21136,444
8409,21136,444
8409,21136,444
8409,21136,444
8409,21136,444
8409,21136,444
8409,21136,444
8409,21136,444
8409,21136,444
8409,21136,444
8409,21136,444
8409,21136,444
8409,21136,444
8409,21136,444
8409,21136,444
8409,21136,444
8409,21136,444
8409,21136,444
8409,21136,444
8556,18313,444
8556,18313,444
8556,18313,444
8556,18313,444
8556,18313,444
8556,18313,444
8556,18313,444
8556,18313,444
8556,18313,444
8556,18313,444
8556,18313,444
8556,18313,444
8556,18313,444
8556,18313,444
8556,18313,444
8556,18313,444
8556,18313,444
8556,18313,444
8556,18313,444
8556,18313,444
8556,18313,444
8556,18313,444
8556,18313,444
8556,18313,444
8556,18313,444
8556,18313,444
8556,18313,444
8556,18575,444
8556,18575,444
8556,18575,444
8941,14502,444
8941,14502,444
8941,14502,444
8941,14502,444
8941,14502,444
8941,14502,444
8941,14502,444
8941,14502,444
8941,15597,444
8941,15600,444
8941,15601,444
8941,15601,444
8941,15601,444
8941,15601,444
8941,15601,444
8941,15601,444
8941,15601,444
8941,15601,444
8941,15601,444
8941,15601,444
8941,15601,444
8941,15601,444
8941,15601,444
8941,15601,444
8941,15601,444
8941,15601,444
8941,15601,444
8941,15601,444
8941,15601,444
8941,15601,444
8941,15601,444
8941,15601,444
8941,15601,444
8941,15601,444
8941,15601,444
8941,15601,444
8941,15601,444
8941,15601,444
8941,15601,444
8941,15601,444
8941,15601,444
8941,15601,444
8941,15601,444
8941,15601,444
8941,15601,444
8941,15601,444
8941,15609,444
8941,15609,444
11237,7751,444
11237,7765,444
11237,8117,444
11237,8274,444
8933,23940,445
8933,23940,445
8933,23940,445
8933,23940,445
8933,23940,445
8933,23940,445
8933,23940,445
8933,23940,445
8933,23940,445
8933,23940,445
8933,23940,445
8933,23940,445
8933,23940,445
8933,23940,445
8941,15178,445
8941,15178,445
8941,15178,445
8941,15178,445
8941,15178,445
8941,15178,445
8941,15178,445
8941,15178,445
8941,15178,445
8941,15609,445
7751,2538,446
8236,2538,446
8941,15178,446
8941,15178,446
8941,15178,446
8941,15178,446
8941,15178,446
8941,15178,446
8941,15178,446
8941,15178,446
8941,15178,446
8941,15178,446
8941,15178,446
8941,15178,446
8941,15178,446
8941,15178,446
8941,15609,446
2405,7607,447
2405,7863,447
2405,8117,447
7577,2405,447
7577,11443,447
7607,2405,447
7706,2538,447
8117,2405,447
8117,11443,447
8235,2538,447
8235,2538,447
8556,15141,447
8556,15141,447
8556,15141,447
8556,15141,447
8556,15141,447
8556,15141,447
8556,15141,447
8556,15141,447
8556,15141,447
8556,15141,447
8556,15141,447
11443,8117,447
11443,8117,447
7577,11394,448
7706,2538,448
8017,2538,448
11394,7607,448
11394,7751,448
11394,7897,448
11394,8215,448
2405,7706,449
7918,2538,449
8409,15597,449
8409,15600,449
8409,15601,449
8409,15601,449
8409,15601,449
8409,15601,449
8409,15601,449
8409,15601,449
8409,15601,449
8409,15601,449
8409,15601,449
8409,15601,449
8409,15601,449
8409,15601,449
8409,15601,449
8409,15601,449
8409,15601,449
8409,15601,449
8409,15601,449
8409,15601,449
8409,15601,449
8409,15601,449
8409,15601,449
8409,15601,449
8409,15601,449
8409,15601,449
8409,15601,449
8409,15601,449
8409,15601,449
8409,15601,449
8409,15601,449
8409,15601,449
8409,15601,449
8409,15601,449
8409,15601,449
8409,15601,449
8409,15601,449
8409,15601,449
8409,15609,449
8409,15609,449
8409,21136,449
8409,21136,449
8409,21136,449
8409,21136,449
8409,21136,449
8409,21136,449
8409,21136,449
8409,21136,449
8409,21136,449
8409,21136,449
8409,21136,449
8409,21136,449
8409,21136,449
8409,21136,449
8409,21136,449
8409,21136,449
8409,21136,449
8409,21136,449
8409,21136,449
8409,21136,449
8409,21136,449
8409,21136,449
8409,21136,449
8409,21136,449
8409,21136,449
8409,21136,449
8409,21136,449
8409,21136,449
8556,15141,449
8556,15141,449
8556,15141,449
8556,15141,449
8556,15141,449
8556,15141,449
9763,9764,449
11443,7863,449
7706,2538,450
7706,11394,450
8409,21136,450
8409,21136,450
8409,21136,450
8409,21136,450
8409,21136,450
8409,21136,450
8409,21136,450
8409,21136,450
8409,21136,450
8409,21136,450
8409,21136,450
8409,21136,450
8409,21136,450
8409,21136,450
8409,21136,450
8409,21136,450
8409,21136,450
8409,21136,450
8409,21136,450
8409,21136,450
8409,21136,450
8409,21136,450
8409,21136,450
8409,21136,450
8409,21136,450
8409,21136,450
8409,21136,450
8409,21136,450
8409,21136,450
8409,21136,450
8409,21136,450
8409,21136,450
8409,21136,450
8556,15141,450
8556,15141,450
8556,15141,450
8556,15141,450
8941,15176,450
8941,15176,450
8941,15176,450
8941,15176,450
8941,15176,450
8941,15176,450
8941,15176,450
8941,15176,450
8941,15176,450
8941,15176,450
8941,15176,450
8941,15178,450
8941,15178,450
8941,15178,450
8941,15178,450
8941,15178,450
8941,15178,450
8941,15178,450
8941,15178,450
8941,15178,450
8941,15609,450
7706,10658,451
7918,2538,451
8941,15177,451
8941,15177,451
8941,15177,451
8941,15177,451
8941,15177,451
11237,7765,451
7577,11101,452
7607,11101,452
7918,10658,452
8556,15141,452
8556,15141,452
8556,15141,452
8556,15141,452
8556,15141,452
8556,15141,452
8556,15141,452
8556,15141,452
8556,15141,452
8556,15141,452
8556,15141,452
8556,15141,452
8556,15141,452
8556,15141,452
8556,15141,452
8556,15141,452
7607,11394,453
8274,22601,454
8409,18170,454
8409,18170,454
8409,18170,454
8409,18170,454
8409,18170,454
8409,18170,454
8409,18170,454
8409,18170,454
8409,18170,454
8409,18170,454
8409,18170,454
8409,18170,454
8409,18170,454
8409,18170,454
8409,18170,454
8409,18170,454
8409,18170,454
8409,18170,454
8409,18170,454
8409,18170,454
8409,18170,454
8409,18170,454
8409,18170,454
8409,18170,454
8409,18170,454
8409,18170,454
8409,18170,454
8409,18170,454
8409,18170,454
8409,18170,454
8409,18170,454
8409,18170,454
8409,18170,454
8941,22652,454
8941,22652,454
8941,22652,454
8941,22652,454
8941,22652,454
8941,22652,454
8941,22652,454
8941,22652,454
8941,22652,454
8941,22652,454
8941,22652,454
8941,22652,454
8941,22652,454
8941,22652,454
8941,22652,454
8409,18788,455
8409,18788,455
8409,18790,455
8409,18790,455
8409,18790,455
8409,18790,455
8409,18790,455
8409,18790,455
8409,18790,455
8409,18790,455
8409,18790,455
8409,18790,455
8409,18790,455
8409,18790,455
8409,18790,455
8409,18790,455
8556,15141,455
8556,15141,455
8556,15141,455
8556,15141,455
8556,15141,455
8556,15141,455
8556,15141,455
8556,15141,455
8556,15141,455
8556,15141,455
8556,15141,455
8941,745,455
8941,745,455
8941,745,455
8941,745,455
8941,745,455
8941,745,455
8941,745,455
8941,3396,455
8941,3396,455
8941,3396,455
8941,3396,455
8941,3403,455
8941,3403,455
8941,3403,455
8941,3403,455
8941,3403,455
8941,3403,455
8941,3403,455
8941,3403,455
8941,3403,455
8941,3403,455
8941,3403,455
8941,22652,455
8770,12096,456
8770,12096,456
8770,12096,456
8770,12096,456
8770,14366,456
8770,14366,456
8770,14366,456
8770,14366,456
8770,21136,456
8770,21136,456
8770,21136,456
8770,21136,456
8770,21136,456
8770,21136,456
8770,21136,456
8770,21136,456
8770,21136,456
8770,21136,456
8770,21136,456
8770,21136,456
8770,21136,456
8770,21136,456
8770,21136,456
8770,21136,456
8770,21136,456
8770,21136,456
8770,21136,456
8770,21136,456
8770,21136,456
8770,21136,456
8770,21136,456
8770,21136,456
8770,21136,456
8770,21136,456
8770,21136,456
8770,21136,456
7577,9765,457
8409,12080,457
8409,12080,457
8409,12080,457
8409,12080,457
8409,12080,457
8409,12080,457
8409,12080,457
8409,12080,457
8409,12080,457
8409,12080,457
8409,12080,457
8409,12080,457
8409,12080,457
8409,12080,457
8409,12080,457
8409,12080,457
8409,12080,457
8409,12080,457
8409,12080,457
8409,12080,457
8409,12080,457
8409,12080,457
8409,12080,457
8409,12080,457
8409,12080,457
8409,12080,457
8409,12080,457
8409,12080,457
8409,18788,457
8409,18788,457
8409,18788,457
8409,18790,457
8409,18790,457
8409,18790,457
8409,18790,457
8409,18790,457
8409,18790,457
8409,18790,457
8409,18790,457
8409,18790,457
8409,18790,457
8409,18790,457
8409,18790,457
8409,18790,457
8409,18790,457
8556,15141,457
8556,15141,457
8556,15141,457
8556,15141,457
8882,12096,457
8882,12096,457
8882,12096,457
8882,12096,457
8882,14366,457
8882,14366,457
8882,14366,457
8882,14366,457
8941,2985,457
8941,2985,457
8941,2985,457
8941,2985,457
8941,2985,457
8941,2985,457
8941,2985,457
8941,2985,457
8941,2985,457
8941,2985,457
8941,2985,457
8941,2985,457
8941,2985,457
8941,2985,457
8941,2985,457
8941,2985,457
8941,2985,457
8941,2985,457
8941,18858,457
8941,18858,457
8941,18858,457
8941,18858,457
8941,18858,457
8941,18858,457
8941,18858,457
8941,18858,457
8941,18858,457
8941,18858,457
8941,18858,457
8941,18858,457
8941,18858,457
8941,18858,457
8941,18858,457
8941,18858,457
8941,18858,457
8941,18858,457
8941,18858,457
8941,18858,457
8941,18858,457
8409,18788,458
8409,21500,458
8409,21500,458
8409,21500,458
8409,21500,458
8409,21500,458
8409,21500,458
8409,21500,458
8409,21500,458
8770,12096,458
8770,12096,458
8770,12096,458
8770,12096,458
8770,14366,458
8770,14366,458
8770,14366,458
8770,14366,458
8770,14366,458
8770,14366,458
8770,14366,458
8882,12096,458
8882,25337,458
8882,25337,458
8882,25337,458
8882,25337,458
8882,25337,458
8882,25337,458
8882,25337,458
2405,7607,459
8409,18788,459
8409,18790,459
8409,18790,459
8409,18790,459
8409,18790,459
8409,18790,459
8409,18790,459
8409,18790,459
8409,18790,459
8409,18790,459
8409,18790,459
8409,18790,459
8409,18790,459
8409,18790,459
8770,13934,459
8770,14085,459
8770,14085,459
8770,14085,459
8941,745,459
8941,745,459
8941,745,459
8941,745,459
8941,745,459
8941,745,459
8941,745,459
9763,9764,459
8941,745,460
8941,745,460
8941,745,460
8941,745,460
8941,745,460
8941,745,460
8941,745,460
8941,745,460
8941,745,460
8941,745,460
8941,745,460
7577,9766,461
8409,12614,461
8409,17084,461
8409,17087,461
8409,18788,461
8556,15141,461
8556,15141,461
8556,15141,461
8556,15141,461
8556,15141,461
8556,15141,461
8556,15141,461
8556,15141,461
8770,13934,461
8770,13934,461
8770,13934,461
8770,13955,461
8770,14059,461
8770,14085,461
8882,18535,461
8882,25337,461
10851,7751,461
10851,8215,461
7577,11237,462
8235,11443,462
8409,18790,462
8409,21225,462
8409,21225,462
8409,21225,462
8409,21225,462
8409,21225,462
8409,21225,462
8409,21225,462
8409,21225,462
8409,21225,462
8409,21225,462
8409,21225,462
8409,21225,462
8409,21225,462
8409,21225,462
8409,21225,462
8409,21225,462
8409,21225,462
8770,18142,462
8770,18142,462
8770,18142,462
8770,18142,462
8770,18142,462
8770,18142,462
8770,18142,462
8770,18142,462
8770,18142,462
8770,18142,462
8770,18142,462
8770,18142,462
8770,18142,462
8770,18142,462
8770,18142,462
8770,18142,462
8770,18142,462
8770,18142,462
8770,18142,462
8770,18142,462
8770,18142,462
8941,4670,462
8941,4670,462
8941,4670,462
8941,4670,462
8941,4670,462
8941,4670,462
8941,4670,462
8941,4670,462
8941,4670,462
8941,4670,462
8941,4670,462
8941,4670,462
8941,4670,462
8941,4670,462
8941,4670,462
8941,4670,462
8941,4670,462
8941,4670,462
8941,4670,462
8941,4670,462
8941,4670,462
8941,4670,462
8941,4670,462
8941,4670,462
8941,4670,462
8941,4670,462
8941,4670,462
8941,4670,462
8941,4670,462
8941,4670,462
8941,4670,462
8941,4670,462
8941,4670,462
8941,4670,462
8941,4670,462
8941,4670,462
8941,4670,462
8941,4670,462
8941,4670,462
8941,4670,462
8941,4670,462
8941,4670,462
8941,4670,462
8941,4670,462
8941,4670,462
8941,4670,462
8941,4670,462
8941,4670,462
8941,4670,462
9765,7577,462
11237,7897,462
11237,8017,462
8409,21224,463
8409,21224,463
8556,15141,463
8556,15141,463
8556,15141,463
8556,15141,463
8770,18142,463
8770,18142,463
8770,18142,463
8770,18142,463
8770,18142,463
8770,18142,463
8770,18142,463
8770,18142,463
8770,18142,463
8770,18142,463
8770,18142,463
8770,18142,463
8770,18142,463
8882,12096,463
8882,25337,463
8882,25337,463
8882,25337,463
8882,25337,463
8882,25337,463
8882,25337,463
8882,25337,463
8941,4670,463
8941,4670,463
8941,4670,463
8941,4670,463
8941,4670,463
8941,4670,463
8941,4670,463
8941,4670,463
8941,4670,463
8941,4670,463
7607,11443,464
8215,11101,464
8770,2680,464
8770,2680,464
8770,2680,464
8770,2680,464
8770,2680,464
8770,2680,464
8770,2680,464
8770,2680,464
8770,2680,464
8770,2680,464
8770,2680,464
8770,2680,464
8770,2680,464
8770,2680,464
8770,18142,464
8770,18170,464
8770,18170,464
8770,18170,464
8770,18170,464
8770,18170,464
8770,18170,464
8770,18170,464
8770,18170,464
8770,18170,464
8770,18170,464
8770,18170,464
8770,18170,464
8770,18170,464
8770,18170,464
8770,18170,464
8770,18170,464
8770,18170,464
8770,18170,464
8770,18170,464
8770,18170,464
8770,18170,464
8770,18170,464
8770,18170,464
8770,18170,464
8770,18170,464
8770,18170,464
8770,18170,464
8770,18170,464
8770,18170,464
8770,18170,464
8770,18170,464
8770,18170,464
8770,18170,464
8770,18170,464
8770,18170,464
8770,18170,464
8770,18170,464
8770,18170,464
8770,18170,464
8770,18170,464
8770,18170,464
8770,18170,464
8770,18170,464
8770,18170,464
8770,18170,464
8770,18170,464
8770,18170,464
8770,18170,464
8770,18170,464
8770,18170,464
8770,18170,464
8770,18170,464
8770,18170,464
8770,18170,464
7751,11101,465
7897,11443,465
8236,13934,465
8236,13934,465
8236,14085,465
8236,14085,465
8236,14085,465
8236,14085,465
8236,14085,465
8409,21224,465
8770,2680,465
8770,2680,465
8770,2680,465
8770,2680,465
8770,2680,465
8770,2680,465
8770,2680,465
8770,2680,465
8770,2680,465
8770,2680,465
8770,2680,465
8770,2680,465
8770,2680,465
8770,2680,465
8882,25337,465
8941,2288,465
8941,2288,465
8941,2288,465
8941,2288,465
8941,2288,465
8941,2288,465
8941,2288,465
8941,2288,465
8941,4670,465
8941,4670,465
8941,4670,465
8941,4670,465
8941,4670,465
8941,4670,465
8941,4670,465
8941,4670,465
8941,4670,465
8941,4670,465
8941,4670,465
8941,4670,465
8941,4670,465
8941,4670,465
8941,4670,465
8941,4670,465
8941,4670,465
8941,4670,465
8941,4670,465
8941,4670,465
8941,4670,465
8941,4670,465
8941,4670,465
8941,4670,465
8236,13934,466
8236,14085,466
8236,14085,466
8236,14085,466
8274,2538,466
8274,11101,466
8274,11237,466
8274,11394,466
8409,18551,466
8409,18551,466
8409,18551,466
8409,18551,466
8409,18551,466
8409,18551,466
8409,18551,466
8409,18551,466
8409,18551,466
8409,18551,466
8409,18551,466
8409,18551,466
8409,18551,466
8409,18551,466
8409,18551,466
8409,18551,466
8409,18551,466
8409,18551,466
8409,21224,466
8770,18169,466
8770,18169,466
8770,18169,466
8770,18169,466
8770,18169,466
8770,18169,466
8770,18169,466
8770,18169,466
8770,18169,466
8770,18169,466
8770,18169,466
8770,18169,466
8770,18169,466
8770,18169,466
8770,18169,466
8770,18169,466
8770,18169,466
8770,18169,466
8770,18169,466
8770,18169,466
8770,18169,466
8770,18169,466
8770,18169,466
8770,18169,466
8770,18169,466
8770,18169,466
8770,18169,466
8770,18169,466
8770,18169,466
8770,18169,466
8770,18169,466
8770,18169,466
8770,18169,466
8882,12096,466
8882,25337,466
8882,25337,466
8882,25337,466
8882,25337,466
8882,25337,466
8882,25337,466
8882,25337,466
8236,18535,467
8409,18551,467
8409,18551,467
8770,18163,467
8770,18170,467
8770,18170,467
8770,18170,467
8770,18170,467
8770,18170,467
8770,18170,467
8770,18170,467
8770,18170,467
8882,12096,467
8882,12096,467
8882,12096,467
8882,12096,467
8882,14366,467
8882,14366,467
8882,14366,467
8882,14366,467
8941,2288,467
7751,11394,468
7751,11443,468
8117,2405,468
8236,13941,468
8236,14085,468
8236,14085,468
8236,14085,468
8409,9738,468
8409,9738,468
8409,9738,468
8409,9738,468
8409,9738,468
8409,9738,468
8409,9738,468
8409,9738,468
8409,9738,468
8556,15141,468
8556,15141,468
8556,15141,468
8556,15141,468
8556,15141,468
8556,15141,468
8770,25290,468
8941,2288,468
8941,3055,468
8941,3055,468
8941,3055,468
8941,3055,468
8941,3055,468
8941,3055,468
8941,3055,468
8941,3055,468
8941,3055,468
8941,3055,468
8941,3055,468
8556,3032,469
8556,3032,469
8556,3032,469
8556,3032,469
8556,3032,469
8556,3032,469
8556,3032,469
8556,3032,469
8556,3032,469
8556,3032,469
8556,3032,469
8556,3032,469
8556,3032,469
8556,3032,469
8556,3032,469
8556,15141,469
8556,15141,469
8556,15141,469
8556,15141,469
8882,12096,469
8882,18170,469
8882,18170,469
8882,18170,469
8882,18170,469
8882,18170,469
8882,18170,469
8882,18170,469
8882,18170,469
8882,18170,469
8882,18170,469
8882,18170,469
8882,18170,469
8882,18170,469
8882,18170,469
8882,18170,469
8882,18170,469
8882,18170,469
8882,18170,469
8882,18170,469
8882,18170,469
8882,18170,469
8882,18170,469
8882,18170,469
8882,18170,469
8882,18170,469
8882,18170,469
8882,18170,469
8882,18170,469
8882,18170,469
8882,18170,469
8882,18170,469
8882,18170,469
8882,18170,469
8882,25337,469
8882,25337,469
8882,25337,469
8882,25337,469
8882,25337,469
8882,25337,469
8882,25337,469
9763,9764,469
7577,11101,470
8215,10215,470
8236,13934,470
8236,14085,470
8236,14085,470
8236,14085,470
8556,24442,470
8556,24442,470
8770,2934,470
8770,2934,470
8941,1483,470
11101,7706,470
7577,2405,471
7918,11101,471
8236,3396,471
8236,3396,471
8236,3396,471
8236,3396,471
8236,3396,471
8236,3403,471
8236,3403,471
8236,3403,471
8236,3403,471
8236,3403,471
8236,3403,471
8236,3403,471
8236,3403,471
8236,3403,471
8236,3403,471
8236,3403,471
8236,3403,471
8236,3403,471
8236,3403,471
8236,3403,471
8236,3403,471
8236,3403,471
8236,3403,471
8236,3403,471
8236,3403,471
8236,3403,471
8236,3403,471
8236,3403,471
8941,1481,471
8941,1481,471
2405,8215,472
7607,2405,472
8236,18788,472
8236,18790,472
8274,10215,472
8556,24442,472
8556,24442,472
8556,24442,472
8556,24442,472
8556,24442,472
8556,24442,472
8556,24442,472
8556,24442,472
8556,24442,472
8556,24442,472
8556,24442,472
8770,2934,472
8770,2934,472
8882,18170,472
8882,18170,472
8882,18170,472
8882,18170,472
8882,18170,472
8882,18170,472
8882,18170,472
8882,18170,472
8882,18170,472
8882,18170,472
8882,18170,472
8882,18170,472
8882,18170,472
8882,18170,472
8882,18170,472
8882,18170,472
8882,18170,472
8882,18170,472
8882,18170,472
8882,18170,472
8882,18170,472
8882,18170,472
8882,18170,472
8882,18170,472
8882,18170,472
8882,18170,472
8882,18170,472
8882,18170,472
8882,18170,472
8882,18170,472
8882,18170,472
8882,18170,472
8882,18170,472
8882,18170,472
8882,18170,472
8882,18170,472
8882,18170,472
8882,18170,472
8882,18170,472
8882,18170,472
8882,18170,472
8882,18170,472
8882,18170,472
8882,18170,472
8882,18170,472
8882,18170,472
8882,18170,472
8882,18170,472
8882,18170,472
8882,18170,472
8882,18170,472
8882,18170,472
8882,18170,472
8882,18170,472
8882,18170,472
8882,18170,472
8882,18170,472
8882,18170,472
8882,18170,472
8882,18170,472
8882,18170,472
8882,18170,472
8882,18170,472
8882,18170,472
8882,18170,472
8882,18170,472
8882,18170,472
8882,18170,472
8882,18170,472
8882,18170,472
8882,18170,472
8882,18170,472
8882,18170,472
8941,1481,472
8941,1481,472
8941,1481,472
8941,19733,472
10139,8215,472
7577,9765,473
8236,2299,473
8236,2299,473
8236,2299,473
8236,2299,473
8236,2299,473
8236,2299,473
8236,2299,473
8236,2299,473
8236,2299,473
8236,2299,473
8236,2299,473
8236,2299,473
8236,2299,473
8236,2299,473
8236,2299,473
8236,2299,473
8236,2299,473
8770,2934,473
8770,2934,473
8770,2934,473
8882,18170,473
8882,18170,473
8882,18170,473
8882,18170,473
8882,18170,473
8882,18170,473
7751,2538,474
7751,11443,474
8770,2165,474
8770,21593,474
8770,21593,474
8882,14096,474
8882,14096,474
8882,14096,474
8882,14096,474
8882,14096,474
8882,14096,474
8882,14096,474
8882,14096,474
8882,14096,474
8882,14096,474
8882,14096,474
8882,14096,474
8882,14096,474
8882,14096,474
8882,14096,474
8882,14096,474
8882,14096,474
8882,14096,474
8882,14096,474
8882,14096,474
8882,14096,474
8882,14096,474
8882,14096,474
8882,14096,474
8882,14096,474
8882,14096,474
8882,14500,474
8882,18170,474
8882,18170,474
8882,18170,474
8882,18170,474
8882,18170,474
8882,18170,474
8882,18170,474
8882,18170,474
8882,18170,474
8882,18170,474
8941,1481,474
8941,1481,474
8941,1481,474
8941,1481,474
8941,1481,474
8941,1481,474
8941,1481,474
8941,1481,474
8941,1481,474
7751,11101,475
8236,2299,475
8236,2299,475
8236,2299,475
8236,2299,475
8236,2299,475
8236,2299,475
8236,2299,475
8236,2299,475
8236,2299,475
8236,2299,475
8236,2299,475
8236,2299,475
8236,2299,475
8556,24442,475
8556,24442,475
8556,24442,475
8556,24442,475
8556,24442,475
8556,24442,475
8556,24442,475
8556,24442,475
8556,24442,475
8556,24442,475
8556,24442,475
8556,24442,475
8882,14095,475
8882,14096,475
8882,14096,475
8882,14096,475
8882,14096,475
8882,14096,475
8882,14096,475
8882,14096,475
8882,14096,475
8882,14096,475
8882,14096,475
8882,14096,475
8882,14096,475
8882,14096,475
8882,14096,475
8882,14096,475
8882,14096,475
8882,14096,475
8882,14096,475
8882,14096,475
8882,14096,475
8882,14096,475
8882,14096,475
8882,14096,475
8882,14096,475
8882,14096,475
8882,14096,475
8882,14096,475
8882,14096,475
8882,14096,475
8882,14096,475
8882,14096,475
8882,14096,475
8882,14096,475
8882,14096,475
8882,14096,475
8882,14096,475
8882,14096,475
8882,14096,475
8882,14096,475
8882,14096,475
8882,14096,475
8882,14096,475
8882,14096,475
8882,14096,475
8882,14096,475
8882,18313,475
8882,18313,475
8882,18313,475
8882,18313,475
8882,18313,475
8882,18313,475
8882,18313,475
8882,18313,475
8882,18313,475
8882,18313,475
8882,18313,475
8882,18313,475
8882,18313,475
8882,18313,475
8882,18313,475
8882,18313,475
8882,18313,475
8882,18313,475
8882,18313,475
8941,1481,475
8941,1481,475
8941,1481,475
8941,1481,475
8941,1481,475
8941,19733,475
11101,8215,475
7577,9766,476
8236,2299,476
8236,2299,476
8236,2299,476
8236,2299,476
8236,2299,476
8236,2299,476
8236,2299,476
8236,2299,476
8236,2299,476
8236,2299,476
8236,2299,476
8236,2299,476
8236,2299,476
8236,2299,476
8236,2299,476
8770,25399,476
8770,25399,476
8770,25399,476
8770,25399,476
8770,25399,476
8770,25399,476
8770,25399,476
8770,25399,476
8770,25399,476
8882,2288,476
8882,2288,476
8882,2288,476
8882,2288,476
8882,2288,476
8882,2288,476
8882,2288,476
8882,2288,476
8770,11892,477
8770,25400,477
8882,3055,477
8882,3055,477
8882,3055,477
8882,3055,477
8882,3055,477
8882,3055,477
8882,3055,477
8882,3055,477
8882,3055,477
8882,3055,477
8882,3055,477
8941,1481,477
8941,1481,477
8941,1481,477
8941,1481,477
8941,1481,477
8941,1481,477
8941,1481,477
8941,1481,477
8941,1481,477
8941,1481,477
8941,1481,477
8941,1481,477
8941,1481,477
8941,1481,477
8941,1481,477
8941,1481,477
8941,1481,477
8236,2299,478
8236,2299,478
8236,2299,478
8236,2299,478
8236,2299,478
8236,2299,478
8236,2299,478
8236,2299,478
8236,2299,478
8236,2299,478
8236,2299,478
8236,2299,478
8236,2299,478
8556,24442,478
8556,24442,478
8556,24442,478
8556,24442,478
8556,24442,478
8556,24442,478
8556,24442,478
8556,24442,478
8556,24442,478
8556,24442,478
8556,24442,478
8770,25399,478
8941,1481,478
8941,1481,478
8941,1481,478
8941,1481,478
8941,1481,478
8941,1481,478
8941,1481,478
8941,1481,478
8941,1481,478
8941,1481,478
8236,2299,479
8236,2299,479
8236,2299,479
8236,2299,479
8236,2299,479
8236,2299,479
8236,2299,479
8236,2299,479
8236,2299,479
8236,2299,479
8236,2299,479
8236,2299,479
8236,2299,479
8236,2299,479
8236,18535,479
8556,20642,479
8556,20642,479
8556,20642,479
8556,20642,479
8556,20642,479
8556,20642,479
8556,20642,479
8556,20642,479
8556,20642,479
8556,20642,479
8556,20642,479
8556,20642,479
8556,20642,479
8556,20642,479
8556,20642,479
8556,20642,479
8556,20642,479
8556,20642,479
8556,20642,479
8556,20642,479
8556,20642,479
8556,20642,479
8556,20642,479
8556,20642,479
8556,20642,479
8556,20642,479
8556,20642,479
8556,20642,479
8556,20642,479
8882,18028,479
9763,9764,479
8117,10139,480
8236,21666,480
8236,21666,480
8236,21666,480
8236,21666,480
8236,21666,480
8236,21666,480
8236,21666,480
8236,21666,480
8236,21666,480
8236,21666,480
8236,21666,480
8236,21666,480
8236,21666,480
8236,21666,480
8236,21666,480
8236,21666,480
8236,21666,480
8941,12096,480
8941,12096,480
8941,12096,480
8941,17264,480
8941,17264,480
8941,17264,480
8941,17264,480
8941,17264,480
8941,17264,480
8941,17264,480
8941,17264,480
8941,17264,480
8941,17264,480
8941,17264,480
8941,17264,480
8941,17264,480
8941,17264,480
8941,17264,480
8941,17264,480
8941,17266,480
8941,17266,480
8941,17266,480
8941,17266,480
8941,17266,480
8941,17266,480
8941,17266,480
8941,17266,480
8941,17266,480
8941,17266,480
8941,17266,480
8941,17266,480
8941,17266,480
8941,17266,480
8941,17266,480
8941,17266,480
8941,17266,480
9765,7577,480
10139,8117,480
2405,7863,481
7765,11394,481
8556,20642,481
8882,3055,481
8882,3055,481
8882,3055,481
8882,3055,481
8882,3055,481
8882,3055,481
8882,3055,481
8882,3055,481
8882,3055,481
8882,3055,481
8882,3055,481
8882,3055,481
8882,3055,481
8882,3055,481
8882,3055,481
8882,3055,481
8882,3055,481
8882,3055,481
8882,3055,481
8882,3055,481
8941,18595,481
8941,18595,481
2538,8215,482
7577,2538,482
7577,10215,482
7577,11443,482
8236,21664,482
8236,21664,482
8236,21664,482
8236,21664,482
8556,20642,482
8556,20642,482
8556,20642,482
8556,20642,482
8556,20642,482
8556,20642,482
8556,20642,482
8556,20642,482
8556,20642,482
8556,20642,482
8556,20642,482
8556,20642,482
8556,20642,482
8556,20642,482
8556,20642,482
8556,20642,482
8556,20642,482
8556,20642,482
8556,20642,482
8556,20642,482
8882,3055,482
8882,3055,482
8882,3055,482
8882,3055,482
8882,3055,482
8882,3055,482
8882,3055,482
8882,3055,482
8882,3055,482
8882,3055,482
8882,3055,482
8882,3055,482
8882,3055,482
10215,7607,482
11101,7863,482
11443,8215,482
8236,20892,483
8236,20892,483
8236,21664,483
8236,21664,483
8236,21664,483
8236,21664,483
8236,21664,483
8236,21664,483
8236,21664,483
8236,21664,483
8236,21664,483
8236,21664,483
8236,21664,483
8236,21664,483
8236,21664,483
8236,21664,483
8236,21664,483
8236,21664,483
8236,21664,483
8236,21664,483
8236,21664,483
8236,21664,483
8556,4737,483
8556,4737,483
8556,4737,483
8556,4737,483
8556,4737,483
8556,4737,483
8556,20642,483
8770,9929,483
8770,9930,483
8770,9930,483
8770,9930,483
8770,9930,483
8770,9930,483
8770,9930,483
8770,9930,483
8770,9930,483
8770,9931,483
8770,9931,483
8770,9931,483
8770,9931,483
8770,15007,483
8770,15007,483
8770,15007,483
8770,15007,483
8770,15007,483
8770,15007,483
8770,15007,483
8770,15007,483
8770,15007,483
8770,15007,483
8770,15007,483
8941,18300,483
7577,11237,484
7607,2405,484
7607,10658,484
7607,11237,484
8236,21663,484
8236,21663,484
8236,21663,484
8236,21663,484
8236,21663,484
8236,21663,484
8236,21663,484
8236,21663,484
8236,21663,484
8236,21663,484
8236,21663,484
8236,21663,484
8236,21664,484
8236,21664,484
8236,21664,484
8236,21664,484
8236,21664,484
8236,21664,484
8236,21664,484
8236,21664,484
8236,21664,484
8236,21664,484
8236,21664,484
8236,21664,484
8556,4737,484
8882,24308,484
8941,18595,484
2405,8117,485
8117,2405,485
8117,10215,485
8236,13934,485
8236,21663,485
8236,22578,485
8556,4737,485
8556,13924,485
8770,9656,485
8770,9656,485
8770,9656,485
8770,15007,485
8770,15007,485
8770,15007,485
8882,13934,485
8882,14085,485
8882,14085,485
8882,14085,485
8882,15597,485
8882,15600,485
8882,15601,485
8882,15601,485
8882,15601,485
8882,15601,485
8882,15601,485
8882,15601,485
8882,15601,485
8882,15601,485
8882,15601,485
8882,15601,485
8882,15601,485
8882,15601,485
8882,15601,485
8882,15601,485
8882,15601,485
8882,15601,485
8882,15601,485
8882,15601,485
8882,15601,485
8882,15601,485
8882,15601,485
8882,15601,485
8882,15601,485
8882,15601,485
8882,15601,485
8882,15601,485
8882,15601,485
8882,15601,485
8882,15601,485
8882,15601,485
8882,15601,485
8941,15837,485
8941,15837,485
8941,15837,485
8941,15837,485
8941,15837,485
8941,15837,485
8941,15837,485
8941,15837,485
8941,15837,485
8941,15837,485
8941,15837,485
8941,15837,485
8941,15837,485
8941,15837,485
8941,15837,485
8941,15837,485
8941,15837,485
8941,15837,485
8941,15837,485
8941,15837,485
8941,15837,485
8941,15837,485
8941,15837,485
8941,15837,485
8941,15837,485
8941,15837,485
8941,15837,485
8941,15837,485
8941,15837,485
8941,15837,485
10215,7607,485
10215,7706,485
10215,7863,485
10215,7897,485
10215,8017,485
10215,8117,485
10215,8235,485
10215,8235,485
10215,8236,485
10215,8274,485
10851,7918,485
10851,8235,485
10851,8236,485
7577,10658,486
8117,10658,486
8236,13934,486
8236,13934,486
8236,14085,486
8556,21236,486
8556,21241,486
8556,21241,486
8556,21241,486
8556,21241,486
8556,21241,486
8556,21241,486
8556,21241,486
8556,21241,486
8556,21241,486
8556,21241,486
8556,21241,486
8556,21241,486
8556,21241,486
8556,21241,486
8556,23887,486
8770,15007,486
8770,15007,486
8770,15007,486
8770,16904,486
8882,14500,486
8882,15600,486
8882,15601,486
8882,15601,486
8882,15601,486
8882,15601,486
8882,15601,486
8882,15601,486
8882,15601,486
8882,15601,486
8882,15601,486
8882,15601,486
8882,15601,486
8882,15601,486
8882,15601,486
8882,15601,486
8882,15601,486
8882,15601,486
8882,15601,486
8882,15601,486
8882,15601,486
8882,15601,486
8882,15609,486
10139,8235,486
10658,8117,486
11443,8215,486
8236,13934,487
8236,22578,487
8556,15790,487
8556,15790,487
8556,15790,487
8556,15790,487
8556,15790,487
8770,23772,487
8770,23772,487
8770,23772,487
8882,9667,487
8882,9667,487
8882,9667,487
8882,9667,487
8882,9667,487
8882,9667,487
8882,9667,487
8882,9667,487
8882,9667,487
8882,9667,487
8882,9667,487
8882,9667,487
8882,9667,487
8882,9667,487
8882,9667,487
8882,9667,487
8882,9667,487
8882,15807,487
8941,4695,487
8941,4695,487
8941,4695,487
8941,4695,487
8941,4695,487
8941,4695,487
8941,4695,487
8941,4695,487
8941,4695,487
8941,4695,487
8941,4695,487
8941,4695,487
8941,4695,487
8941,4695,487
8941,4695,487
8941,4695,487
8941,17028,487
8941,17028,487
8941,17028,487
8941,17028,487
8941,17028,487
8941,17028,487
8941,17028,487
8941,17028,487
8941,17028,487
8941,17028,487
8941,17028,487
8941,17028,487
8941,17028,487
8941,17028,487
8941,17028,487
8941,17028,487
8941,17028,487
8941,17028,487
8941,17028,487
8941,17028,487
8941,17028,487
8941,17028,487
8941,17028,487
11237,8236,487
8770,15007,488
8770,15007,488
8770,15007,488
8882,9667,488
8882,9667,488
8882,9667,488
8882,9667,488
8882,9667,488
8882,9667,488
8882,9667,488
8882,9667,488
8882,9667,488
8882,9667,488
8882,9667,488
8882,9667,488
8882,9667,488
8882,9667,488
8882,9667,488
8882,9667,488
8882,9667,488
8882,15807,488
8941,4695,488
8941,4695,488
8941,4695,488
8941,4695,488
8941,4695,488
8941,4695,488
8941,4695,488
8941,4695,488
8941,4695,488
8941,4695,488
8941,4695,488
8941,4695,488
8941,4695,488
8941,4695,488
8941,4695,488
8941,4695,488
8941,16351,488
2405,7607,489
7577,9765,489
8882,9667,489
8882,9667,489
8882,15807,489
9763,9764,489
7918,2405,490
8236,13934,490
8236,14085,490
8236,14085,490
8236,14085,490
8770,15007,490
8770,15007,490
8770,15007,490
8770,15007,490
8770,15007,490
8770,15007,490
8770,15007,490
8770,15007,490
8770,15007,490
8770,15007,490
8770,15007,490
8882,9667,490
8882,9667,490
8882,15807,490
8941,4695,490
8274,2405,491
8770,15007,491
8770,15007,491
8770,15007,491
8770,15007,491
8770,15007,491
7607,10215,492
8274,2405,492
8770,15007,492
8770,15007,492
8770,15007,492
8770,15007,492
8770,15007,492
8882,15828,493
8882,15828,493
8882,15828,493
8882,15828,493
8882,15828,493
8882,15828,493
8882,15828,493
8882,15828,493
8882,15828,493
8882,15828,493
8882,15828,493
8882,18909,493
8941,17028,493
8941,17028,493
8941,17028,493
8941,17028,493
8941,17028,493
8941,17028,493
8941,17028,493
8941,17028,493
8941,17028,493
8941,17028,493
8941,17028,493
8941,17028,493
8941,17028,493
8941,17028,493
8941,17028,493
8941,17028,493
8941,17028,493
8941,17028,493
8941,17028,493
8941,17028,493
8941,17028,493
8941,17028,493
8941,17028,493
8941,17028,493
8941,17028,493
8941,17028,493
8941,17028,493
8941,17028,493
7577,9766,494
7765,2538,494
8236,14051,494
8236,14085,494
8236,14085,494
8236,15819,494
7751,11443,495
8236,11443,495
8770,15007,495
8770,15007,495
8770,15007,495
8770,15007,495
8770,15007,495
8882,15827,495
8941,17028,495
8941,17028,495
8941,17028,495
8941,17028,495
8941,17028,495
8941,17028,495
8941,17028,495
8941,17028,495
8941,17028,495
8941,17028,495
8941,17028,495
8941,17028,495
8941,17028,495
8941,17028,495
10215,8215,495
2405,8017,496
7577,2405,496
8236,14051,496
8236,14085,496
8236,14085,496
8770,15007,496
8770,15007,496
8770,15007,496
8770,15007,496
8770,15007,496
8770,15007,496
8770,15007,496
8770,15007,496
8770,15007,496
8770,15007,496
8770,15007,496
8770,15007,496
8770,15007,496
8770,15007,496
8770,15007,496
8770,15007,496
8770,15007,496
8770,15007,496
8770,15007,496
8770,15007,496
8770,15007,496
8941,17028,496
8941,17028,496
8941,17028,496
8941,17028,496
8941,17028,496
8941,17028,496
8941,17028,496
8941,17028,496
8941,17028,496
8941,17028,496
8941,17028,496
8941,17028,496
8941,17028,496
8941,17028,496
8941,17028,496
8941,17028,496
8941,17028,496
8941,17028,496
8941,17028,496
8941,17028,496
8941,17028,496
8941,17028,496
8941,17028,496
8941,17028,496
8941,17028,496
8941,17028,496
8941,17028,496
8941,17028,496
8941,17028,496
8941,17028,496
8941,17028,496
8941,17028,496
8941,17028,496
8941,17028,496
8941,17028,496
8941,17028,496
8941,17028,496
8941,17028,496
8941,17028,496
8941,17028,496
8941,17028,496
8941,17028,496
8941,17028,496
8941,17028,496
8941,17028,496
8941,17028,496
8941,17028,496
8941,17028,496
8941,17028,496
8941,17028,496
8941,17028,496
8941,17028,496
8941,17028,496
8941,17028,496
8941,17028,496
8941,17028,496
8941,17028,496
8941,17028,496
9765,7577,496
10215,8274,496
7577,10215,497
7897,11443,497
8236,14051,497
8236,14085,497
8236,14085,497
8770,14502,497
8770,14502,497
8770,14502,497
8770,14502,497
8770,14502,497
8770,14502,497
8770,14502,497
8770,14502,497
8770,14502,497
8770,15007,497
8770,15007,497
8770,15007,497
8770,22601,497
8882,11824,497
8882,15828,497
8882,15828,497
8882,15828,497
8882,15828,497
8882,15828,497
8882,15828,497
8882,15828,497
8882,15828,497
8882,15828,497
8882,15828,497
8882,15828,497
8882,18909,497
10215,8274,497
8235,2405,498
8235,11237,498
8235,11443,498
8236,14051,498
8274,11443,498
8770,15007,498
8770,15007,498
8770,15007,498
8770,18452,498
8770,18452,498
8770,18452,498
8770,18452,498
8770,18452,498
8770,18452,498
8770,18452,498
8770,18452,498
8941,17028,498
8941,17028,498
8941,17028,498
8941,17028,498
8941,17028,498
8941,17028,498
8941,17028,498
8941,17028,498
8941,17028,498
8941,17028,498
8941,17028,498
8941,17028,498
8941,17028,498
8941,17028,498
8941,17028,498
8941,17028,498
8941,17028,498
8941,17028,498
8941,17028,498
8941,17028,498
8941,17028,498
8941,17028,498
8941,17028,498
8941,17028,498
8941,17028,498
8941,17028,498
8941,17028,498
8941,17028,498
8941,17028,498
8941,17028,498
8941,17028,498
8941,17028,498
8941,17028,498
8941,17028,498
8941,17028,498
8941,17028,498
8941,17028,498
8941,17028,498
8941,17028,498
8941,17028,498
8941,17028,498
8941,17028,498
8941,17028,498
8941,17028,498
8941,17028,498
8941,17028,498
8941,17028,498
8941,17028,498
8941,17028,498
8941,17028,498
8941,17028,498
8941,17028,498
8941,17028,498
8941,17028,498
8941,17028,498
8941,17028,498
8941,17028,498
8941,17028,498
7577,2538,499
7607,2538,499
7897,2538,499
8235,2405,499
8235,10215,499
8236,11443,499
8770,12096,499
8770,13934,499
8770,14085,499
8770,14085,499
8770,14085,499
8770,14740,499
8770,18170,499
8770,18170,499
8770,18170,499
8770,18170,499
8770,18170,499
8770,18170,499
8770,18170,499
8770,18170,499
8770,18170,499
8770,18170,499
8770,18170,499
8770,18170,499
8770,18170,499
8770,18170,499
8770,18170,499
8770,18170,499
8770,18170,499
8770,18170,499
8770,18170,499
8770,18170,499
8770,18170,499
8770,18170,499
8770,18170,499
8770,18170,499
8770,18170,499
8770,18170,499
8770,18170,499
8770,18170,499
8770,18170,499
8770,18170,499
8770,18170,499
8770,18170,499
8770,18170,499
8770,18919,499
8770,18919,499
8770,18919,499
8770,18919,499
8770,18919,499
8770,18919,499
8770,18919,499
8770,18919,499
8770,18919,499
8770,18919,499
8770,18919,499
8770,18919,499
8770,18919,499
8770,18919,499
8770,18919,499
8770,18919,499
8770,18919,499
8770,18919,499
8770,18919,499
8770,18919,499
8770,18919,499
8770,18919,499
8770,18919,499
8770,18919,499
8770,18919,499
8770,18919,499
8770,18919,499
8770,18919,499
8770,18919,499
8770,18919,499
8770,18919,499
8770,18919,499
8770,18919,499
8770,18919,499
8770,18919,499
8882,20377,499
8882,20377,499
8882,20377,499
8882,20377,499
8882,20377,499
8882,20377,499
8882,20377,499
8882,20377,499
8882,20377,499
8882,20377,499
8882,20377,499
8882,20377,499
8882,20377,499
8882,20377,499
8882,20377,499
8882,20377,499
9763,9764,499
7607,2538,500
8215,10215,500
8215,11101,500
8215,11237,500
8215,11394,500
8274,2405,500
8770,13934,500
8770,13934,500
8770,13934,500
8770,14080,500
8770,14085,500
8770,14085,500
8770,14085,500
8770,14085,500
8770,14085,500
8882,12617,500
8770,12096,501
8882,14545,501
8882,14545,501
8882,14545,501
8882,14545,501
8882,14545,501
8882,14545,501
8882,14545,501
8882,14545,501
8882,14545,501
8882,14545,501
8882,14545,501
8882,14545,501
8882,14545,501
8882,15828,501
8882,15828,501
8882,15828,501
8882,15828,501
8882,15828,501
8882,15828,501
8882,15828,501
8882,15828,501
8882,15828,501
8882,15828,501
8882,15828,501
8882,18909,501
8882,20377,501
8770,18622,502
7918,11101,503
8770,14763,503
8770,14763,503
8770,14763,503
8770,14763,503
8770,14763,503
8770,14763,503
8770,14763,503
8770,14763,503
8770,14763,503
8770,14763,503
8770,14763,503
8770,14763,503
8770,14763,503
8770,14763,503
8770,14763,503
8770,14763,503
8770,14763,503
8770,14763,503
8770,14763,503
8770,14763,503
8770,14763,503
8770,14763,503
8770,14763,503
8770,14763,503
8770,14763,503
8770,14763,503
8770,14763,503
8770,14763,503
8770,14763,503
8770,14763,503
8770,14763,503
8770,14763,503
8770,14763,503
8770,14763,503
8770,14763,503
8770,14763,503
8770,14763,503
8770,14763,503
8770,14763,503
8770,14763,503
8770,14763,503
8770,14763,503
8770,14763,503
8770,14763,503
8770,14772,503
8941,22601,503
2405,7706,504
2405,7863,504
2405,8017,504
2405,8215,504
7863,11443,504
8017,11101,504
8215,11443,504
8236,2680,504
8236,2680,504
8236,2680,504
8236,2680,504
8236,2680,504
8236,2680,504
8236,2680,504
8236,2680,504
8236,2680,504
8236,2680,504
8236,2680,504
8236,2680,504
8236,2680,504
8236,2680,504
8236,21386,504
8236,21386,504
8236,21386,504
8770,14763,504
8770,14763,504
8770,14764,504
8770,14764,504
8770,14764,504
8770,14764,504
8770,14764,504
8770,14764,504
8770,14764,504
8770,14764,504
8770,14764,504
8770,14764,504
8770,14764,504
8770,14764,504
8770,14764,504
8770,14764,504
8770,14764,504
8770,14764,504
8770,14764,504
8770,14764,504
8770,14764,504
8770,14764,504
8770,14764,504
8770,14764,504
8770,14764,504
8770,14764,504
8770,14764,504
8770,14764,504
8770,14764,504
8770,14764,504
8770,14764,504
8770,14764,504
8770,14764,504
8770,14764,504
8770,14764,504
8770,14764,504
8770,14764,504
8770,14764,504
8770,14764,504
8770,14764,504
8770,14764,504
8770,14764,504
8770,14764,504
8770,14764,504
8770,14764,504
8770,14764,504
8770,23861,504
8882,15828,504
8882,15828,504
7577,9765,505
8941,12080,505
8941,12080,505
8941,12080,505
8941,12080,505
8941,12080,505
8941,12080,505
8941,12080,505
8941,12080,505
8941,12080,505
8941,12080,505
8941,12080,505
8941,12080,505
8941,12080,505
8941,12080,505
8941,12080,505
8941,12080,505
8941,12080,505
8941,12080,505
8941,12080,505
8941,12080,505
8941,12080,505
8941,12080,505
8941,12080,505
8941,12080,505
8941,12080,505
8941,12080,505
8941,12080,505
8941,12080,505
8327,3396,506
8327,3396,506
8327,3396,506
8327,3396,506
8327,3403,506
8327,3403,506
8327,3403,506
8327,3403,506
8327,3403,506
8327,3403,506
8327,3403,506
8327,3403,506
8327,3403,506
8327,3403,506
8327,3403,506
8327,12080,506
8327,12080,506
8327,12080,506
8327,12080,506
8327,12080,506
8327,12080,506
8327,12080,506
8327,12080,506
8327,12080,506
8327,12080,506
8327,12080,506
8327,12080,506
8327,12080,506
8327,12080,506
8327,12080,506
8327,12080,506
8327,12080,506
8327,12080,506
8327,12080,506
8327,12080,506
8327,12080,506
8327,12080,506
8327,12080,506
8327,12080,506
8327,12080,506
8327,12080,506
8327,12080,506
8327,12080,506
8327,12080,506
8327,12080,506
8327,12080,506
8327,12080,506
8327,12080,506
8327,12080,506
8327,12080,506
8327,12080,506
8327,12080,506
8327,12080,506
8327,12080,506
8327,12080,506
8770,14764,506
8770,14764,506
8770,14764,506
8770,14764,506
8770,14764,506
8882,15829,506
8882,15829,506
8882,15829,506
8882,15829,506
8882,15829,506
8882,15829,506
8882,15829,506
8882,15829,506
8882,15829,506
8882,15829,506
8882,15829,506
8882,18909,506
10215,8215,506
8327,12080,507
8327,12080,507
8327,12080,507
8327,12080,507
8327,12080,507
8327,12080,507
8327,12080,507
8327,12080,507
8327,12080,507
8327,12080,507
8327,12080,507
8327,12080,507
8327,12080,507
8327,12080,507
8327,12080,507
8327,12080,507
8327,12080,507
8327,12080,507
8327,12080,507
8327,12080,507
8327,12080,507
8327,12080,507
8327,12080,507
8327,12080,507
8327,12080,507
8770,14763,507
8770,14764,507
8770,14764,507
8770,14764,507
8770,14764,507
8770,14764,507
8770,14764,507
8770,14764,507
8770,14764,507
8770,14764,507
8770,14764,507
8770,14764,507
8770,14764,507
8770,14764,507
8770,14764,507
8770,14764,507
8770,14764,507
8770,14764,507
8770,14764,507
8770,14764,507
8770,14764,507
8770,14764,507
8770,14764,507
8770,14764,507
8941,21136,507
8941,21136,507
8941,21136,507
8941,21136,507
8941,21136,507
8941,21136,507
8941,21136,507
8941,21136,507
8941,21136,507
8941,21136,507
8941,21136,507
8941,21136,507
8941,21136,507
8941,21136,507
8941,21136,507
8941,21136,507
8941,21136,507
8941,21136,507
8941,21136,507
8941,21136,507
8941,21136,507
8941,21136,507
8941,21136,507
8941,21136,507
8941,21136,507
8941,21136,507
8941,21136,507
8941,21136,507
8017,2538,508
8770,14764,508
8882,15828,508
8882,15828,508
8941,21136,508
8941,21136,508
8941,21136,508
8941,21136,508
8941,21136,508
8941,21136,508
8941,21136,508
8941,21136,508
8941,21136,508
8941,21136,508
8941,21136,508
8941,21136,508
8941,21136,508
8941,21136,508
8941,21136,508
8941,21136,508
8941,21136,508
8941,21136,508
8941,21136,508
8941,21136,508
7577,9766,509
8327,2299,509
8327,2299,509
8327,2299,509
8327,2299,509
8770,4670,509
8770,4670,509
8770,4670,509
8770,4670,509
8770,4670,509
8770,4670,509
8770,4670,509
8770,4670,509
8770,4670,509
8770,4670,509
8770,4670,509
8770,4670,509
8770,4670,509
8770,4670,509
8770,4670,509
8770,4670,509
8770,4670,509
8770,4670,509
8770,4670,509
8770,4670,509
8770,4670,509
8770,4670,509
8770,4670,509
8770,4670,509
8770,4670,509
8770,4670,509
8770,4670,509
8770,4670,509
8770,4670,509
8770,4670,509
8770,4670,509
8770,4670,509
8770,4670,509
8770,4670,509
8770,4670,509
8770,4670,509
8770,4670,509
8770,4670,509
8770,4670,509
8770,4670,509
8770,4670,509
8882,18644,509
8882,18644,509
8882,18644,509
8882,18644,509
8882,18644,509
8882,18644,509
8882,18644,509
8882,18644,509
8882,18644,509
8882,18644,509
8882,18644,509
8882,18644,509
8882,18644,509
8882,18644,509
8941,750,509
8941,21136,509
8941,21136,509
8941,21136,509
8941,21136,509
8941,21136,509
8941,21136,509
8941,21136,509
8941,21136,509
8941,21136,509
8941,21136,509
8941,21136,509
8941,21136,509
8941,21136,509
8941,21136,509
8941,21136,509
8941,21136,509
8941,21136,509
8941,21136,509
9763,9764,509
7706,13934,510
7706,14085,510
7706,14085,510
7706,14085,510
8236,18032,510
8236,18032,510
8236,18032,510
8327,10470,510
8327,10470,510
8327,10470,510
8327,18788,510
8327,18790,510
8770,4670,510
8770,4670,510
8770,4670,510
8770,4670,510
8770,4670,510
8770,4670,510
8770,4670,510
8770,4670,510
8770,4670,510
8770,4670,510
8770,4670,510
8770,4670,510
8770,23862,510
8770,23862,510
8770,23862,510
8770,23862,510
8770,23862,510
8882,18644,510
8882,18644,510
8882,18644,510
8882,18644,510
8882,18644,510
8882,18644,510
8882,18644,510
8882,18644,510
8882,18644,510
8882,18644,510
8882,18644,510
8882,18644,510
8941,21136,510
8941,21136,510
8941,21136,510
8941,21136,510
8941,21136,510
8941,21136,510
8941,21136,510
8941,21136,510
8941,21136,510
8941,21136,510
8941,21136,510
8941,21136,510
8941,21136,510
8941,21136,510
8941,21136,510
8941,21136,510
8941,21136,510
8941,21136,510
8941,21136,510
8941,24038,510
8941,24038,510
8941,24038,510
7706,13934,511
7706,14085,511
7706,14085,511
7706,14085,511
7706,14089,511
7706,14089,511
8327,10471,511
8327,10471,511
8327,10471,511
8770,4670,511
8770,4670,511
8770,4670,511
8770,4670,511
8770,4670,511
8770,4670,511
8770,4670,511
8770,4670,511
8770,4670,511
8770,4670,511
8770,4670,511
8770,4670,511
8770,4670,511
8770,4670,511
8770,4670,511
8770,4670,511
8770,4670,511
8770,4670,511
8770,4670,511
8770,4670,511
8770,4670,511
8770,4670,511
8770,4670,511
8770,4670,511
8770,4670,511
8770,4670,511
8770,4670,511
8770,4670,511
8770,4670,511
8770,4670,511
8770,4670,511
8770,4670,511
8770,4670,511
8770,4670,511
8770,4670,511
8770,4670,511
8770,4670,511
8770,4670,511
8770,4670,511
8770,4670,511
8770,4670,511
8770,19791,511
8882,11946,511
8882,23631,511
8882,23631,511
8882,23631,511
8882,23631,511
8882,23631,511
8882,23631,511
8882,23631,511
8882,23631,511
8882,23631,511
8882,23631,511
8882,23631,511
8882,23631,511
8882,23631,511
8882,23631,511
8882,23631,511
8882,23631,511
8882,23631,511
8882,23631,511
8882,24251,511
8941,21136,511
8941,21136,511
8941,21136,511
8941,21136,511
8941,21136,511
8941,21136,511
8941,21136,511
8941,21136,511
8941,21136,511
8941,21136,511
8941,21136,511
8941,21136,511
8941,21136,511
8941,21136,511
8941,21136,511
8941,21136,511
8941,21136,511
8941,21136,511
7706,2595,512
7706,2595,512
7706,2595,512
7706,2595,512
7706,2595,512
7706,2595,512
7706,2595,512
7706,2595,512
7706,2595,512
7706,2595,512
7706,2595,512
7706,2595,512
7706,2595,512
7706,2595,512
8327,10470,512
8327,10470,512
8327,10470,512
8770,4670,512
8770,4670,512
8770,4670,512
8770,4670,512
8770,4670,512
8770,4670,512
8770,4670,512
8770,4670,512
8770,4670,512
8770,4670,512
8770,4670,512
8770,4670,512
8770,4670,512
8770,4670,512
8770,4670,512
8770,4670,512
8770,4670,512
8770,4670,512
8770,4670,512
8770,4670,512
8770,4670,512
8770,4670,512
8770,4670,512
8770,4670,512
8770,4670,512
8770,4670,512
8770,4670,512
8770,4670,512
8770,4670,512
8770,4670,512
8770,4670,512
8770,4670,512
8770,4670,512
8770,4670,512
8770,4670,512
8770,4670,512
8770,4670,512
8770,4670,512
8770,4670,512
8770,4670,512
8770,4670,512
8770,4670,512
8770,4670,512
8882,11946,512
7577,2405,513
7706,2595,513
7751,2538,513
7863,11443,513
8941,2299,513
8941,2299,513
8941,2299,513
8941,2299,513
8941,2299,513
8941,2299,513
8941,2299,513
8941,2299,513
8941,2299,513
8941,2299,513
8941,2299,513
8941,2299,513
8941,2299,513
8941,2299,513
8941,2299,513
8941,2299,513
8941,2299,513
8941,2299,513
8941,2299,513
8941,2299,513
8941,2299,513
8941,2299,513
8941,2299,513
9765,7577,513
10851,7607,513
2538,7863,514
7577,2538,514
7577,11394,514
7607,2405,514
7706,2680,514
7706,2680,514
7706,2680,514
7706,2680,514
7706,2680,514
7706,2680,514
7706,2680,514
7706,2680,514
7706,2680,514
7706,2680,514
7706,2680,514
7706,2680,514
7706,2680,514
7706,2680,514
8117,11394,514
8327,10470,514
8327,10470,514
8327,10470,514
8770,4391,514
8770,4391,514
8770,4391,514
8770,4391,514
8770,4391,514
8770,4391,514
8770,4391,514
8770,4391,514
8770,4391,514
8770,4391,514
8770,4391,514
8770,4391,514
8770,4391,514
8770,4391,514
8770,4391,514
8770,4391,514
8770,4391,514
8770,4391,514
8770,4391,514
8770,4391,514
8770,4391,514
8770,4391,514
8770,4391,514
8770,4391,514
8770,4391,514
8770,4391,514
8770,4391,514
8770,4391,514
8770,4391,514
8770,17194,514
8770,17195,514
8882,23631,514
8882,23631,514
8882,23631,514
8882,23631,514
8882,23631,514
8882,23631,514
8882,23631,514
8882,23631,514
8882,23631,514
8882,23631,514
8882,23631,514
8882,23631,514
8882,23631,514
8882,23631,514
8882,23631,514
8882,23631,514
8882,23631,514
8882,23631,514
8882,23631,514
8882,23631,514
8882,23631,514
8882,23631,514
8882,23631,514
8882,23631,514
8882,24251,514
8941,2299,514
8941,2299,514
8941,2299,514
8941,2299,514
8941,2299,514
8941,2299,514
8941,2299,514
8941,2299,514
8941,2299,514
8941,2299,514
8941,2299,514
8941,2299,514
8941,2299,514
11394,7706,514
11394,8117,514
7706,1761,515
7706,1761,515
7706,1761,515
7706,1761,515
7706,1761,515
7706,1761,515
7706,1761,515
7706,1761,515
7706,1761,515
7706,1761,515
7706,1761,515
7706,1761,515
7706,1761,515
7706,1761,515
7706,1761,515
7706,1761,515
7706,1761,515
7706,1761,515
7706,1761,515
7706,1761,515
7706,1761,515
7706,1761,515
7706,1761,515
7706,1761,515
7706,1761,515
7706,1761,515
7706,1761,515
7706,1761,515
7706,1761,515
7706,1761,515
7706,1761,515
7706,1761,515
7706,1761,515
7706,1761,515
7706,1761,515
7706,1761,515
7706,1761,515
7706,1761,515
7706,1761,515
7706,1761,515
7706,1761,515
7706,1761,515
7706,1761,515
7706,1761,515
7706,1761,515
7706,1761,515
7706,1761,515
8770,4391,515
8770,4391,515
8770,4391,515
8770,4391,515
8770,4391,515
8770,4391,515
8770,4391,515
8770,4391,515
8770,4391,515
8770,4391,515
8770,4391,515
8770,4391,515
8770,4391,515
8770,4391,515
8770,4391,515
8770,4391,515
8770,4391,515
8770,4391,515
8770,4391,515
8770,4391,515
8770,4391,515
8770,4391,515
8770,4391,515
8770,4391,515
8770,4391,515
8882,23631,515
8882,23631,515
8882,23631,515
8882,23631,515
8882,23631,515
8882,23631,515
8882,23631,515
8882,23631,515
8882,23631,515
8882,23631,515
8882,23631,515
8882,23631,515
8882,23631,515
8882,23631,515
8882,23631,515
8882,24259,515
8941,15669,515
8941,15670,515
8941,15670,515
8941,15670,515
8941,15670,515
8941,15670,515
7706,1761,516
7706,1761,516
7706,1761,516
7706,1761,516
7706,1761,516
7706,1761,516
7706,1761,516
7706,1761,516
7706,1761,516
7706,1761,516
7706,1761,516
7706,1761,516
7706,1761,516
7706,1761,516
7751,2538,516
8236,2538,516
8770,4391,516
8770,4391,516
8770,4391,516
8770,4391,516
8770,4391,516
8882,23631,516
8882,23631,516
8882,23631,516
8882,23631,516
8882,23631,516
8882,23631,516
8882,23631,516
8882,23631,516
8882,23631,516
8882,23631,516
8882,24259,516
7577,11443,517
7706,1761,517
7706,1761,517
7706,1761,517
7706,1761,517
7706,1761,517
7706,1761,517
7706,1761,517
7706,1761,517
7706,1761,517
7706,1761,517
7706,1761,517
7706,1761,517
7706,1761,517
7706,1761,517
7706,22601,517
7918,11394,517
8117,11443,517
8327,18170,517
8327,18170,517
8327,18170,517
8327,18170,517
8327,18170,517
8327,18170,517
8327,18170,517
8327,18170,517
8327,18170,517
8327,18170,517
8327,18170,517
8327,18170,517
8327,18170,517
8327,18170,517
8327,18170,517
8327,18170,517
8327,18170,517
8327,18170,517
8327,18170,517
8327,18170,517
8327,18170,517
8327,18170,517
8327,18170,517
8327,18170,517
8327,18170,517
8327,18170,517
8327,18170,517
8327,18170,517
8327,18170,517
8327,18170,517
8327,18170,517
8327,18170,517
8327,18170,517
8770,4391,517
8770,4391,517
8770,4391,517
11443,8117,517
7577,10215,518
7706,13934,518
7706,14085,518
7706,14085,518
7706,14085,518
7897,10658,518
8327,12618,518
8327,12618,518
8882,23631,518
8882,23631,518
8882,23631,518
8882,23631,518
8882,23631,518
8882,23631,518
8882,23631,518
8882,23631,518
8882,23631,518
8882,23631,518
8882,24259,518
10215,8215,518
11443,7863,518
9763,9764,519
10215,8215,519
8327,21136,520
8327,21136,520
8327,21136,520
8327,21136,520
8327,21136,520
8327,21136,520
8327,21136,520
8327,21136,520
8327,21136,520
8327,21136,520
8327,21136,520
8327,21136,520
8327,21136,520
8327,21136,520
8327,21136,520
8327,21136,520
8327,21136,520
8327,21136,520
8327,21136,520
8327,21136,520
8327,21136,520
8327,21136,520
8327,21136,520
8327,21136,520
8327,21136,520
8327,21136,520
8327,21136,520
8327,21136,520
8770,2934,520
8770,4391,520
8770,4391,520
8770,4391,520
8770,4391,520
8770,4391,520
8770,9736,520
8770,9736,520
8770,9736,520
8770,9736,520
8770,9736,520
8770,9736,520
8770,9736,520
8770,9736,520
8770,9736,520
8770,9736,520
8770,9736,520
8770,9736,520
8770,9736,520
8770,14572,520
7577,9765,521
7706,13934,521
7706,14085,521
7706,14085,521
7706,14085,521
7751,11443,521
8327,21136,521
8327,21136,521
8327,21136,521
8327,21136,521
8327,21136,521
8327,21136,521
8327,21136,521
8327,21136,521
8327,21136,521
8327,21136,521
8327,21136,521
8327,21136,521
8327,21136,521
8327,21136,521
8327,21136,521
8327,21136,521
8327,21136,521
8327,21136,521
8327,21136,521
8327,21136,521
8327,21136,521
8770,9736,521
8770,9736,521
8770,9736,521
8770,9736,521
8770,9736,521
8770,9736,521
8770,9736,521
8882,685,521
8882,685,521
8882,685,521
8882,685,521
8882,685,521
8882,685,521
8882,685,521
8882,685,521
8882,685,521
8882,685,521
8882,685,521
8882,685,521
8882,685,521
8882,685,521
8882,685,521
8882,9495,521
8882,9495,521
8882,9495,521
8882,9495,521
8882,9495,521
8882,9495,521
8882,9495,521
8882,9495,521
8882,23631,521
8882,23631,521
8882,23631,521
8882,23631,521
8882,23631,521
8882,23631,521
7706,19753,522
7706,19776,522
7706,19776,522
7751,2538,522
7765,11237,522
7918,11237,522
8235,2405,522
8327,21136,522
8327,21136,522
8327,21136,522
8327,21136,522
8327,21136,522
8327,21136,522
8327,21136,522
8327,21136,522
8327,21136,522
8327,21136,522
8327,21136,522
8327,21136,522
8327,21136,522
8327,21136,522
8327,21136,522
8327,21136,522
8327,21136,522
8770,9736,522
8770,9736,522
8770,9736,522
8770,9736,522
8770,9736,522
8770,9736,522
8770,9736,522
8770,9736,522
7706,19753,523
7706,19776,523
7706,19776,523
7706,19776,523
7706,19776,523
7706,19776,523
7706,19776,523
7706,19776,523
7706,19776,523
7706,19776,523
7706,19776,523
7706,19776,523
7706,19776,523
7706,19776,523
8327,21136,523
8327,21136,523
8327,21136,523
8327,21136,523
8327,21136,523
8327,21136,523
8327,21136,523
8327,21136,523
8327,21136,523
8327,21136,523
8327,21136,523
8327,21136,523
8327,21136,523
8327,21136,523
8327,21136,523
8327,21136,523
8327,21136,523
8327,21136,523
8327,21136,523
8327,21136,523
8327,21136,523
8327,21136,523
8327,21136,523
8327,21136,523
8327,21136,523
8327,21136,523
8327,21136,523
8327,21136,523
8882,685,523
8327,21136,524
8327,21136,524
8327,21136,524
8327,21136,524
8327,21136,524
8327,21136,524
8327,21136,524
8327,21136,524
8327,21136,524
8327,21136,524
8327,21136,524
8327,21136,524
8327,21136,524
8327,21136,524
8327,21136,524
8327,21136,524
8327,21136,524
8327,21136,524
8327,21136,524
8770,9736,524
8770,9736,524
8770,9736,524
8770,9736,524
8770,9736,524
8770,9736,524
8770,9736,524
8770,9736,524
8770,19471,524
8770,19471,524
8770,19471,524
8770,19471,524
8770,19471,524
8770,19471,524
8770,19471,524
8770,19471,524
8770,19471,524
8770,19471,524
8770,19471,524
8770,19471,524
8770,19471,524
8770,19471,524
8770,19471,524
8770,19471,524
8770,19471,524
8770,19471,524
8770,19471,524
8770,19471,524
8770,19471,524
8770,19471,524
8770,19471,524
8770,19471,524
7706,19776,525
7706,19776,525
7577,9766,526
7706,18098,526
7706,18098,526
7706,18098,526
7706,18098,526
7706,18098,526
7706,18098,526
7706,18098,526
7706,18098,526
7706,18098,526
7706,18098,526
7706,18098,526
7706,18098,526
7706,18098,526
7706,18098,526
7706,18098,526
7706,18098,526
7706,18098,526
7706,18098,526
7706,18098,526
7706,18098,526
7706,18098,526
7706,18098,526
7706,18098,526
7706,18098,526
7706,18098,526
7706,18098,526
7706,18098,526
7706,18098,526
7706,18098,526
7706,18098,526
7706,19776,526
7706,19776,526
7706,19776,526
7706,19776,526
7706,19776,526
7706,19776,526
7706,19776,526
7706,19776,526
7706,19776,526
7706,19776,526
7706,19776,526
7706,19776,526
7706,19776,526
7706,19776,526
7706,19776,526
7706,19776,526
7706,19776,526
8017,10215,526
8117,11443,526
8215,10215,526
8327,21136,526
8327,21136,526
8327,21136,526
8327,21136,526
8327,21136,526
8327,21136,526
8327,21136,526
8327,21136,526
8327,21136,526
8327,21136,526
8327,21136,526
8327,21136,526
8327,21136,526
8327,21136,526
8327,21136,526
8327,21136,526
8327,21136,526
8327,21136,526
8327,21136,526
8327,21136,526
8327,21136,526
8327,21136,526
8327,21136,526
8327,21136,526
8327,21136,526
8327,21136,526
8327,21136,526
8327,21136,526
2538,8215,527
7706,18098,527
7706,18098,527
7706,18098,527
7706,18098,527
7706,18098,527
7706,18098,527
7706,18098,527
7706,18098,527
7706,18098,527
7706,18098,527
7706,18098,527
7706,18098,527
7706,18098,527
7706,18098,527
7706,18098,527
7706,18098,527
7706,18098,527
7706,18098,527
7706,18098,527
7706,18098,527
7706,18098,527
7706,18098,527
7706,18098,527
7706,18098,527
7706,18098,527
7706,18098,527
7706,18098,527
7706,18098,527
7706,18098,527
7706,18098,527
7706,18098,527
7706,18098,527
7706,18432,527
7706,18432,527
7706,18432,527
7706,18432,527
7706,18432,527
7706,18432,527
7706,18432,527
7706,18432,527
7706,18432,527
7706,18432,527
7706,18432,527
7706,18432,527
7706,18432,527
7706,18432,527
7706,18432,527
7897,11237,527
8327,21136,527
8327,21136,527
8327,21136,527
8327,21136,527
8327,21136,527
8327,21136,527
8327,21136,527
8327,21136,527
8327,21136,527
8327,21136,527
8327,21136,527
8327,21136,527
8327,21136,527
8327,21136,527
8327,21136,527
8770,19472,527
8770,19472,527
8770,19472,527
8770,19472,527
8770,19472,527
8770,19472,527
10139,8215,527
7607,2405,528
7706,18169,528
7706,18169,528
7706,18169,528
7706,18169,528
7706,18169,528
7706,18169,528
7706,18169,528
7706,18169,528
7706,18169,528
7706,18169,528
7706,18169,528
7706,18169,528
7706,18169,528
7706,18169,528
7706,18169,528
7706,18169,528
7706,18169,528
7706,18169,528
7706,18169,528
7706,18169,528
7706,18169,528
7706,18169,528
7706,18169,528
7706,18169,528
7706,18169,528
7706,18169,528
7706,18169,528
7706,18169,528
7706,18169,528
7706,18169,528
7706,18169,528
7706,18169,528
7706,18169,528
7706,18432,528
7706,18433,528
8117,11443,528
8770,14667,528
8770,14667,528
8770,14667,528
8770,14667,528
8770,14667,528
8770,14667,528
8770,14667,528
8770,14667,528
8770,14667,528
8770,14667,528
8770,14667,528
8770,14667,528
8770,14667,528
8770,14667,528
8770,14667,528
8770,14667,528
8770,14667,528
8770,14667,528
8770,14667,528
8770,17031,528
8770,17031,528
8770,17031,528
8770,17031,528
8770,17031,528
8770,17031,528
8770,17031,528
8770,17031,528
8770,17031,528
8770,17031,528
8770,17031,528
8770,17031,528
8770,17031,528
8770,17031,528
8770,17031,528
8770,17031,528
8770,17031,528
8770,17031,528
8770,17031,528
8770,17031,528
8770,17031,528
8770,17031,528
8770,17031,528
8770,17031,528
8770,17031,528
8770,17031,528
8770,17032,528
8770,17032,528
9765,7577,528
11443,8117,528
7765,11237,529
8117,10215,529
8770,17031,529
8770,17031,529
8770,17031,529
8770,17031,529
8770,17031,529
8770,17031,529
8770,17031,529
8770,17031,529
8770,17031,529
8770,17031,529
8770,17031,529
8770,17031,529
8770,17031,529
8770,17031,529
8770,17031,529
8770,17031,529
8770,17031,529
8770,17031,529
8770,17031,529
8770,17031,529
8770,17031,529
8770,17031,529
8770,17031,529
8770,17031,529
8770,17031,529
8770,17031,529
8770,17031,529
9763,9764,529
10215,8117,529
7706,18169,530
7706,18169,530
7706,18169,530
7706,18169,530
7706,18169,530
7706,18169,530
7706,18169,530
7706,18169,530
7706,18169,530
7706,15013,531
7706,15014,531
7706,18169,532
7706,18169,532
7706,18169,532
7706,18169,532
7706,18169,532
7706,18169,532
7706,18169,532
7706,18169,532
7706,18169,532
8235,11443,532
8327,21136,532
8327,21202,532
8327,21202,532
8327,21202,532
8327,21202,532
8327,21202,532
8327,21202,532
8327,21202,532
8327,21202,532
8327,21202,532
8327,21202,532
8327,21202,532
8327,21202,532
8327,21202,532
8327,21202,532
8327,21202,532
8327,21202,532
8327,21202,532
8327,21202,532
8327,21202,532
8327,21202,532
8327,21202,532
8327,21202,532
8327,21202,532
8327,21202,532
8327,21202,532
8327,21202,532
8327,21202,532
8327,21202,532
8327,21202,532
10139,8274,532
7577,11237,533
7706,18169,533
7706,18169,533
7706,18169,533
7706,18169,533
7706,18169,533
7706,18169,533
7706,18169,533
7706,18169,533
7706,18169,533
7706,18169,533
7706,18169,533
7706,18169,533
7706,18169,533
7897,10215,533
7897,10658,533
7897,11101,533
8327,14473,533
8327,14473,533
8327,14473,533
10851,7863,533
11237,7607,533
11237,7751,533
7577,10215,534
7706,21294,534
8770,17031,534
10215,7607,534
10215,8235,534
2405,7607,535
2405,7863,535
7577,2405,535
7577,11101,535
7607,10215,535
7706,9906,535
7706,9906,535
7706,9906,535
7706,9906,535
7706,9906,535
7706,9906,535
7706,9906,535
7706,9906,535
7706,9906,535
7706,9906,535
7706,9906,535
7706,9906,535
7706,9906,535
7706,9906,535
7706,9906,535
7706,9906,535
7706,9906,535
7706,9906,535
7706,9906,535
7706,9906,535
7706,9906,535
7706,12096,535
8327,23956,535
8327,23956,535
8327,23956,535
8327,23956,535
8327,23956,535
8327,23956,535
8327,23956,535
8327,23956,535
8327,23956,535
8327,23956,535
8327,23956,535
8770,14022,535
8770,14022,535
8770,18824,535
8770,18824,535
8770,18824,535
8770,18824,535
8770,18824,535
8770,18824,535
8770,18824,535
8770,18824,535
8770,18824,535
8770,18824,535
8770,18824,535
8770,18824,535
8770,18824,535
8770,18824,535
8770,18824,535
8770,18824,535
8770,18824,535
8770,18824,535
8770,18824,535
8770,18824,535
8770,18824,535
8770,18824,535
8770,18824,535
8770,18824,535
8770,18824,535
8770,18824,535
8770,18824,535
8770,18824,535
8770,18824,535
8770,18824,535
8770,18824,535
8770,18824,535
8770,18824,535
8770,18824,535
8770,18824,535
8770,18824,535
8770,18824,535
8770,18824,535
8770,18824,535
8770,18824,535
8770,18824,535
8770,18824,535
8770,18824,535
8770,18824,535
8770,18824,535
8770,18824,535
8770,18824,535
8770,18824,535
8770,18824,535
8770,18824,535
8770,18824,535
8770,18824,535
8770,18824,535
8770,18824,535
8770,18824,535
8770,18824,535
8770,18824,535
8770,18824,535
8770,18824,535
8770,18824,535
8770,18824,535
8770,18824,535
8770,18824,535
8770,18824,535
8770,18824,535
8770,18824,535
8770,18824,535
8770,18824,535
8770,18824,535
8770,18824,535
8770,18824,535
8770,18824,535
8770,18824,535
8770,18824,535
8770,18824,535
8770,18824,535
8770,18824,535
8770,18824,535
8770,18824,535
8770,18824,535
8770,23862,535
8770,24370,535
8770,24370,535
8770,24370,535
8770,24370,535
8770,25308,535
8770,25309,535
8770,25310,535
8770,25310,535
8770,25312,535
11101,8215,535
7918,11443,536
7577,9765,537
8770,15733,537
8770,15744,537
8770,15744,537
8770,15744,537
8770,15744,537
8770,15744,537
8770,15744,537
8770,23916,537
8770,23916,537
11237,7607,537
11237,7918,537
7577,2538,538
7706,9906,538
7706,9906,538
7706,9906,538
7706,9906,538
7706,9906,538
7706,9906,538
7706,9906,538
7706,9906,538
7706,9906,538
7706,9906,538
7706,9906,538
7706,9906,538
7706,9906,538
7706,9906,538
7706,9906,538
7706,9906,538
7706,9906,538
7706,9906,538
7706,9906,538
7706,9906,538
7706,9906,538
7706,9906,538
7706,9906,538
7706,9906,538
7706,9906,538
7706,9906,538
7706,9906,538
7706,9906,538
7706,9906,538
7706,12096,538
7706,12096,538
7706,23887,538
7607,2405,539
7607,2538,539
8770,10518,539
8770,15744,539
8770,15744,539
8770,15744,539
8770,15744,539
8770,15744,539
8770,15744,539
8770,20161,539
8770,20161,539
8770,22652,539
8770,22652,539
8770,22652,539
8770,22652,539
8770,22652,539
8770,22652,539
8770,22652,539
8770,22652,539
8770,22652,539
8770,22652,539
8770,22652,539
8770,22652,539
8770,22652,539
8770,22652,539
8770,23916,539
8770,23917,539
9764,9763,539
8215,2405,540
8770,15597,540
8770,15600,540
8770,15601,540
8770,15601,540
8770,15601,540
8770,15601,540
8770,15601,540
8770,15601,540
8770,15601,540
8770,15601,540
8770,15601,540
8770,15601,540
8770,15601,540
8770,15601,540
8770,15601,540
8770,15601,540
8770,15601,540
8770,15601,540
8770,15601,540
8770,15601,540
8770,15601,540
8770,15601,540
8770,15601,540
8770,15601,540
8770,15601,540
8770,15601,540
8770,15601,540
8770,15601,540
8770,15601,540
8770,15602,540
8770,15602,540
8770,15602,540
8770,15602,540
8770,15602,540
8770,15602,540
8770,15602,540
8770,15602,540
8770,15602,540
8770,15602,540
8770,15602,540
8770,15602,540
8770,15602,540
8770,15602,540
8770,15602,540
8770,15602,540
8770,15602,540
8770,15602,540
8770,15604,540
8770,15609,540
8770,15609,540
8770,15609,540
8770,15609,540
8770,15609,540
8770,15609,540
8770,15609,540
8770,15609,540
8274,2538,541
8327,22602,541
8327,23884,541
8327,23884,541
8327,23884,541
8327,23886,541
8327,23886,541
8327,23886,541
8327,23886,541
8327,23886,541
8327,23886,541
8327,23886,541
8327,23886,541
8327,23886,541
8327,23886,541
8327,23886,541
8327,23886,541
8327,23886,541
8327,23886,541
8327,23886,541
8327,23886,541
8327,23886,541
8327,23886,541
8327,23886,541
8327,23886,541
8327,23886,541
8327,23886,541
8770,15597,541
8770,15600,541
8770,15601,541
8770,15601,541
8770,15601,541
8770,15601,541
8770,15601,541
8770,15601,541
8770,15601,541
8770,15601,541
8770,15601,541
8770,15601,541
8770,15601,541
8770,15601,541
8770,15601,541
8770,15601,541
8770,15601,541
8770,15601,541
8770,15601,541
8770,15601,541
8770,15601,541
8770,15601,541
8770,15601,541
8770,15601,541
8770,15601,541
8770,15601,541
8770,15601,541
8770,15601,541
8770,15601,541
8770,15602,541
8770,15602,541
8770,15602,541
8770,15602,541
8770,15602,541
8770,15602,541
8770,15602,541
8770,15602,541
8770,15602,541
8770,15602,541
8770,15602,541
8770,15602,541
8770,15602,541
8770,15602,541
8770,15602,541
8770,15602,541
8770,15602,541
8770,15602,541
8770,15604,541
8770,15604,541
8770,15604,541
8770,15604,541
8770,15604,541
8770,15604,541
8770,15604,541
8770,15604,541
8770,15604,541
8770,15604,541
8770,15609,541
8770,15609,541
8770,15609,541
8770,15609,541
8770,15609,541
8770,15609,541
8770,15609,541
8770,15609,541
8770,16806,541
11237,7897,541
7706,9906,542
7765,10215,542
7897,2595,542
7897,2595,542
7897,2595,542
7897,2595,542
7897,2595,542
7897,2595,542
7897,2595,542
7897,2595,542
7897,2595,542
7897,2595,542
7897,2595,542
8327,23884,542
8327,23884,542
8327,23884,542
8327,23886,542
8327,23886,542
8327,23886,542
8327,23886,542
8327,23886,542
8327,23886,542
8327,23886,542
7706,9904,543
7706,9904,543
7706,9904,543
7706,9904,543
7706,9904,543
7706,9904,543
7706,9904,543
7706,9904,543
7706,9904,543
7706,9904,543
7706,9904,543
7706,9904,543
7706,9904,543
7706,9904,543
7706,9904,543
7706,9904,543
7706,12096,543
7897,2060,543
7897,2060,543
7897,2060,543
8215,2538,543
8236,2538,543
8327,23884,543
8327,23884,543
8327,23884,543
8327,23884,543
8327,23884,543
8327,23884,543
8327,23884,543
8327,23884,543
8327,23884,543
8327,23884,543
8327,23884,543
8327,23884,543
8327,23884,543
8327,23884,543
8327,23884,543
8327,23884,543
8770,10518,543
8770,15604,543
8770,20161,543
8770,20161,543
8770,20161,543
8770,20161,543
8770,20161,543
8770,20161,543
8770,20161,543
8770,20161,543
8770,20161,543
8770,20161,543
8770,20161,543
8770,20161,543
8770,20161,543
8770,20161,543
8770,20161,543
8770,20161,543
8770,20161,543
8770,22652,543
8770,22652,543
8770,22652,543
8770,22652,543
8770,22652,543
8770,22652,543
8770,22652,543
8770,22652,543
8770,22652,543
8770,22652,543
8770,22652,543
8770,22652,543
8770,22652,543
8770,22652,543
7706,16811,544
7706,16811,544
7706,16811,544
7706,16811,544
7706,16811,544
7706,16811,544
7706,16811,544
7765,2538,544
7897,2060,544
7897,2060,544
7897,2060,544
7897,2060,544
8770,20161,544
7577,9766,545
7577,11443,545
7706,16811,545
7706,16811,545
7706,16811,545
7706,16811,545
7706,16811,545
7706,16811,545
7706,16811,545
7706,16811,545
7706,16811,545
7706,16811,545
7706,16811,545
7706,16811,545
7706,16811,545
7706,16811,545
7751,2405,545
8327,20954,545
8327,20954,545
8327,20954,545
8327,20954,545
8327,20954,545
8327,20954,545
8327,20954,545
8327,20954,545
8327,20954,545
8327,20954,545
8327,20954,545
8327,20954,545
8327,20954,545
8327,20954,545
8327,20954,545
8327,20954,545
8327,20954,545
8327,20954,545
8327,20954,545
8327,20954,545
8327,20954,545
8327,23884,545
9765,7577,545
11443,7863,545
7607,11237,546
7706,14427,546
7706,16811,546
7706,16811,546
7706,16811,546
7706,16811,546
7706,16811,546
7706,16811,546
7706,16811,546
7897,2060,546
7897,2060,546
7897,2060,546
7897,2060,546
7897,2060,546
7897,2060,546
7897,22601,546
8327,20954,546
8327,23884,546
8770,10518,546
8770,20161,546
8770,20161,546
8770,22652,546
8770,22652,546
8770,22652,546
8770,22652,546
8770,22652,546
8770,22652,546
8770,22652,546
8770,22652,546
8770,22652,546
8770,22652,546
8770,22652,546
8770,22652,546
8770,22652,546
8770,22652,546
10139,8235,546
7706,4398,547
7706,4398,547
7706,4398,547
7706,4398,547
7706,4398,547
7706,4398,547
7706,4398,547
7706,4398,547
7897,2060,547
7897,2060,547
7897,2060,547
7897,2060,547
7897,2060,547
7897,2060,547
8327,11712,547
8327,11712,547
8327,11712,547
8327,11712,547
8327,11712,547
8327,11712,547
8327,23884,547
8770,9936,547
8770,20162,547
8770,20162,547
8770,20162,547
8770,22652,547
8770,22652,547
8770,22652,547
8770,22652,547
7607,2405,548
7706,23983,548
7706,23983,548
7706,23983,548
7706,23983,548
7706,23983,548
7706,23983,548
8327,11712,548
8327,11712,548
8327,23884,548
8770,10518,548
8770,20161,548
8770,20161,548
8770,22652,548
8770,22652,548
8770,22652,548
8770,22652,548
8770,22652,548
8770,22652,548
8770,22652,548
8770,22652,548
8770,22652,548
8770,22652,548
8770,22652,548
8770,22652,548
8770,22652,548
8770,22652,548
9763,9764,549
10851,8215,549
8327,11712,550
8327,11712,550
8327,11712,550
8770,15744,551
8770,15744,551
8770,15744,551
8770,15744,551
8770,15744,551
8770,15744,551
8770,23916,551
8770,23917,551
7706,2538,552
7706,10658,552
7706,11101,552
8274,11443,552
8327,11712,552
8770,10518,552
8770,20161,552
8770,20161,552
8770,22652,552
8770,22652,552
8770,22652,552
8770,22652,552
8770,22652,552
8770,22652,552
8770,22652,552
8770,22652,552
8770,22652,552
8770,22652,552
8770,22652,552
8770,22652,552
8770,22652,552
8770,22652,552
7577,9765,553
8327,19766,553
8770,16227,553
8770,16227,553
8770,16227,553
8770,16227,553
8770,16227,553
8770,16227,553
7751,2405,554
8327,4442,554
8327,4442,554
8327,4442,554
8327,4442,554
8327,4442,554
8327,4442,554
8327,4442,554
8327,4442,554
8327,4442,554
8327,4442,554
8327,4442,554
8327,4442,554
8327,4442,554
8327,4442,554
8327,4442,554
8327,4442,554
8327,4442,554
8327,4442,554
8327,4442,554
8327,4442,554
8327,4442,554
8770,16227,554
8770,16227,554
8770,16227,554
8770,16227,554
8770,16227,554
8770,16227,554
8770,16227,554
7706,23983,555
7706,23983,555
7706,23983,555
7706,23983,555
7706,23983,555
7751,2538,555
8235,2538,556
8236,2538,556
8770,18198,556
8770,18198,556
8770,18198,556
8770,18198,556
8770,18198,556
8770,18198,556
8770,18198,556
8770,18198,556
8770,18198,556
7706,14947,557
7706,14947,557
7706,14947,557
7706,14947,557
7706,14947,557
7706,14947,557
7706,14947,557
7706,14947,557
7706,14947,557
7706,14947,557
7706,14947,557
7706,14948,557
7706,19911,557
7706,19911,557
7706,19911,557
7706,19911,557
7706,19911,557
7706,19911,557
7706,19911,557
7706,19911,557
7706,19911,557
7706,19911,557
7706,19911,557
7706,19911,557
7706,19911,557
7706,19911,557
7706,19911,557
7706,23983,557
7706,23983,557
7706,23983,557
7706,23983,557
7706,23983,557
7706,23983,557
8770,18313,557
8770,18313,557
8770,18313,557
8770,18313,557
8770,18313,557
8770,18313,557
8770,18313,557
8770,18313,557
8770,18313,557
8770,18313,557
8770,18313,557
8770,18313,557
8770,18313,557
8770,18313,557
8770,18313,557
8770,18313,557
8770,18313,557
8770,18313,557
8770,18313,557
8770,18313,557
8770,18313,557
8770,18313,557
8770,18313,557
8770,18313,557
8770,18313,557
8770,18313,557
8770,18313,557
8770,18313,557
8770,18313,557
8770,18313,557
8770,18313,557
8770,18313,557
8770,18313,557
7706,4670,558
7706,4670,558
7706,4670,558
7706,4670,558
7706,4670,558
7706,4670,558
7706,4670,558
7706,4670,558
7706,4670,558
7706,4670,558
7706,4670,558
7706,4670,558
7706,4670,558
7706,4670,558
7706,4670,558
7706,4670,558
7706,4670,558
7706,4670,558
7706,4670,558
7706,4670,558
7706,4670,558
7706,4670,558
7706,4670,558
7706,4670,558
7706,4670,558
7706,4670,558
7706,4670,558
7706,4670,558
7706,4679,558
7706,23815,558
8327,21261,559
8327,21261,559
8327,21261,559
8327,21261,559
8327,21261,559
8327,21261,559
8327,21261,559
8327,21261,559
9763,9764,559
7706,4670,560
7706,4670,560
7706,4670,560
7706,4670,560
7706,4670,560
7706,4670,560
7706,4670,560
7706,4670,560
7706,4670,560
7706,4670,560
7706,4670,561
7706,4670,561
7706,4670,561
7706,4670,561
7706,4670,561
7706,4670,561
8327,21261,561
8327,21261,561
8327,21261,561
8327,21261,561
8327,21261,562
8117,11237,563
7706,4669,564
7706,4670,564
7706,4670,564
7706,4670,564
7706,4670,564
7706,4676,564
7706,15855,564
7706,24244,564
7706,24824,564
7706,24824,564
7706,24824,564
7706,24824,564
7706,24824,564
7706,24824,564
7706,24824,564
7706,24824,564
8327,21261,565
8327,21261,565
8327,21261,565
8327,21261,565
8327,21261,565
8327,21261,565
8327,21261,565
8327,21261,565
8327,21261,565
8327,21261,565
8327,21261,565
8327,21261,565
8327,21261,565
8327,21261,565
8327,4522,566
8327,4522,566
8327,4522,566
8327,4522,566
8327,21261,566
8327,21261,566
8327,21261,566
8327,21261,566
8409,2299,566
8409,2299,566
8409,2299,566
8409,2299,566
8409,2299,567
8409,2299,567
8409,2299,567
8409,2299,567
8409,2299,567
8409,2299,567
8409,2299,567
8409,2299,567
8409,2299,567
8409,2299,567
8409,2299,567
8409,2299,567
8409,2299,567
8409,2299,568
8409,2299,568
8409,2299,568
8409,2299,568
7577,9765,569
8235,22601,569
8327,1739,569
8327,1739,569
8327,1739,569
8327,1739,569
8327,4522,569
8327,18901,569
8409,2299,569
8409,2299,569
8409,2299,569
8409,2299,569
8409,2299,569
8409,2299,569
8409,2299,569
8409,2299,569
8409,2299,569
8409,2299,569
8409,2299,569
8409,2299,569
8409,2299,569
8409,2299,569
8409,2299,569
8409,18535,569
9763,9764,569
8409,2299,570
8409,2299,570
8409,2299,570
8409,2299,570
8409,2299,570
8409,2299,570
8409,2299,570
8409,2299,570
8409,2299,570
8409,2299,570
8409,2299,570
8409,2299,570
8409,2299,570
8409,2299,570
8409,2299,570
8409,2299,570
8409,2299,570
7577,9766,571
7918,11443,571
8235,14502,571
8235,14502,571
8235,14502,571
8235,14502,571
8235,14502,571
8235,14502,571
8235,14502,571
8235,14502,571
8235,14502,571
8235,14502,571
8235,14502,571
8235,14502,571
8235,14502,571
8235,14502,571
8235,14502,571
8235,14502,571
8235,20152,571
8235,24480,571
8235,24480,571
8235,24480,571
8235,24480,571
8235,24480,571
8235,24481,571
8235,24481,571
8235,24481,571
8235,24481,571
8327,1739,571
8327,1739,571
8327,1739,571
8327,1739,571
7577,11394,572
9765,7577,572
11394,8274,572
8235,22652,573
8235,22652,573
8235,22652,573
8235,22652,573
8235,22652,573
8235,22652,573
8235,22652,573
8235,22652,573
8235,22652,573
8235,22652,573
8235,22652,573
8235,22652,573
8235,22652,573
8235,22652,573
8235,22652,573
8327,1739,573
10851,8017,573
8235,22652,574
8235,22652,574
8235,22652,574
8235,22652,574
8235,22652,574
8235,22652,574
8235,22652,575
8235,22652,575
8235,22652,575
8235,22652,575
8235,22652,575
8235,22652,575
8235,22652,575
8235,22652,575
8327,17560,576
8327,17560,576
8327,17560,576
8327,17560,576
8327,17560,576
8327,17560,576
8327,17560,576
8327,17560,576
8327,17560,576
8327,17560,576
8327,17560,576
8327,17560,576
8327,17560,576
8327,17561,576
8327,17561,576
8235,2299,577
8235,2299,577
8235,2299,577
8235,2299,577
8235,11443,577
8235,22652,577
8235,22652,577
8235,22652,577
8235,22652,577
8235,22652,577
8235,22652,577
8235,22652,577
8235,22652,577
8235,22652,578
8235,22652,578
8235,22652,578
8235,22652,578
8235,22652,578
8235,22652,578
8235,22652,578
8235,22652,578
9763,9764,578
8235,22652,579
8235,22652,579
8235,22652,579
8235,22652,579
8235,22652,579
8235,22652,579
8235,22652,579
8235,22652,579
8235,14555,580
8235,14555,580
8235,14555,580
8235,14555,580
8235,14555,580
8235,14555,580
8235,14555,580
7577,9765,581
8235,14555,581
8235,14740,582
8235,14740,582
8235,14740,582
8235,14740,582
8235,14740,582
8235,14740,582
8235,14740,582
8235,14740,582
8235,14740,582
8235,14740,582
8235,14740,582
8235,14740,582
8235,14740,582
9763,9764,583
8215,18551,584
8215,18551,584
8215,18551,584
8215,18551,584
8215,18551,584
8215,18551,584
8215,18551,584
8215,18551,584
8215,18551,584
8215,18551,584
8215,18551,584
8215,18551,584
8215,18551,584
8215,18551,584
8215,18551,584
8215,18551,584
8215,18551,584
8215,18551,584
8215,18551,585
8215,18142,586
8215,18142,586
8215,18142,586
8215,18142,586
8215,18142,586
8215,18142,586
8215,18142,586
8215,18142,586
8215,18142,586
8215,18142,586
8215,18142,586
8215,18142,586
8215,18142,586
8215,18142,586
8215,18142,586
8215,18142,586
8215,18142,586
8215,18142,586
8215,18142,586
8215,18142,586
8215,18142,586
9763,9764,586
7577,9765,587
8215,2595,588
8215,2595,588
8215,2595,588
8215,2595,588
8215,2595,588
8215,2595,588
8215,2595,588
8215,2595,588
8215,2595,588
8215,2595,588
8215,2595,588
8215,18142,588
8215,18142,588
8215,18142,588
8215,18142,588
8215,18142,588
8215,18142,588
8215,18142,588
8215,18142,588
8215,18142,588
8215,18142,588
8215,18142,588
8215,18142,588
8215,18142,588
8215,18142,588
8215,18142,588
8215,18142,588
8215,18142,588
8215,18142,588
8215,18142,588
8215,18142,588
8215,18142,588
8215,18142,588
8215,18142,588
8215,18142,588
8215,18142,588
8215,18142,588
8215,18142,588
8215,18142,588
8215,18142,588
8215,18142,588
8215,18142,588
8215,18142,588
8215,18142,588
8215,18142,588
8215,18142,588
8215,18142,588
8215,18142,588
8215,18142,588
8215,18142,588
8215,18142,588
8215,18142,589
8215,18142,589
8215,18142,589
8215,18142,589
8215,18142,589
8215,18142,589
8215,18142,589
8215,18142,589
8215,18142,589
8215,18142,589
8215,18142,589
8215,18142,589
8215,18142,589
8215,18142,589
8215,18142,589
8215,18142,589
8215,18142,589
8215,18142,589
8215,18142,589
8215,18142,589
8215,18142,589
8215,18170,589
8215,18170,589
8215,18170,589
8215,18170,589
8215,18170,589
8215,18170,589
8215,18170,589
8215,18170,589
8215,18170,589
8215,18170,589
8215,18170,589
8215,18170,589
8215,18170,589
8215,18170,589
8215,18170,589
8215,18170,589
8215,18170,589
8215,18170,589
8215,18170,589
8215,18170,589
8215,18170,589
8215,18170,589
8215,18170,589
8215,18170,589
8215,18170,589
8215,18170,589
8215,18170,589
8215,18170,589
8215,18170,589
8215,18170,589
8215,18170,589
8215,18170,589
8215,18170,589
8215,18170,589
8215,18170,589
8215,18170,589
8215,18170,589
8215,18170,589
8215,18170,589
8215,18170,589
8215,18170,589
8215,18170,589
8215,18170,589
8215,18170,589
8215,18170,589
8556,11394,589
9765,7577,589
8215,18142,590
8215,18187,590
8215,18187,590
7577,9766,591
8215,17366,591
8215,17366,591
8215,17366,591
8215,17366,591
8215,17366,591
7751,13934,592
7751,14085,592
7751,14085,592
7751,14085,592
8215,20675,592
8215,23767,592
8215,23831,592
8215,23831,592
8215,23831,592
8215,23831,592
8215,23831,592
8215,23831,592
8215,23831,592
8215,23831,592
8215,23831,592
8215,23831,592
8215,23831,592
8215,23831,592
8215,23831,592
8215,23831,592
8215,23831,592
7751,13934,593
7751,13940,593
7751,13940,593
7751,14085,593
7751,14085,593
7751,14085,593
7751,15426,593
7751,15426,593
8215,9738,593
8215,9738,593
8215,9738,593
8215,9738,593
8215,9738,593
8215,9738,593
8215,9738,593
8215,9738,593
8215,9738,593
8215,11551,593
8215,11551,593
8215,11551,593
8962,10139,593
7751,2680,594
7751,2680,594
7751,2680,594
7751,2680,594
7751,2680,594
7751,2680,594
7751,2680,594
7751,2680,594
7751,2680,594
7751,2680,594
7751,2680,594
7751,2680,594
7751,2680,594
7751,2680,594
7751,2680,594
7751,2680,594
7751,2680,594
7751,2680,594
7751,2680,594
7751,2680,594
7751,2680,594
7751,2680,594
7751,2680,594
7751,2680,594
7751,2680,594
7751,2680,594
9763,9764,594
7751,2680,595
7751,2680,595
7751,2680,595
7751,2680,595
7751,2680,595
7751,2680,595
7751,2680,595
7751,2680,595
7751,2680,595
7751,2680,595
7751,2680,595
7751,2680,595
7751,2680,595
7751,2680,595
7751,2680,595
7751,2680,595
7751,2680,595
7751,2680,595
7751,2680,595
7751,2680,595
7751,2680,595
7751,2680,595
7751,2680,595
7751,2680,595
7751,2680,595
7751,2696,595
7751,2696,595
7751,2696,595
7751,2696,595
7751,2696,595
7751,2696,595
7751,2696,595
7751,2696,595
7751,2696,595
7751,2696,595
7751,2696,595
7751,2696,595
7751,2696,595
7751,2696,595
7751,2696,595
7751,2696,595
7751,2696,595
7751,2696,595
7751,2696,595
8215,9738,595
8215,9741,595
8215,9741,595
8215,9741,595
8215,9741,595
8215,9741,595
8215,9741,595
7751,2680,596
7751,2680,596
7751,2680,596
7751,2680,596
7751,2680,596
7751,2680,596
7751,2680,596
7751,2680,596
7751,2680,596
7751,2680,596
7751,2680,596
7751,2680,596
7751,2680,596
7751,2680,596
7751,14502,596
7751,14502,596
7751,14502,596
7751,14502,596
7751,14502,596
7751,14502,596
7751,14502,596
7751,14502,596
7751,2680,597
7751,2680,597
7751,2680,597
7751,2680,597
7751,2680,597
7751,2680,597
7751,2680,597
7751,2680,597
7751,2680,597
7751,2680,597
7751,2680,597
7751,2680,597
7751,3055,597
7751,3055,597
7751,3055,597
7751,3055,597
7751,3055,597
7751,3055,597
7751,3055,597
8215,9738,597
8215,9738,597
8215,9738,597
8215,9738,597
8215,9738,597
8215,9738,597
8215,9738,597
8215,9738,597
8215,9738,597
8215,9738,597
8215,9741,597
8215,9741,597
8215,9741,597
7751,3055,598
7751,3055,598
7751,3055,598
7751,3055,598
7751,3055,598
7751,3055,598
7751,3055,598
7751,3055,598
7751,3055,598
7751,3055,598
7751,3055,598
7751,3055,598
7751,3055,598
7751,3055,598
7751,3055,598
7751,3055,598
7751,3055,598
7751,3055,598
7751,3055,598
7751,3055,598
7751,3055,598
7751,3055,598
7751,3055,598
7751,3055,598
7751,3055,598
7751,3055,598
7751,3055,598
7751,3055,598
7751,3055,598
7751,3055,598
7751,3055,598
7751,3055,598
7751,3055,598
7751,3055,598
7751,3055,598
7751,3055,598
7577,9765,599
9764,9763,600
7751,14502,601
7751,14502,601
7751,14502,601
7751,14502,601
7751,14502,601
7751,14502,601
7751,14502,601
7751,14502,601
8215,9741,601
8215,14501,601
8215,18536,601
7577,9766,602
7751,3060,602
7751,3060,602
7751,3060,602
7751,3060,602
7751,3060,602
7751,3060,602
7751,3060,602
7751,3060,602
7751,3060,602
7751,3060,602
7751,3060,602
7751,3060,602
7751,3060,602
7751,3060,602
7751,3060,602
7751,3060,602
7751,3060,602
7751,3071,602
7751,3071,602
7751,3071,602
7751,3071,602
7751,3071,602
7751,3071,602
7751,3071,602
7751,3071,602
7751,3071,602
7751,3071,602
7751,3071,602
7751,3071,602
7751,3071,602
7751,3071,602
7751,3071,602
7751,3071,602
7751,3071,602
7751,3071,602
7751,3071,602
7751,3071,602
7751,3071,602
7751,3071,602
7751,3071,602
7751,3071,602
7751,3071,602
7751,3071,602
7751,3071,602
7751,3071,602
7751,3071,602
7751,3071,602
8215,9741,602
8215,9741,602
8215,9741,602
8941,10851,602
9765,7577,602
8882,12096,603
8882,12096,603
8882,12096,603
8882,12096,603
8882,12096,603
8882,14366,603
8882,14366,603
8882,14366,603
8882,14366,603
8882,25337,603
8882,25337,603
8882,25337,603
8882,25337,603
8882,25337,603
8882,25337,603
8882,25337,603
7751,3060,604
7751,3060,604
7751,3060,604
7751,3060,604
7751,3060,604
7751,3060,604
7751,3060,604
7751,3060,604
7751,3060,604
7751,3060,604
7751,3060,604
7751,3060,604
7751,3060,604
7751,3060,604
7751,3060,604
7751,3060,604
7751,3060,604
7751,11543,604
7751,11543,604
8882,18535,604
8882,25337,604
7751,3060,605
7751,3060,605
7751,3060,605
7751,3060,605
7751,3060,605
7751,3060,605
7751,3060,605
7751,3060,605
7751,3060,605
7751,3060,605
7751,3060,605
7751,3060,605
7751,3060,605
7751,3060,605
7751,3060,605
7751,3060,605
7751,3060,605
7751,3060,605
7751,3060,605
7751,3060,605
7751,3060,605
7751,3060,605
7751,3060,605
7751,3060,605
8882,12096,605
8882,25337,605
8882,25337,605
8882,25337,605
8882,25337,605
8882,25337,605
8882,25337,605
8882,25337,605
8882,12096,606
8882,25337,606
8882,25337,606
8882,25337,606
8882,25337,606
8882,25337,606
8882,25337,606
8882,25337,606
8882,25337,606
7751,2299,607
7751,2299,607
7751,2299,607
7751,2299,607
7751,2299,607
7751,2299,607
7751,2299,607
7751,2299,607
7751,2299,607
7751,2299,607
7751,2299,607
7751,2299,607
7751,2299,607
7751,2299,607
7751,2299,607
7751,2299,607
7751,2299,607
8215,14667,607
8215,14667,607
8215,14667,607
8215,14667,607
8215,14667,607
8215,14667,607
8215,14667,607
8215,14667,607
8215,14667,607
8215,14667,607
8215,14667,607
8215,14667,607
8215,14667,607
8215,14667,607
8215,14667,607
8215,14667,607
8215,14667,607
8215,14667,607
8215,14667,607
8215,14667,607
8215,14667,607
8215,16101,607
8215,16101,607
8215,16101,607
8215,16101,607
8215,16101,607
8215,16101,607
8215,16101,607
8215,16101,607
8215,16101,607
8215,16101,607
8215,16101,607
8215,16101,607
8215,16101,607
8215,16101,607
8215,16101,607
8215,16101,607
8215,16101,607
8215,16101,607
8215,16101,607
8215,16101,607
8215,16101,607
8215,16101,607
8215,16101,607
8215,16101,607
8215,16101,607
8215,16101,607
8215,16101,607
8215,16101,607
8215,16101,607
8215,16101,607
8215,16101,607
8215,16101,607
8215,16101,607
8215,16101,607
8215,16101,607
8215,16101,607
8215,16101,607
8215,16101,607
8882,12096,607
8882,12096,607
8882,12096,607
8882,12096,607
8882,14366,607
8882,14366,607
8882,14366,607
8882,14366,607
8215,16099,608
8215,16099,608
8215,16101,608
8215,16101,608
8215,16101,608
8215,16101,608
8215,16101,608
8215,16101,608
8215,16101,608
8215,16101,608
8215,16101,608
8215,16101,608
8215,16101,608
8215,16101,608
8215,16101,608
8215,16101,608
8215,16101,608
8215,16101,608
8215,16101,608
8215,16101,608
8215,20677,608
8882,12096,608
8882,25337,608
8882,25337,608
8882,25337,608
8882,25337,608
8882,25337,608
8882,25337,608
8882,25337,608
7751,2299,609
7751,2299,609
7751,2299,609
7751,2299,609
7751,2299,609
7751,2299,609
7751,2299,609
7751,2299,609
7751,2299,609
7751,2299,609
7751,2299,609
7751,2299,609
7751,2299,609
7751,2299,610
7751,2299,610
7751,2299,610
7751,2299,610
7751,2299,610
7751,2299,610
7751,2299,610
7751,2299,610
7751,2299,610
7751,2299,610
7751,2299,610
7751,2299,610
7751,2299,610
9763,9764,610
8215,16101,611
8882,18170,611
8882,18170,611
8882,18170,611
8882,18170,611
8882,18170,611
8882,18170,611
8882,18170,611
8882,18170,611
8882,18170,611
8882,18170,611
8882,18170,611
8882,18170,611
8882,18170,611
8882,18170,611
8882,18170,611
8882,18170,611
8882,18170,611
8882,18170,611
8882,18170,611
8882,18170,611
8882,18170,611
8882,18170,611
8882,18170,611
8882,18170,611
8882,18170,611
8882,18170,611
8882,18170,611
8882,18170,611
8882,18170,611
8882,18170,611
8882,18170,611
8882,18170,611
8882,18170,611
8882,18170,611
8882,18170,611
8882,18170,611
8882,18170,611
8882,18170,611
8882,18170,611
8882,18170,611
8882,18170,611
8882,18170,611
8882,18170,611
8882,18170,611
8882,18170,611
8882,18170,611
8882,18170,611
8882,18170,611
8882,18170,611
8882,18170,611
8882,18170,611
8882,18170,611
8882,18170,611
8882,18170,611
8882,18170,611
8882,18170,611
8882,18170,611
8882,18170,611
8882,18170,611
8882,18170,611
7751,2061,612
7751,2061,612
7751,2277,612
7751,2277,612
7751,2277,612
7751,2299,612
7751,2299,612
7751,2299,612
7751,2299,612
7751,2299,612
7751,2299,612
7751,2299,612
7751,2299,612
7751,2299,612
7751,2299,612
7751,2299,612
7751,2299,612
7751,2299,612
8882,18170,612
8882,18170,612
8882,18170,612
8882,18170,612
8882,18170,612
8882,18170,612
8882,18170,612
8882,18170,612
8882,18170,612
8882,18170,612
8882,18170,612
8882,18170,612
8882,18170,612
7751,2061,613
7751,2061,613
8215,16099,613
8215,16099,613
8215,16101,613
8215,16101,613
8215,16101,613
8215,16101,613
8215,16101,613
8215,16101,613
8215,16101,613
8215,16101,613
8215,16101,613
8215,16101,613
8215,16101,613
8215,16101,613
8215,16101,613
8215,16101,613
8215,16101,613
8215,16101,613
8215,16101,613
8215,16101,613
8215,20677,613
7577,9765,614
7751,2061,614
7751,2061,614
8215,16101,614
8215,16101,614
8215,16101,614
8215,16101,614
8215,16101,614
8215,16101,614
8215,16101,614
8215,16101,614
8215,16101,614
8215,16101,614
8215,16101,614
8215,16101,614
8215,16101,614
8215,16101,614
8215,16101,614
8215,16101,614
8215,16101,614
8215,16101,614
8215,16101,614
8215,16101,614
2405,7765,615
7577,2405,615
7751,2061,615
7751,2061,615
7751,2061,615
7751,2061,615
7751,17366,615
7751,17366,615
7751,17366,615
7751,17366,615
7751,17366,615
8882,14096,615
8882,14096,615
8882,14096,615
8882,14096,615
8882,14096,615
8882,14096,615
8882,14096,615
8882,14096,615
8882,14096,615
8882,14096,615
8882,14096,615
8882,14096,615
8882,14096,615
8882,14096,615
8882,14096,615
8882,14096,615
8882,14096,615
8882,14096,615
8882,14096,615
8882,14096,615
8882,14096,615
8882,14096,615
8882,14096,615
8882,14096,615
8882,14096,615
8882,14096,615
8882,14500,615
8882,18170,615
8882,18170,615
8882,18170,615
8882,18170,615
8882,18170,615
8882,18170,615
8882,18170,615
8882,18170,615
8882,18170,615
8882,18170,615
8882,18170,615
8882,18170,615
8882,18170,615
8882,18170,615
8882,18170,615
8882,18170,615
8882,18170,615
8882,18170,615
8882,18170,615
8882,18170,615
8882,18170,615
8882,18170,615
8882,18170,615
8882,18170,615
8882,18170,615
8882,18170,615
8882,18170,615
8882,18170,615
8882,18170,615
8882,18170,615
8882,18170,615
8882,18170,615
8882,18170,615
8882,18170,615
8882,18170,615
8882,18170,615
8882,18170,615
8882,18170,615
8882,18170,615
8882,18170,615
8882,18170,615
8882,18170,615
8882,18170,615
8882,18170,615
8882,18170,615
8882,18170,615
8882,18170,615
8882,18170,615
8882,18170,615
7751,774,616
7751,774,616
7751,3320,616
7751,14660,616
7751,15353,616
7751,15353,616
7751,16809,616
7751,17366,616
7751,17366,616
7751,17366,616
7751,17366,616
7751,17366,616
7751,17366,616
7751,17366,616
7751,17366,616
7751,17366,616
7751,17366,616
7751,17366,616
7751,17366,616
7751,17366,616
7751,17366,616
7751,17366,616
7751,17366,616
7751,17366,616
7751,17366,616
7751,17366,616
7751,17366,616
7751,17366,616
7751,17366,616
7751,17366,616
7751,17366,616
7751,17366,616
7751,17366,616
7751,17366,616
7751,17366,616
7751,17366,616
7751,17366,616
7751,17366,616
7751,17366,616
7751,17366,616
7751,17366,616
7751,17366,616
7751,17366,616
7751,17366,616
7751,17366,616
7751,17366,616
7751,17366,616
7751,17366,616
7751,17366,616
7751,17366,616
7751,17366,616
7751,17366,616
7751,17366,616
7751,17366,616
7751,17366,616
7751,17366,616
7751,17366,616
7751,17366,616
7751,17366,616
7751,17366,616
7751,17366,616
7751,17366,616
7751,17366,616
7751,17366,616
7751,17366,616
7751,17366,616
7751,17366,616
7751,17366,616
7751,17366,616
7751,17366,616
7751,17366,616
7751,17366,616
7751,17366,616
7751,17366,616
7751,17366,616
7751,17366,616
7751,17366,616
7751,17366,616
7751,17366,616
7751,17366,616
7751,17366,616
7751,17366,616
7751,17366,616
7751,17366,616
7751,17366,616
7751,17366,616
7751,17366,616
7751,17366,616
7751,17366,616
7751,17366,616
7751,17366,616
7751,17366,616
7751,17366,616
7751,17366,616
7751,17366,616
7751,17366,616
7751,17366,616
7751,17366,616
7751,17366,616
7751,17366,616
7751,17366,616
7751,17366,616
7751,17366,616
7751,17366,616
7751,17366,616
7751,17366,616
7751,17366,616
7751,17366,616
7751,17366,616
7751,17366,616
7751,17366,616
7751,17366,616
7751,17366,616
7751,17366,616
7751,17366,616
7751,17366,616
7751,17366,616
7751,17366,616
7751,17366,616
7751,17366,616
7751,17366,616
7751,17366,616
7751,17366,616
7751,17366,616
7751,17366,616
7751,17366,616
7751,17366,616
7751,17366,616
7751,17366,616
7751,17366,616
7751,17366,616
7751,17366,616
7751,17366,616
7751,17366,616
7751,17366,616
7751,17366,616
7751,17366,616
7751,17366,616
7751,17366,616
7751,17366,616
7751,17366,616
7751,17366,616
7751,21130,616
7751,23134,616
8882,14095,616
8882,14096,616
8882,14096,616
8882,14096,616
8882,14096,616
8882,14096,616
8882,14096,616
8882,14096,616
8882,14096,616
8882,14096,616
8882,14096,616
8882,14096,616
8882,14096,616
8882,14096,616
8882,14096,616
8882,14096,616
8882,14096,616
8882,14096,616
8882,14096,616
8882,14096,616
8882,14096,616
8882,14096,616
8882,14096,616
8882,14096,616
8882,14096,616
8882,14096,616
8882,14096,616
8882,14096,616
8882,14096,616
8882,14096,616
8882,14096,616
8882,14096,616
8882,14096,616
8882,14096,616
8882,14096,616
8882,14096,616
8882,14096,616
8882,14096,616
8882,14096,616
8882,14096,616
8882,14096,616
8882,14096,616
8882,14096,616
8882,14096,616
8882,14096,616
8882,14096,616
8882,18313,616
8882,18313,616
8882,18313,616
8882,18313,616
8882,18313,616
8882,18313,616
8882,18313,616
8882,18313,616
8882,18313,616
8882,18313,616
8882,18313,616
8882,18313,616
8882,18313,616
8882,18313,616
8882,18313,616
8882,18313,616
8882,18313,616
8882,18313,616
8882,18313,616
7751,3332,617
7751,12080,617
7751,12080,617
7751,12080,617
7751,12080,617
7751,12080,617
7751,12080,617
7751,12080,617
7751,12080,617
7751,12080,617
7751,12080,617
7751,12080,617
7751,12080,617
7751,12080,617
7751,12080,617
7751,12080,617
7751,12080,617
7751,12080,617
7751,12080,617
7751,12080,617
7751,12080,617
7751,12080,617
7751,12080,617
7751,12080,617
7751,12080,617
7751,12080,617
7751,12080,617
7751,12080,617
7751,12080,617
8215,21627,617
8215,21627,617
8215,21627,617
8215,21627,617
8215,21627,617
8215,21627,617
8215,21627,617
8215,21627,617
8882,2288,617
8882,2288,617
8882,2288,617
8882,2288,617
8882,2288,617
8882,2288,617
8882,2288,617
8882,2288,617
8882,3055,617
8882,3055,617
8882,3055,617
8882,3055,617
8882,3055,617
8882,3055,617
8882,3055,617
8882,3055,617
8882,3055,617
8882,3055,617
8882,3055,617
8882,18028,617
8882,3055,618
8882,3055,618
8882,3055,618
8882,3055,618
8882,3055,618
8882,3055,618
8882,3055,618
8882,3055,618
8882,3055,618
8882,3055,618
8882,3055,618
8882,3055,618
8882,3055,618
8882,3055,618
8882,3055,618
8882,3055,618
8882,3055,618
8882,3055,618
8882,3055,618
8882,3055,618
8215,21700,619
8215,21700,619
8882,3055,619
8882,3055,619
8882,3055,619
8882,3055,619
8882,3055,619
8882,3055,619
8882,3055,619
8882,3055,619
8882,3055,619
8882,3055,619
8882,3055,619
8882,3055,619
8882,3055,619
7577,9766,620
8215,21700,620
8882,24308,620
9763,9764,620
7751,19733,621
7751,19920,621
7751,19920,621
7751,19920,621
7751,19920,621
7751,19920,621
7751,19920,621
7751,19920,621
7751,19920,621
7751,19920,621
7751,19920,621
7751,19920,621
7751,19920,622
7751,19920,622
7751,19920,622
7751,19920,622
7751,19920,622
8882,13934,622
8882,14085,622
8882,14085,622
8882,14085,622
7751,19916,623
7751,19916,623
7751,19916,623
7751,19920,623
8215,21700,623
8770,10139,623
8882,14500,623
8882,15597,623
8882,15600,623
8882,15600,623
8882,15601,623
8882,15601,623
8882,15601,623
8882,15601,623
8882,15601,623
8882,15601,623
8882,15601,623
8882,15601,623
8882,15601,623
8882,15601,623
8882,15601,623
8882,15601,623
8882,15601,623
8882,15601,623
8882,15601,623
8882,15601,623
8882,15601,623
8882,15601,623
8882,15601,623
8882,15601,623
8882,15601,623
8882,15601,623
8882,15601,623
8882,15601,623
8882,15601,623
8882,15601,623
8882,15601,623
8882,15601,623
8882,15601,623
8882,15601,623
8882,15601,623
8882,15601,623
8882,15601,623
8882,15601,623
8882,15601,623
8882,15601,623
8882,15601,623
8882,15601,623
8882,15601,623
8882,15601,623
8882,15601,623
8882,15601,623
8882,15601,623
8882,15601,623
8882,15601,623
8882,15601,623
8882,15601,623
8882,15601,623
8882,15601,623
8882,15601,623
8882,15601,623
8882,15609,623
9765,7577,623
7751,19916,624
7751,19916,624
7751,19916,624
7751,19916,624
7751,19916,624
7751,19916,624
7751,19916,624
7751,19916,624
7751,19916,624
7751,19916,624
7751,19916,624
7751,19916,624
7751,19916,624
7751,19916,624
7751,19916,624
7751,19916,624
7751,19916,624
7751,19916,624
7751,19916,624
7751,19916,624
7751,19916,624
7751,19916,624
7751,19916,624
7751,19916,624
7751,18976,625
7751,18976,625
7751,18976,625
7751,18976,625
7751,18976,625
7751,18976,625
7751,18976,625
7751,18976,625
7751,18976,625
7751,18976,625
7751,18976,625
7751,18976,625
7751,18976,625
7751,18976,625
7751,18976,625
7751,18976,625
7751,18976,625
7751,18976,625
7751,18976,625
7751,18976,625
7751,18976,625
7751,18976,625
7751,18976,625
8882,9667,625
8882,9667,625
8882,9667,625
8882,9667,625
8882,9667,625
8882,9667,625
8882,9667,625
8882,9667,625
8882,9667,625
8882,9667,625
8882,9667,625
8882,9667,625
8882,9667,625
8882,9667,625
8882,9667,625
8882,9667,625
8882,9667,625
8882,15807,625
7751,3167,626
7751,3167,626
7751,3167,626
7751,3167,626
7751,3167,626
7751,3167,626
7751,3167,626
7751,3167,626
7751,3167,626
7751,3167,626
7751,3167,626
7751,3167,626
7751,3167,626
7751,3167,626
7751,3167,626
7751,3167,626
7751,3167,626
7751,3167,626
7751,3167,626
7751,3167,626
7751,3167,626
7751,3167,626
7751,3167,626
7751,3167,626
7751,3167,626
7751,3167,626
7751,3167,626
7751,3167,626
7577,11443,627
7607,11443,627
7751,698,627
7751,698,627
7751,698,627
7751,698,627
7751,698,627
7751,698,627
7751,698,627
7751,698,627
7751,698,627
7751,698,627
7751,698,627
7751,698,627
7751,698,627
7751,698,627
7751,698,627
7751,698,627
7751,698,627
7751,698,627
7751,698,627
8882,9667,627
8882,9667,627
8882,9667,627
8882,9667,627
8882,9667,627
8882,9667,627
8882,9667,627
8882,9667,627
8882,9667,627
8882,9667,627
8882,9667,627
8882,9667,627
8882,9667,627
8882,9667,627
8882,9667,627
8882,9667,627
8882,9667,627
8882,9667,627
8882,9667,627
8882,15807,627
8882,15807,627
7751,698,628
7751,1774,628
7751,1774,628
7751,1774,628
7751,1774,628
7751,1774,628
7751,1774,628
7751,1774,628
7751,1774,628
7751,1774,628
7751,1774,628
7751,1774,628
7751,1774,628
7751,1774,628
7751,1774,628
7751,1774,628
7751,1774,628
7751,1774,628
7751,1774,628
7751,1774,628
7751,1774,628
7751,1774,628
7751,1774,628
7751,2680,628
7751,2680,628
7751,2680,628
7751,2680,628
7751,2680,628
7751,2680,628
7751,2680,628
7751,2680,628
7751,2680,628
7751,2680,628
7751,2680,628
7751,2680,628
7751,2680,628
7751,2680,628
7751,2680,628
7751,2680,628
7751,2680,628
7751,2680,628
7751,2680,628
7751,21245,628
8215,10052,628
8215,10052,628
8215,10052,628
8215,10052,628
8215,10052,628
8215,10052,628
8215,10052,628
8215,10052,628
8215,10052,628
8215,10052,628
8215,10052,628
8215,10052,628
8215,10052,628
8215,10052,628
8215,10052,628
8215,10052,628
8215,10052,628
8215,10052,628
8215,10052,628
8215,10052,628
8215,10052,628
8215,10052,628
8215,10052,628
8215,10052,628
8882,9667,629
8882,9667,629
8882,15807,629
7751,2680,630
7751,2680,630
7751,2680,630
7751,2680,630
7751,2680,630
7751,2680,630
7751,2680,630
7751,2680,630
7751,2680,630
8215,10052,630
8215,10052,630
8215,10052,630
8215,10052,630
8215,10052,630
8215,10052,630
8215,10052,630
8215,10052,630
8215,10052,630
8215,10052,630
8882,15828,630
8882,15828,630
8882,15828,630
8882,15828,630
8882,15828,630
8882,15828,630
8882,15828,630
8882,15828,630
8882,15828,630
8882,15828,630
8882,15828,630
8882,18909,630
9763,9764,630
8215,18887,631
8215,18887,631
8215,18993,631
8215,18993,631
8215,18993,631
8215,18993,631
8215,18993,631
8215,18993,631
8215,18993,631
8215,18993,631
8215,18993,631
8215,18993,631
8215,18993,631
8215,18993,631
8215,18993,631
8215,18993,631
8215,18993,631
8215,18993,631
8215,18993,631
8882,11824,631
8882,15827,631
8882,15828,631
8882,15828,631
8882,15828,631
8882,15828,631
8882,15828,631
8882,15828,631
8882,15828,631
8882,15828,631
8882,15828,631
8882,15828,631
8882,15828,631
8882,18909,631
7577,9765,632
8882,20377,633
8882,20377,633
8882,20377,633
8882,20377,633
8882,20377,633
8882,20377,633
8882,20377,633
8882,20377,633
8882,20377,633
8882,20377,633
8882,20377,633
8882,20377,633
8882,20377,633
8882,20377,633
8882,20377,633
8882,20377,633
7577,9766,634
8215,18993,634
8215,18993,634
8882,12617,634
8215,24856,635
8215,24856,635
8215,24856,635
8215,24856,635
8215,24856,635
8215,24856,635
8215,24858,635
8215,24858,635
8215,24858,635
8215,24858,635
8882,14545,635
8882,14545,635
8882,14545,635
8882,14545,635
8882,14545,635
8882,14545,635
8882,14545,635
8882,14545,635
8882,14545,635
8882,14545,635
8882,14545,635
8882,14545,635
8882,14545,635
8882,20377,635
8215,19162,636
8215,19162,636
8215,19162,636
8215,19162,636
8215,19162,636
8215,19162,636
8215,19162,636
8215,19162,636
8215,19162,636
8215,19162,636
8215,19162,636
8215,19162,636
8215,19162,636
8215,19162,636
8215,19162,636
8215,19162,636
8215,19162,636
8215,19162,636
8215,24857,636
8215,24857,636
8215,24857,636
8215,24858,636
8215,19162,637
8215,19162,637
8215,19162,637
8215,19162,637
8215,19162,637
8215,19162,637
8215,19162,637
8215,19162,637
8882,15828,637
8882,15828,637
8882,15828,637
8882,15828,637
8882,15828,637
8882,15828,637
8882,15828,637
8882,15828,637
8882,15828,637
8882,15828,637
8882,15828,637
8882,18909,637
9763,9764,637
8882,15828,638
8882,15828,638
8882,15829,639
8882,15829,639
8882,15829,639
8882,15829,639
8882,15829,639
8882,15829,639
8882,15829,639
8882,15829,639
8882,15829,639
8882,15829,639
8882,15829,639
8882,18909,639
8882,15828,640
8882,15828,640
8882,18644,641
8882,18644,641
8882,18644,641
8882,18644,641
8882,18644,641
8882,18644,641
8882,18644,641
8882,18644,641
8882,18644,641
8882,18644,641
8882,18644,641
8882,18644,641
8882,18644,641
8882,18644,641
8882,18644,642
8882,18644,642
8882,18644,642
7577,9765,643
8882,18644,643
8882,18644,643
8882,18644,643
8882,18644,643
8882,18644,643
8882,18644,643
8882,18644,643
8882,18644,643
8882,18644,644
8882,23631,644
8882,23631,644
8882,23631,644
8882,23631,644
8882,23631,644
8882,23631,644
8882,23631,644
8882,23631,644
8882,23631,644
8882,23631,644
8882,23631,644
8882,23631,644
8882,23631,644
8882,23631,644
8882,23631,644
8882,23631,644
8882,23631,644
8882,23631,644
8882,24251,644
9763,9764,644
8882,11946,645
8882,11946,645
8882,23631,645
8882,23631,645
8882,23631,645
8882,23631,645
8882,23631,645
8882,23631,645
8882,23631,645
8882,23631,645
8882,23631,645
8882,23631,645
8882,23631,645
8882,23631,645
8882,23631,645
8882,23631,645
8882,23631,645
8882,23631,645
8882,23631,645
8882,23631,645
8882,24251,645
8882,23631,646
8882,23631,646
8882,23631,646
8882,23631,646
8882,23631,646
8882,23631,646
8882,23631,646
8882,23631,646
8882,23631,646
8882,23631,646
8882,23631,646
8882,23631,646
8882,23631,646
8882,23631,646
8882,23631,646
8882,24259,646
8882,23631,647
8882,23631,647
8882,23631,647
8882,23631,647
8882,23631,647
8882,23631,647
8882,23631,648
8882,23631,648
8882,23631,648
8882,23631,648
8882,23631,648
8882,23631,648
8882,23631,648
8882,23631,648
8882,23631,648
8882,23631,648
8882,23631,648
8882,23631,648
8882,23631,648
8882,23631,648
8882,23631,648
8882,23631,648
8882,23631,648
8882,23631,648
8882,23631,648
8882,23631,648
8882,24259,648
8882,24259,648
8882,9495,649
8882,9495,649
8882,9495,649
8882,9495,649
8882,9495,649
8882,9495,649
8882,9495,649
8882,9495,649
8882,23631,649
8882,23631,649
8882,23631,649
8882,23631,649
8882,23631,649
8882,23631,649
8882,685,650
8882,685,650
8882,685,650
8882,685,650
8882,685,650
8882,685,650
8882,685,650
8882,685,650
8882,685,650
8882,685,650
8882,685,650
8882,685,650
8882,685,650
8882,685,650
8882,685,650
8882,685,651
9763,9764,651
7577,9765,652
9764,9763,653
7577,9765,654
9764,9763,654
2538,7607,655
7577,2538,655
9765,7577,655
7577,9766,656
9764,9763,657
7577,9765,658
7765,12080,659
7765,12080,659
7765,12080,659
7765,12080,659
7765,12080,659
7765,12080,659
7765,12080,659
7765,12080,659
7765,12080,659
7765,12080,659
7765,12080,659
7765,12080,659
7765,12080,659
7765,12080,659
7765,12080,659
7765,12080,659
7765,12080,659
7765,12080,659
7765,12080,659
7765,12080,659
7765,12080,659
7765,12080,659
7765,12080,659
7765,12080,659
7765,12080,659
7765,12080,659
7765,12080,659
7765,12080,659
7765,12080,659
7765,12080,659
7765,12080,659
7765,12080,659
7765,12080,659
7765,12080,659
7765,12080,659
7765,12080,659
7765,12080,659
7765,12080,659
7765,12080,659
7765,12080,659
7765,12080,659
7765,12096,660
7765,12096,660
7765,12096,660
7765,12096,660
7765,14366,660
7765,14366,660
7765,14366,660
7765,14366,660
7765,14369,660
7765,14502,660
7765,14502,660
7765,14502,660
7765,14502,660
7765,14502,660
7765,14502,660
7765,14502,661
7765,14502,661
7765,14502,661
7765,14502,661
7765,14502,662
7765,14502,662
7765,14502,662
7765,14502,662
7765,14502,662
7765,14502,662
7765,14502,662
7765,14502,662
9763,9764,662
7577,2405,663
7765,14502,663
7765,14502,663
7765,14502,663
7765,14502,663
7765,14502,663
7765,14502,663
7765,14502,663
7765,14502,663
7765,14502,663
7765,14502,663
7765,14502,663
7765,14502,663
7765,14502,663
7765,14502,663
7765,14502,663
7765,14502,663
7765,14502,663
7765,14502,663
9765,7577,663
7577,2538,664
7607,2405,664
7607,2538,664
7765,14502,665
7765,14502,665
7765,14502,665
7765,14502,665
7765,14502,665
7765,14502,665
7765,14502,665
7765,14502,665
7765,14502,665
7765,14502,665
7765,14502,665
7765,14502,665
7765,14502,665
7765,14502,665
7765,14502,665
7765,14502,665
7765,14502,665
7765,14502,665
7765,14502,665
7765,14502,665
7765,14502,665
7765,14502,665
7765,14502,665
7765,14502,665
7765,14502,665
7765,14502,665
7765,14502,665
7765,14502,665
7765,14502,665
7765,14502,665
7765,14502,665
7765,14502,665
7765,14502,665
7765,14502,665
7765,14502,665
7765,14502,665
7765,14502,665
7765,14502,665
7765,14502,665
7765,14502,665
7765,14502,665
7765,2299,666
7765,2299,666
7765,2299,666
7765,2299,666
7765,2299,667
7765,2299,667
7765,2299,667
7765,2299,668
7765,2299,668
7765,2299,668
7765,2299,668
7765,2299,668
7765,2299,668
7765,2299,668
7765,2299,668
7765,2299,668
7765,2299,668
7765,3396,669
7765,3396,669
7765,3396,669
7765,3396,669
7765,3403,669
7765,3403,669
7765,3403,669
7765,3403,669
7765,3403,669
7765,3403,669
7765,3403,669
7765,3403,669
7765,3403,669
7765,3403,669
7765,3403,669
7765,3402,670
7765,3403,670
7765,3403,670
7765,3403,670
7765,3403,670
7765,3403,670
7765,3403,670
7765,3403,670
7765,3403,670
7765,3403,670
7765,3403,670
7765,3403,670
7765,3403,670
7765,3403,670
7765,3403,670
7765,3405,670
9763,9764,671
7577,9765,672
8962,11237,673
9763,9764,674
7577,9765,675
9764,9763,676
9764,9763,677
7577,9765,678
9764,9763,679
7577,9765,680
9764,9763,680
9764,9763,681
7577,9765,682
9764,9763,683
9764,9763,684
7577,9765,685
9764,9763,686
8409,3396,687
8409,3396,687
8409,3396,687
8409,3396,687
8409,3403,687
8409,3403,687
8409,3403,687
8409,3403,687
8409,3403,687
8409,3403,687
8409,3403,687
8409,3403,687
8409,3403,687
8409,3403,687
8409,3403,687
8409,3403,687
8409,18788,687
8409,18788,687
8409,18788,687
8409,18788,687
8409,18790,687
8409,18790,687
8409,18790,687
8409,18790,687
8409,18790,687
8409,18790,687
8409,18790,687
8409,18790,687
8409,3396,688
8409,3396,688
8409,3396,688
8409,3403,688
8409,3403,688
8409,3403,688
8409,3403,688
8409,3403,688
8409,3403,688
8409,3403,688
8409,3403,688
8409,3403,688
8409,3403,688
8409,3403,688
8409,3403,688
8409,3403,688
8409,3403,688
8409,3403,688
8409,3403,688
8409,3403,688
8409,3403,688
8409,3403,688
8409,3403,688
8409,3403,688
8409,3405,688
8409,11559,688
8409,11559,688
7577,9765,689
8409,3396,689
8409,18313,690
8409,18313,690
8409,18313,690
8409,18313,690
8409,18313,690
8409,18313,690
8409,18313,690
8409,18313,690
8409,18313,690
8409,18313,690
8409,18313,690
8409,18313,690
8409,18313,690
8409,18313,690
8409,18313,690
8409,18313,690
8409,18313,690
8409,18313,690
8409,18313,690
2538,8409,691
7577,2538,691
9763,9764,691
9765,7577,691
8409,21136,692
8409,21136,692
8409,21136,692
8409,21136,692
8409,21136,692
8409,21136,692
8409,21136,692
8409,21136,692
8409,21136,692
8409,21136,692
8409,21136,692
8409,21136,692
8409,21136,692
8409,21136,692
8409,21136,692
8409,21136,692
8409,21136,692
8409,21136,692
8409,21136,692
8409,21136,692
8409,21136,692
8409,21136,692
8409,21136,692
8409,21136,692
8409,21136,692
8409,21136,692
8409,21136,692
8409,21136,692
7577,9766,693
8409,15026,693
8409,15026,693
8409,15026,693
8409,15026,693
8409,15026,693
8409,15026,693
8409,15026,693
8409,15026,693
8409,15026,693
8409,15026,693
8409,15026,693
8409,15026,693
8409,15026,693
8409,15026,693
8409,15026,693
8409,15026,693
8409,15026,693
8409,15026,693
8409,15026,693
8409,15026,693
8409,15026,693
8409,15026,693
8409,15026,693
8409,15026,693
8409,15026,693
8409,15026,693
8409,15026,693
8409,15026,693
8409,15026,693
8409,15026,693
8409,15026,693
8409,15026,693
8409,15026,693
8409,15026,693
8409,15026,693
8409,15026,693
8409,15026,693
8409,21136,693
8409,21136,693
8409,21136,693
8409,21136,693
8409,21136,693
8409,21136,693
8409,21136,693
8409,21136,693
8409,21136,693
8409,21136,693
8409,21136,693
8409,21136,693
8409,21136,693
8409,21136,693
8409,21136,693
8409,21136,693
8409,21136,693
8409,21136,693
8409,21136,693
8409,21136,693
8409,21136,693
8409,13934,694
8409,14085,694
8409,14085,694
8409,14085,694
8409,13934,695
8409,13955,695
8409,14085,695
8409,14085,695
8409,13934,696
8409,13934,696
8409,13934,696
8409,13934,696
8409,14085,696
8409,21550,697
8409,21550,697
9763,9764,697
8409,22602,698
8409,18147,699
8409,18147,699
8409,18147,699
8409,18147,699
8409,18147,699
8409,18147,699
8409,18147,699
8409,18147,699
8409,18147,699
8409,18147,699
8409,18147,699
8409,18147,699
8409,18147,699
8409,18147,699
8409,18147,699
7577,9765,700
8409,11538,700
8409,11538,700
8409,11538,700
8409,11538,700
8409,11538,700
8409,11541,700
8409,11541,700
8409,11541,700
8409,14500,700
8409,16837,701
8409,16837,701
8409,16837,701
8409,16837,701
8409,16837,701
8409,16837,701
8409,16837,701
8409,16837,701
8409,16837,701
8409,16837,701
8409,16837,701
8409,16837,701
8409,16837,701
8409,16837,701
8409,16837,701
8409,16837,701
8409,16837,701
8409,16842,701
8409,16844,701
8409,16845,701
8409,21636,701
8409,1493,702
8409,1493,702
8409,1493,702
8409,1493,702
8409,1493,702
8409,1493,702
8409,1493,702
8409,1493,702
8409,1493,702
8409,16837,702
8409,24784,702
8409,1493,703
8409,1493,703
8409,1493,703
9763,9764,704
8409,1493,705
8409,1493,705
8409,1493,705
8409,1493,706
8409,1493,706
8409,1493,706
8409,1493,707
8409,1493,707
8409,1493,707
8409,1493,707
8409,1493,707
8409,1493,707
8409,1493,707
8409,1493,707
8409,1493,707
8409,1493,707
8409,1494,707
7577,9765,708
9763,9764,708
8409,1493,709
8409,1493,709
8409,1493,709
8409,1493,710
8409,1493,710
8409,1493,710
8409,1493,710
8409,14022,711
8409,14622,711
8409,20370,711
8409,20370,711
8409,20370,711
8409,20370,711
8409,20370,711
8409,20370,711
8409,1493,712
8409,1493,712
8409,1493,712
8409,1493,712
8409,1493,712
8409,1493,712
7577,9766,713
8409,17127,713
8409,17127,713
8409,17127,713
8409,17127,713
8409,17127,713
8409,17127,713
8409,17127,713
8409,17127,714
8409,17127,714
8409,17127,714
8409,17127,714
8409,17127,714
9763,9764,714
8409,16932,715
7577,9765,716
8409,20727,716
8409,20728,716
8409,20728,716
8409,20728,716
8409,20728,716
8409,20728,716
8409,20728,716
8409,20728,716
8409,20728,716
8409,20728,716
8409,20728,716
8409,20728,716
8409,20728,716
8409,20728,716
8409,20728,716
8409,20728,716
8409,20728,716
8409,20728,716
8409,20728,716
8409,19132,717
8409,19132,717
8409,19132,717
8409,19132,717
8409,19132,717
8409,19132,717
8409,19132,717
8409,19132,717
8409,19132,717
8409,19132,717
8409,19132,717
8409,19132,717
8409,19132,717
8409,19132,718
8409,19132,718
8409,19132,718
8409,19132,718
8409,19132,718
8409,19132,718
8409,19132,718
8409,19132,718
8409,19132,718
8409,19132,718
9763,9764,719
8409,19132,720
8409,19132,720
8409,19132,720
8409,19132,720
8409,19132,720
8409,19132,720
8409,19132,720
8409,19132,720
8409,19132,720
8409,11771,721
8409,11771,721
8409,11771,721
8409,11771,721
8409,11771,721
8409,11771,721
8409,11771,721
8409,11771,721
8409,11771,721
8409,11771,721
8409,11771,721
8409,11771,721
8409,11771,721
8409,11771,721
8409,11771,721
8409,11771,721
8409,11771,722
8409,9524,723
8409,14022,723
8409,25311,723
8409,25311,723
8409,25311,723
8409,25311,723
8409,25311,723
8409,25311,723
8409,25311,723
8409,25311,723
8409,25311,723
8409,25311,723
8409,25311,723
8409,25311,723
8409,25311,723
8409,25311,723
8409,25311,723
8409,25311,723
8409,25311,723
8409,25311,723
8409,25311,723
8409,25311,723
8409,25311,723
8409,25311,723
8409,25311,723
8409,25311,723
8409,25311,723
8409,25311,723
8409,25311,723
8409,13542,724
8409,13542,724
8409,13542,724
8409,13542,724
8409,13542,724
8409,13542,724
8409,13542,724
8409,13542,724
8409,13542,724
8409,13542,724
8409,13542,724
8409,13542,724
8409,13542,724
8409,13542,724
8409,13542,724
9763,9764,725
7577,9765,726
9764,9763,727
7577,9765,728
9764,9763,729
9764,9763,730
7577,9765,731
9764,9763,732
9765,7577,733
9765,7577,733
9764,9763,734
7577,9765,735
9765,7577,735
9764,9763,736
7577,9766,737
8274,15597,737
8274,15601,737
8274,15601,737
8274,15601,737
8274,15601,737
8274,15601,737
8274,15601,737
8274,15601,737
8274,15601,737
8274,15601,737
8274,15601,737
8274,15601,737
8274,15601,737
8274,15601,737
8274,15601,737
8274,15601,737
8274,15601,737
8274,15601,737
8274,15601,737
8274,15601,737
8274,15601,737
8274,15601,737
8274,15601,737
8274,15601,737
8274,15601,737
8274,15601,737
8274,15601,737
8274,15601,737
8274,15601,737
8274,15601,737
8274,15601,737
8274,15601,737
8274,15601,737
8274,15601,737
8274,15601,737
8274,15601,737
8274,15601,737
8274,15609,737
8274,15609,737
8274,21136,737
8274,21136,737
8274,21136,737
8274,21136,737
8274,21136,737
8274,21136,737
8274,21136,737
8274,21136,737
8274,21136,737
8274,21136,737
8274,21136,737
8274,21136,737
8274,21136,737
8274,21136,737
8274,21136,737
8274,21136,737
8274,21136,737
8274,21136,737
8274,21136,737
8274,21136,737
8274,21136,737
8274,21136,737
8274,21136,737
8274,21136,737
8274,21136,737
8274,21136,737
8274,21136,737
8274,21136,737
8274,22652,738
8274,22652,738
8274,22652,738
8274,22652,738
8274,22652,738
8274,22652,738
8274,22652,738
8274,22652,738
8274,22652,738
8274,22652,738
8274,22652,738
8274,22652,738
8274,22652,738
8274,22652,738
8274,22652,738
8274,22652,738
7577,9765,739
8274,3396,739
8274,3396,739
8274,3396,739
8274,3396,739
8274,3403,739
8274,3403,739
8274,3403,739
8274,3403,739
8274,3403,739
8274,3403,739
8274,3403,739
8274,3403,739
8274,3403,739
8274,3403,739
8274,3403,739
8274,18788,740
8274,18790,740
9764,9763,740
8274,3396,741
8274,3396,741
8274,3396,741
8274,3396,741
8274,3403,741
8274,3403,741
8274,3403,741
8274,3403,741
8274,3403,741
8274,3403,741
8274,3403,741
8274,3403,741
8274,3403,741
8274,3403,741
8274,3403,741
8274,3403,741
8274,3403,741
8274,3403,741
8274,3403,741
8274,3403,741
8274,3403,741
8274,3403,741
8274,3403,741
8274,3403,741
8274,3405,741
8274,3396,742
8274,3403,742
8274,3403,742
8274,3403,742
8274,3403,742
8274,3403,742
8274,3403,742
8274,3403,742
8274,3403,742
8274,3403,742
8274,3403,742
8274,3403,742
8274,3403,742
8274,3403,742
8274,3403,742
8274,3403,742
8274,3403,742
8274,3403,742
8274,3403,742
8274,3403,742
8274,3403,742
8274,3403,742
8274,3403,742
8274,3403,742
8274,3403,742
8274,3403,742
8274,3403,742
8274,3403,742
8274,3403,742
8274,3403,742
8409,11237,743
9765,7577,744
8274,3403,745
8274,3403,745
8274,3403,745
8274,3403,745
8274,3403,745
8274,3403,745
8274,3403,745
8274,3403,745
8274,3396,746
8274,3403,746
8274,3403,746
8274,3403,746
8274,3403,746
8274,3403,746
8274,3403,746
8274,3403,746
8274,3403,746
8274,3403,746
8274,3403,746
8274,3396,747
8274,11541,747
8274,14500,747
9763,9764,747
7577,9766,748
8274,11531,748
8274,11531,748
8274,11531,748
8274,11531,748
8274,11531,748
8274,11531,748
8274,11531,748
8274,11531,748
8274,11531,748
8274,11531,748
8274,11541,748
7577,9765,749
8274,11543,750
8274,14500,750
8274,21550,750
8274,11543,751
8274,11531,752
8274,11531,752
8274,11531,752
8274,11531,752
8274,11531,752
8274,11531,752
8274,11531,752
8274,11531,752
8274,11531,752
8274,11531,752
8274,23803,753
8274,23803,753
8274,23803,753
8274,23803,753
8274,23803,753
8274,23803,753
8274,23803,753
8274,23803,753
8274,23803,753
8274,23803,753
8274,23803,753
8274,23803,753
8274,23803,753
8274,23803,753
8274,23803,753
9763,9764,753
9765,7577,753
8274,23803,754
8274,23803,754
8274,23803,754
8274,23803,754
8274,23803,754
8274,23803,754
8274,23803,754
8274,23803,754
8274,23803,754
8274,23803,755
8274,23803,755
8274,23803,755
8274,23803,755
8274,23803,755
8274,23803,755
8274,23803,755
8274,23803,755
8274,23803,755
8274,23803,755
8274,23803,755
8274,2595,756
8274,2595,756
8274,2595,756
8274,2595,756
8274,2595,756
8274,2595,756
8274,2595,756
8274,2595,756
8274,2595,756
8274,2595,756
8274,2595,756
8274,23803,756
8274,23803,756
8274,23803,756
8274,23803,756
8274,23803,756
8274,23803,756
8274,23803,756
8274,23803,756
8274,23803,756
8274,2595,757
8274,2595,757
8274,4670,758
8274,4670,758
8274,4670,758
8274,4670,758
8274,4670,758
8274,4670,758
8274,4670,758
8274,4670,758
8274,4670,758
8274,4670,758
8274,4670,758
8274,4670,758
8274,4670,758
8274,4670,758
8274,4670,758
8274,4670,758
8274,4670,758
8274,4670,758
8274,4670,758
8274,4670,758
8274,4670,758
8274,4670,758
8274,4670,758
8274,4670,758
8274,4670,758
8274,4670,758
8274,4670,758
8274,4670,758
8274,4670,758
8274,4670,758
8274,4670,758
8274,4670,758
8274,4670,758
8274,4670,758
8274,4670,758
8274,4670,758
8274,4670,758
8274,4670,758
8274,4670,758
8274,4670,758
8274,4670,758
8274,4670,759
8274,4670,759
8274,4670,759
8274,4670,759
8274,4670,759
8274,4670,759
8274,4670,759
8274,4670,759
8274,4670,759
8274,4670,759
8274,4670,759
8274,4670,759
8274,4670,759
8274,4670,759
8274,4670,759
8274,4670,759
8274,4670,759
8274,4670,759
8274,4670,759
8274,4670,759
8274,4670,759
8274,4670,759
8274,4670,759
8274,4670,759
8274,4670,759
8274,4670,759
8274,4670,759
8274,4670,759
8274,23862,759
8274,23862,759
8274,23862,759
8274,23862,759
8274,23862,759
8274,23862,759
8274,23862,759
7577,9766,760
8274,18142,760
8274,18142,760
8274,18142,760
8274,18142,760
8274,18142,760
8274,18142,760
8274,18142,760
8274,18142,760
8274,18142,760
8274,18142,760
8274,18142,760
8274,18142,760
8274,18142,760
8274,18142,760
8274,18142,760
8274,18142,760
8274,18142,760
8274,18142,760
8274,18142,760
8274,18142,760
8274,18142,760
8274,18551,761
8274,18551,761
8274,18551,761
8274,18551,761
8274,18551,761
8274,18551,761
8274,18551,761
8274,18551,761
8274,18551,761
8274,18551,761
8274,18551,761
8274,18551,761
8274,18551,761
8274,18551,761
8274,18551,761
8274,18551,761
8274,18551,761
8274,18551,761
9763,9764,762
7577,9765,763
8274,12080,763
8274,12080,763
8274,12080,763
8274,12080,763
8274,12080,763
8274,12080,763
8274,12080,763
8274,12080,763
8274,12080,763
8274,12080,763
8274,12080,763
8274,12080,763
8274,12080,763
8274,12080,763
8274,12080,763
8274,12080,763
8274,12080,763
8274,12080,763
8274,12080,763
8274,12080,763
8274,12080,763
8274,12080,763
8274,12080,763
8274,12080,763
8274,12080,763
8274,12080,763
8274,12080,763
8274,12080,763
8274,12080,764
8274,12080,764
8274,12080,765
8274,12080,766
8274,12080,767
8274,12080,768
8274,12080,768
8274,12080,768
8274,12080,768
8274,12080,768
8274,12080,768
8274,12080,768
8274,12080,768
8274,12080,768
8274,12080,768
8274,12080,768
8274,12080,768
8274,12080,768
8274,12080,768
8274,12080,768
8274,12080,768
8274,12080,768
8274,12080,768
8274,12080,768
8274,12080,768
8274,12080,768
8274,12080,768
8274,12080,768
8274,12080,768
8274,12080,768
8274,12080,768
8274,12080,768
8274,12080,768
8274,12080,768
8274,12080,768
8274,12080,768
8274,12080,768
8274,12080,768
8274,12080,768
8274,12080,768
8274,12080,768
8274,12080,768
8274,12080,768
8274,12080,768
8274,12080,768
8274,12080,768
8274,12080,768
8274,12080,768
8274,12080,768
8274,12080,768
8274,12080,768
8274,12080,768
8274,12080,768
8274,12080,768
8274,12080,768
8274,12080,768
8274,12080,768
8274,12080,768
8274,12080,768
8274,12080,768
8274,12080,768
8274,12080,768
8274,12080,768
8274,12080,768
8274,12080,768
8274,12080,768
8274,12080,768
8274,12080,768
8274,18187,768
8274,18187,768
9763,9764,769
7577,9765,770
9764,9763,771
7577,9766,772
8274,2179,772
9763,9764,773
7577,9765,774
9764,9763,775
7897,2405,776
9765,7577,776
11443,7918,776
7577,9765,777
9764,9763,778
7577,9766,779
11443,8117,779
9764,9763,780
7577,9765,781
9764,9763,782
9764,9763,783
7577,9765,784
9764,9763,785
8770,22652,786
8770,22652,786
8770,22652,786
8770,22652,786
8770,22652,786
8770,22652,786
8770,22652,786
8770,22652,786
8770,22652,786
8770,22652,786
8770,22652,786
8770,22652,786
8770,22652,786
8770,22652,786
8770,22652,786
8770,22652,787
8770,22652,787
8770,12080,788
8770,12080,788
8770,12080,788
8770,12080,788
8770,12080,788
8770,12080,788
8770,12080,788
8770,12080,788
8770,12080,788
8770,12080,788
8770,12080,788
8770,12080,788
8770,12080,788
8770,12080,788
8770,12080,788
8770,12080,788
8770,12080,788
8770,12080,788
8770,12080,788
8770,12080,788
8770,12080,788
8770,12080,788
8770,12080,788
8770,12080,788
8770,12080,788
8770,12080,788
8770,12080,788
8770,12080,788
7577,9766,789
8770,12080,789
8770,21582,789
9763,9764,789
9765,7577,789
11394,8770,789
7577,9765,790
10139,8933,791
8770,18045,792
9763,9764,792
8770,2595,793
8770,2595,793
8770,2595,793
8770,2595,793
8770,2595,793
8770,2595,793
8770,2595,793
8770,2595,793
8770,2595,793
8770,2595,793
8770,2595,793
8770,2595,793
8770,2595,793
8770,2595,794
8770,2595,794
8770,2595,794
8770,2595,794
8770,2595,794
8770,2595,794
8770,2595,794
8770,2595,794
8770,2595,794
8770,2595,794
8770,2595,794
8770,12080,795
8770,12080,795
8770,12080,795
8770,12080,795
8770,12080,795
8770,12080,795
8770,12080,795
8770,12080,795
8770,12080,795
8770,12080,795
8770,12080,795
8770,12080,795
8770,12080,795
8770,12080,795
8770,12080,795
8770,12080,795
8770,12080,795
8770,12080,795
8770,12080,795
8770,12080,795
8770,12080,795
8770,12080,795
8770,12080,795
8770,12080,795
8770,12080,795
8770,12080,795
8770,12080,795
8770,12080,795
8770,4670,796
8770,4670,796
8770,4670,796
8770,4670,796
8770,4670,796
8770,4670,796
8770,4670,796
8770,4670,796
8770,4670,796
8770,4670,796
8770,4670,796
8770,4670,796
8770,4670,796
8770,4670,796
8770,4670,796
8770,4670,796
8770,4670,796
8770,4670,796
8770,4670,796
8770,4670,796
8770,4670,796
8770,4670,796
8770,4670,796
8770,4670,796
8770,4670,796
8770,4670,796
8770,4670,796
8770,4670,796
8770,4670,796
8770,4670,796
8770,4670,796
8770,4670,796
8770,4670,796
8770,4670,796
8770,4670,796
8770,4670,796
8770,4670,796
8770,4670,796
8770,4670,796
8770,4670,796
8770,4670,796
7577,9766,797
8770,2060,797
8770,2060,797
8770,2060,797
8770,2060,797
8770,2060,797
8770,2060,797
8770,2060,797
8770,4670,797
8770,4670,797
9765,7577,798
9765,8117,798
7577,9765,799
8770,12096,800
8770,12096,800
8770,12096,800
8770,12096,800
8770,14363,800
8770,14363,800
8770,14363,800
8770,14363,800
8770,14363,800
9764,9763,800
8770,2015,801
8770,2299,802
8770,2299,802
8770,2299,802
8770,2299,802
8770,14502,803
8770,14502,803
8770,14502,803
8770,14502,803
8770,14502,803
8770,14502,803
8770,14555,803
8770,14555,803
8770,14555,803
8770,14555,803
8770,14555,803
8770,14555,803
8770,14555,803
7706,2595,804
8770,14502,804
9763,9764,804
7706,2595,805
7706,2595,805
7706,2595,805
7706,2595,805
7706,2595,805
7706,2595,805
7706,2595,805
7706,2595,805
7706,2595,805
7706,2595,805
7577,9766,806
7706,18313,806
7706,18313,806
7706,18313,806
7706,18313,806
7706,18313,806
7706,18313,806
7706,18313,806
7706,18313,806
7706,18313,806
7706,18313,806
7706,18313,806
7706,18313,806
7706,18313,806
7706,18313,806
7706,18313,806
7706,18313,806
7706,18313,806
7706,18313,806
7706,18313,806
7706,18313,807
7706,18343,807
7577,9765,808
7706,18313,808
7706,18313,808
7706,13934,809
7706,13934,809
7706,14085,809
7706,14085,809
7706,14085,809
7706,13934,810
7706,14085,810
7706,14085,810
7706,14085,810
8962,2060,810
8962,2060,810
8962,2060,810
8962,2060,810
8962,2060,810
8962,2060,810
8962,2060,810
7706,13940,811
7706,13940,811
7706,15426,811
7706,15426,811
7706,2680,812
7706,2680,812
7706,2680,812
7706,2680,812
7706,2680,812
7706,2680,812
7706,2680,812
7706,2680,812
7706,2680,812
7706,2680,812
7706,2680,812
7706,2680,812
7706,2680,812
7706,2680,812
7706,2680,813
7706,2680,813
7706,2680,813
7706,2680,813
7706,2680,813
7706,2680,813
7706,2680,813
7706,2680,813
7706,2680,813
7706,2680,813
7706,2680,813
7706,2680,813
7706,2680,813
7706,2680,813
7706,2680,813
7706,2680,813
7706,2680,813
7706,2680,813
7706,2680,813
7706,2680,813
7706,2680,813
7706,2680,813
7706,2680,813
7706,2680,813
7706,2680,813
7706,2680,813
7706,2680,813
7706,2680,813
8962,2060,813
8962,2060,813
8962,2060,813
8962,2060,813
8962,2060,813
8962,2060,813
8962,2060,813
9763,9764,813
8962,2595,814
8962,2595,814
8962,2595,814
8962,2595,814
8962,2595,814
8962,2595,814
8962,2595,814
8962,2595,814
8962,2595,814
8962,2595,814
8962,2595,814
7706,21350,815
7706,21350,815
7706,21350,815
7706,21350,815
7706,21350,815
7706,21350,815
7706,21350,815
7706,21350,815
7706,21350,815
7706,21350,815
7706,21350,815
7706,21350,815
7706,21350,815
7706,21350,815
7706,21350,815
7706,21350,815
7706,21350,815
7706,21350,815
7706,21350,815
7706,21351,815
8962,2060,815
8962,2060,815
8962,2060,815
8962,2060,815
8962,2060,815
8962,2060,815
8962,2060,815
7706,21359,816
7706,21359,816
8962,4670,816
8962,4670,816
8962,4670,816
8962,4670,816
8962,4670,816
8962,4670,816
8962,4670,816
8962,4670,816
8962,4670,816
8962,4670,816
8962,4670,816
8962,4670,816
8962,4670,816
8962,4670,816
8962,4670,816
8962,4670,816
8962,4670,816
8962,4670,816
8962,4670,816
8962,4670,816
8962,4670,816
8962,4670,816
8962,4670,816
8962,4670,816
8962,4670,816
8962,4670,816
8962,4670,816
8962,4670,816
8962,4670,816
8962,4670,816
8962,4670,816
8962,4670,816
8962,4670,816
8962,4670,816
8962,4670,816
8962,4670,816
8962,4670,816
8962,4670,816
8962,4670,816
8962,4670,816
8962,4670,816
7577,9766,817
7706,14763,817
7706,14763,817
7706,14763,817
7706,14763,817
7706,14763,817
7706,14763,817
7706,14763,817
7706,14763,817
7706,14763,817
7706,14763,817
7706,14763,817
7706,14763,817
7706,14763,817
7706,14763,817
7706,14763,817
7706,14763,817
7706,14763,817
7706,14763,817
7706,14763,817
7706,14763,817
7706,14763,817
7706,14763,817
7706,14763,817
7706,14763,817
7706,14763,817
7706,14763,817
7706,14763,817
7706,14763,817
7706,14763,817
7706,14772,817
7706,21359,817
7706,14763,818
7706,14763,819
7706,14763,820
8962,2060,820
8962,2060,820
8962,2060,820
8962,2060,820
8962,2060,820
8962,2060,820
8962,2060,820
8962,21350,820
8962,21350,820
8962,21350,820
8962,21350,820
8962,21350,820
8962,21350,820
8962,21350,820
8962,21350,820
8962,21350,820
8962,21350,820
8962,21350,820
8962,21350,820
8962,21350,820
8962,21350,820
8962,21350,820
8962,21350,820
8962,21350,820
8962,21350,820
8962,21350,820
8962,21351,820
8962,22652,820
8962,22652,820
8962,22652,820
8962,22652,820
8962,22652,820
8962,22652,820
8962,22652,820
8962,22652,820
8962,22652,820
8962,22652,820
8962,22652,820
8962,22652,820
8962,22652,820
8962,22652,820
8962,22652,820
9763,9764,820
7577,9765,821
8962,4670,821
8962,4670,821
8962,4670,821
8962,4670,822
8962,4670,822
8962,4670,822
8962,4670,822
7706,20675,823
8962,4670,823
8962,4670,823
8962,4670,823
8962,13934,823
8962,13934,823
8962,14085,823
8962,14085,823
8962,14085,823
8962,18551,823
8962,18551,823
8962,18551,823
8962,18551,823
8962,18551,823
8962,18551,823
8962,18551,823
8962,18551,823
8962,18551,823
8962,18551,823
8962,18551,823
8962,18551,823
8962,18551,823
8962,18551,823
8962,18551,823
8962,18551,823
8962,18551,823
8962,18551,823
9765,7577,823
8962,4670,824
8962,4670,824
8962,4670,824
8962,4670,824
8962,4670,824
8962,4670,824
8962,4670,824
8962,4670,824
8962,4670,824
8962,4670,824
8962,4670,824
8962,4670,824
8962,4670,824
8962,4670,824
8962,4670,824
8962,4670,824
8962,4670,824
8962,4670,824
8962,4670,824
8962,4670,824
8962,4670,824
8962,4670,824
8962,4670,824
8962,4670,824
8962,4670,824
8962,4670,824
8962,4670,824
8962,4670,824
8962,4670,824
8962,4670,824
8962,4670,824
8962,4670,824
8962,4670,824
8962,4670,824
8962,4670,824
8962,4670,824
8962,4670,824
8962,4670,824
8962,4670,824
8962,4670,824
8962,18145,824
8962,18145,824
8962,18145,824
8962,18145,824
8962,18145,824
8962,18145,824
8962,18145,824
8962,18145,824
8962,18145,824
8962,18145,824
8962,18145,824
8962,18145,824
8962,18145,824
8962,18145,824
8962,4310,825
8962,4310,825
8962,4310,825
8962,4310,825
8962,4670,825
8962,2680,826
8962,2680,826
8962,2680,826
8962,2680,826
8962,2680,826
8962,2680,826
8962,2680,826
8962,2680,826
8962,2680,826
8962,2680,826
8962,2680,826
8962,2680,826
8962,2680,826
8962,2680,826
8962,2680,827
8962,14553,828
8962,14553,828
8962,14553,828
8962,14553,828
8962,14553,828
8962,14553,828
8962,14553,828
8962,14553,828
8962,14553,828
8962,14553,828
8962,14553,828
9763,9764,828
7577,9766,829
7577,9765,830
9764,9763,831
8962,1761,832
8962,1762,832
8962,1761,833
8215,12080,834
8215,12080,834
8215,12080,834
8215,12080,834
8215,12080,834
8215,12080,834
8215,12080,834
8215,12080,834
8215,12080,834
8215,12080,834
8215,12080,834
8215,12080,834
8215,12080,834
8215,12080,834
8215,12080,834
8215,12080,834
8215,12080,834
8215,12080,834
8215,12080,834
8215,12080,834
8215,12080,834
8215,12080,834
8215,12080,834
8215,12080,834
8215,12080,834
8215,12080,834
8215,12080,834
8215,12080,834
8215,12080,834
9763,9764,835
8215,13934,836
8215,14085,836
8215,14085,836
8215,14085,836
7577,9765,837
8215,13934,837
8215,13934,837
8215,14085,837
8215,14085,837
8215,14085,837
7577,9766,838
8215,2680,838
8215,2680,838
8215,2680,838
8215,2680,838
8215,2680,838
8215,2680,838
8215,2680,838
8215,2680,838
8215,2680,838
8215,13934,838
8215,2680,839
8215,2680,839
8215,2680,839
8215,2680,839
8215,2680,839
8215,2680,840
8215,4670,841
8215,4670,841
8215,4670,841
8215,4670,841
8215,4670,841
8215,4670,841
8215,4670,841
8215,4670,841
8215,4670,841
8215,4670,841
8215,4670,841
8215,4670,841
8215,4670,841
8215,4670,841
8215,4670,841
8215,4670,841
8215,4670,841
8215,4670,841
8215,4670,841
8215,4670,841
8215,4670,841
8215,4670,841
8215,4670,841
8215,4670,841
8215,4670,841
8215,4670,841
8215,4670,841
8215,4670,841
8215,4670,841
8215,4670,841
8215,4670,841
8215,4670,841
8215,4670,841
8215,4670,841
8215,4670,841
8215,4670,841
8215,4670,841
8215,4670,841
8215,4670,841
8215,4670,841
8215,4670,841
8215,13934,841
8215,13934,841
8215,13934,841
8215,14085,841
8215,14085,841
8215,14085,841
9763,9764,842
8215,13934,843
9765,7577,843
11237,8235,843
7577,9765,844
9763,9764,844
8215,18313,845
8215,18313,845
8215,18313,845
8215,18313,845
8215,18313,845
8215,18313,845
8215,18313,845
8215,18313,845
8215,18313,845
8215,18313,845
8215,18313,845
8215,18313,845
8215,18313,845
8215,18313,845
8215,18313,845
8215,18313,845
8215,18313,845
8215,18313,845
8215,18313,845
8327,2680,845
8327,2680,845
8327,2680,845
8327,2680,845
8327,2680,845
8327,2680,845
8327,2680,845
8327,2680,845
8327,2680,845
8327,2680,845
8327,2680,845
8327,2680,845
8327,2680,845
8327,2680,845
8215,18313,846
8327,2680,847
8327,2680,847
8327,2680,847
8327,2680,847
8327,2680,847
8327,2680,847
8327,2680,847
8327,2680,847
8327,2680,847
8327,2680,847
8327,2680,847
8327,2680,847
8215,12080,848
8215,12080,848
8215,12080,848
8215,12080,848
8215,12080,848
8215,12080,848
8215,12080,848
8215,12080,848
8215,12080,848
8215,12080,848
8215,12080,848
8215,12080,848
8215,12080,848
8215,12080,848
8215,12080,848
8215,12080,848
8215,12080,848
8215,12080,848
8215,12080,848
8215,12080,848
8215,12080,848
8215,12080,848
8215,12080,848
8215,12080,848
8215,12080,848
8215,12080,848
8215,12080,848
8215,12080,848
8327,1761,848
8327,1761,848
8327,1761,848
8327,1761,848
8327,1761,848
8327,1761,848
8327,1761,848
8327,1761,848
8327,1761,848
8327,1761,848
8327,1761,848
8327,1761,848
8327,1761,848
8327,1761,848
8327,1761,848
8327,1761,848
8327,1761,848
8327,1761,848
8327,1761,848
7577,9766,849
8017,12080,849
8017,12080,849
8017,12080,849
8017,12080,849
8017,12080,849
8017,12080,849
8017,12080,849
8017,12080,849
8017,12080,849
8017,12080,849
8017,12080,849
8017,12080,849
8017,12080,849
8017,12080,849
8017,12080,849
8017,12080,849
8017,12080,849
8017,12080,849
8017,12080,849
8017,12080,849
8017,12080,849
8017,12080,849
8017,12080,849
8017,12080,849
8017,12080,849
8017,12080,849
8017,12080,849
8017,12080,849
8215,13934,849
8215,14085,849
8215,14085,849
8215,14085,849
8017,2680,850
8017,2680,850
8017,2680,850
8017,2680,850
8017,2680,850
8017,2680,850
8017,2680,850
8017,2680,850
8017,2680,850
8017,2680,850
8017,2680,850
8017,2680,850
8017,2680,850
8017,2680,850
8017,12080,850
8017,12080,850
8017,12080,850
8017,12080,850
8017,12080,850
8017,12080,850
8017,12080,850
8017,12080,850
8017,12080,850
8017,12080,850
8017,12080,850
8017,12080,850
8017,12080,850
8017,12080,850
8017,12080,850
8017,12080,850
8017,12080,850
8017,12080,850
8017,12080,850
8017,12080,850
8017,12080,850
8017,12080,850
8017,12080,850
8017,12080,850
8017,12080,850
8017,12080,850
8017,12080,850
8017,12080,850
8017,18142,850
8017,18142,850
8017,18142,850
8017,18142,850
8017,18142,850
8017,18142,850
8017,18142,850
8017,18142,850
8017,18142,850
8017,18142,850
8017,18142,850
8017,18142,850
8017,18142,850
8017,18142,850
8017,18142,850
8017,18142,850
8017,18142,850
8017,18142,850
8017,18142,850
8017,18142,850
8017,18142,850
8215,2595,850
8215,2595,850
8215,2595,850
8215,2595,850
8215,2595,850
8215,2595,850
8215,2595,850
8215,2595,850
8215,2595,850
8215,2595,850
8215,2595,850
8327,13934,850
8327,13934,850
8327,14085,850
8327,14085,850
8327,14085,850
8327,14085,850
8327,14085,850
8327,14085,850
8327,14085,850
8327,14085,850
9763,9764,850
8215,2595,851
8215,2595,851
8327,13934,851
8017,18142,852
8327,13934,852
8327,13934,852
8327,14085,852
8327,14085,852
8327,14085,852
8017,18163,853
8017,18170,853
9765,7577,853
8215,2595,854
8215,2595,854
8327,18551,854
8327,18551,854
8327,18551,854
8327,18551,854
8327,18551,854
8327,18551,854
8327,18551,854
8327,18551,854
8327,18551,854
8327,18551,854
8327,18551,854
8327,18551,854
8327,18551,854
8327,18551,854
8327,18551,854
8327,18551,854
8327,18551,854
8327,18551,854
8215,2595,855
8215,2595,856
7577,9765,857
8017,18170,858
8215,2595,858
8327,4670,858
8327,4670,858
8327,4670,858
8327,4670,858
8327,4670,858
8327,4670,858
8327,4670,858
8327,4670,858
8327,4670,858
8327,4670,858
8327,4670,858
8327,4670,858
8327,4670,858
8327,4670,858
8327,4670,858
8327,4670,858
8327,4670,858
8327,4670,858
8327,4670,858
8327,4670,858
8327,4670,858
8327,4670,858
8327,4670,858
8327,4670,858
8327,4670,858
8327,4670,858
8327,4670,858
8327,4670,858
8327,4670,858
8327,4670,858
8327,4670,858
8327,4670,858
8327,4670,858
8327,4670,858
8327,4670,858
8327,4670,858
8327,4670,858
8327,4670,858
8327,4670,858
8327,4670,858
8327,4670,858
8215,2595,859
8215,18142,859
8215,18142,859
8215,18142,859
8215,18142,859
8215,18142,859
8215,18142,859
8215,18142,859
8215,18142,859
8215,18142,859
8215,18142,859
8215,18142,859
8215,18142,859
8215,18142,859
8215,18142,859
8215,18142,859
8215,18142,859
8215,18142,859
8215,18142,859
8215,18142,859
8215,18142,859
8215,18142,859
8327,11543,859
8017,11541,860
8017,14500,860
8017,18142,860
8017,18142,860
8017,18142,860
8017,18142,860
8017,18142,860
8017,18142,860
8017,18142,860
8017,18142,860
8017,18142,860
8017,18142,860
8017,18142,860
8017,18142,860
8017,18142,860
8017,18142,860
8017,18142,860
8017,18142,860
8017,18142,860
8017,18142,860
8017,18142,860
8017,18142,860
8017,18142,860
8215,18142,860
9763,9764,860
8017,11543,861
8017,11543,861
8215,18142,861
8215,18142,861
8215,18142,861
8215,18142,861
8215,18142,861
8215,18142,861
8215,18142,861
8215,18142,861
8215,18142,861
8215,18142,861
8215,18142,861
8215,18142,861
8215,18142,861
8215,18142,861
8215,18142,861
8215,18142,861
8215,18142,861
8215,18142,861
8215,18142,861
8215,18142,861
8215,18142,861
8215,18142,861
8215,18142,861
8327,9738,861
8327,9738,861
8327,9738,861
8327,9738,861
8327,9738,861
8327,9738,861
8327,9738,861
8327,9738,861
8327,9738,861
8017,14763,862
8017,14763,862
8017,14763,862
8017,14763,862
8017,14763,862
8017,14763,862
8017,14763,862
8017,14763,862
8017,14763,862
8017,14763,862
8017,14763,862
8017,14763,862
8017,14763,862
8017,14763,862
8017,14763,862
8017,14763,862
8017,14763,862
8017,14763,862
8017,14763,862
8017,14763,862
8017,14763,862
8017,14763,862
8017,14763,862
8017,14763,862
8017,14763,862
8017,14763,862
8017,14763,862
8017,14763,862
8017,14763,862
8017,14772,862
8327,3258,862
8327,3258,862
8327,3258,862
8327,3258,862
8327,3258,862
8327,3258,862
8327,3258,862
8327,3258,862
8327,3258,862
8327,3258,862
8327,3258,862
8327,3258,862
8327,3258,862
8327,3258,862
8327,3258,862
8327,3258,862
8327,3258,862
8327,3258,862
8327,3258,862
8327,3258,862
8327,3258,862
8327,3258,862
8327,3258,862
8327,3258,862
8327,3258,862
8327,3258,862
8327,3258,862
8327,3258,862
8327,3258,862
8327,3258,862
8327,3258,862
8327,3258,862
8327,3258,862
8327,3258,862
8327,3258,862
8327,12096,862
8215,3396,863
8215,3396,863
8215,3396,863
8215,3396,863
8215,3396,863
8215,3403,863
8215,3403,863
8215,3403,863
8215,3403,863
8215,3403,863
8215,3403,863
8215,3403,863
8215,3403,863
8215,3403,863
8215,3403,863
8215,3403,863
8327,3258,863
8327,3260,863
8327,12096,863
7577,9766,864
8017,14763,864
8017,14772,864
8017,14763,865
8327,18147,865
8327,18147,865
8327,18147,865
8327,18147,865
8327,18147,865
8327,18147,865
8327,18147,865
8327,18147,865
8327,18147,865
8327,18147,865
8327,18147,865
8327,18147,865
8327,18147,865
8327,18147,865
8327,18147,865
8327,22652,865
8327,22652,865
8327,22652,865
8327,22652,865
8327,22652,865
8327,22652,865
8327,22652,865
8327,22652,865
8327,22652,865
8327,22652,865
8327,22652,865
8327,22652,865
8327,22652,865
8327,22652,865
8327,22652,865
8017,18007,866
8017,18007,866
8215,22602,866
8017,18007,867
8215,18551,867
8017,18007,868
8215,14096,868
8017,21350,869
8017,21350,869
8017,21350,869
8017,21350,869
8017,21350,869
8017,21350,869
8017,21350,869
8017,21350,869
8017,21350,869
8017,21350,869
8017,21350,869
8017,21350,869
8017,21350,869
8017,21350,869
8017,21350,869
8017,21350,869
8017,21350,869
8017,21350,869
8017,21350,869
8017,21351,869
8017,16333,870
9763,9764,870
8017,16333,871
8215,14095,871
9765,7577,871
7577,9765,872
8215,2060,873
8215,2060,873
8215,2060,873
8215,2060,873
8215,2060,873
8215,2060,873
8215,2060,873
8215,23936,873
7577,9766,874
9763,9764,874
7765,12080,875
7765,12080,875
7765,12080,875
7765,12080,875
7765,12080,875
7765,12080,875
7765,12080,875
7765,12080,875
7765,12080,875
7765,12080,875
7765,12080,875
7765,12080,875
7765,12080,875
7765,12080,875
7765,12080,875
7765,12080,875
7765,12080,875
7765,12080,875
7765,12080,875
7765,12080,875
7765,12080,875
7765,12080,875
7765,12080,875
7765,12080,875
7765,12080,875
7765,12080,875
7765,12080,875
7765,12080,875
7765,12080,876
7765,12080,877
7765,12080,877
7765,12080,877
7765,12080,877
7765,12080,877
7765,12080,877
7765,12080,877
7765,12080,877
7765,12080,877
7765,12080,877
7765,12080,877
7765,12080,877
7765,12080,877
7765,12080,877
7765,12080,877
7765,12080,877
7765,12080,877
7765,12080,877
7765,12080,877
7765,12080,877
7765,12080,877
7765,12080,877
7765,12080,877
7765,12080,877
7765,12080,877
7765,12080,877
7765,12080,877
7765,12080,877
7765,12080,878
7577,9765,879
9763,9764,879
7765,13934,880
7765,14085,880
7765,14085,880
7765,14085,880
7765,13934,881
8215,11663,881
9765,7577,881
7765,22652,882
7765,22652,882
7765,22652,882
7765,22652,882
7765,22652,882
7765,22652,882
7765,22652,882
7765,22652,882
7765,22652,882
7765,22652,882
7765,22652,882
7765,22652,882
7765,22652,882
7765,22652,882
7765,22652,882
7765,22652,883
7765,22652,884
9763,9764,885
7765,22652,886
8215,11663,886
7577,9766,887
7765,22652,888
8215,11663,888
7765,22652,889
8215,11663,890
7577,9765,891
8215,11663,891
8215,11663,891
8215,11663,892
8215,11663,893
8215,11663,894
9763,9764,894
8215,11663,895
8215,11663,895
8215,11663,896
7577,9766,897
9764,9763,898
9765,7577,899
7577,9765,900
7577,9765,901
7577,9765,901
7577,9765,902
7577,9765,902
8117,11443,902
9764,9763,902
9764,9763,902
8215,11443,903
7765,11394,904
7577,9766,905
7577,9766,905
8236,2299,905
8236,2299,905
8236,2299,905
8236,2299,905
8236,2299,906
8236,2299,906
8236,2299,906
8236,2299,906
8236,2299,906
8236,2299,906
8236,2299,906
8236,2299,906
8236,2299,906
8236,2299,906
8236,2299,906
8236,2299,906
8236,2299,906
8236,22601,906
8236,2299,907
8236,2299,907
8236,2299,907
8236,2299,907
8236,2299,907
8236,2299,907
8236,2299,907
8236,2299,907
8236,2299,907
8236,2299,907
8236,2299,907
8236,2299,907
8236,2299,907
8017,10139,908
8017,10215,908
8017,11101,908
8236,2299,908
8236,2299,908
8236,2299,908
8236,2299,908
8236,2299,908
8236,2299,908
8236,2299,908
8236,2299,908
8236,2299,908
8236,2299,908
8236,2299,908
8236,2299,908
8236,2299,908
8236,2299,908
8236,2299,908
10139,8235,908
7751,10215,909
8236,2299,909
8236,2299,909
8236,2299,909
8236,2299,909
8236,2299,909
8236,2299,909
8236,2299,909
8236,2299,909
8236,2299,909
8236,2299,909
8236,2299,909
8236,2299,909
8236,2299,909
9763,9764,909
10139,7706,909
10139,7751,909
10215,7607,909
10215,7751,909
10215,7765,909
10215,7863,909
10215,7897,909
10215,7918,909
10215,8017,909
10215,8215,909
10215,8235,909
10215,8236,909
7751,10139,910
7751,10139,910
2538,7607,911
7897,10215,911
7897,10215,911
8235,10139,911
8235,10139,911
7577,10215,912
7577,11101,912
8117,11101,912
10139,8017,912
11101,7863,912
11101,8117,912
11101,8215,912
11101,8235,912
7577,9765,913
8236,2299,913
8236,2299,913
8236,2299,913
8236,2299,913
8236,2299,913
8236,2299,913
8236,2299,913
8236,2299,913
8236,2299,913
8236,2299,913
8236,2299,913
8236,2299,913
8236,2299,913
8236,2299,913
8236,2299,913
8236,2299,913
8236,2299,913
8236,2299,913
8236,2299,913
8236,2299,913
8236,2299,913
8236,2299,913
8236,2299,913
8236,2299,913
8236,2299,913
8236,2299,913
8236,12080,913
8236,12080,913
8236,12080,913
8236,12080,913
8236,12080,913
8236,12080,913
8236,12080,913
8236,12080,913
8236,12080,913
8236,12080,913
8236,12080,913
8236,12080,913
8236,12080,913
8236,12080,913
8236,12080,913
8236,12080,913
8236,12080,913
8236,12080,913
8236,12080,913
8236,12080,913
8236,12080,913
8236,12080,913
8236,12080,913
8236,12080,913
8236,12080,913
8236,12080,913
8236,12080,913
8236,12080,913
8941,13934,913
8941,14085,913
8941,14085,913
8941,14085,913
7577,9765,914
7577,10215,914
7577,11443,914
8236,2299,914
8236,2299,914
8236,2299,914
8236,2299,914
8941,13934,914
8941,13934,914
8941,14085,914
8941,14085,914
8941,14085,914
8941,14085,914
8941,14085,914
8941,14085,914
8941,14085,914
11443,8215,914
2405,7607,915
2405,7706,915
2405,7751,915
2405,7765,915
2405,7863,915
2405,7897,915
2405,7918,915
2405,8017,915
2405,8117,915
2405,8215,915
2405,8235,915
2405,8236,915
2405,8274,915
7577,2405,915
7706,2405,915
7706,10139,915
8117,2405,915
8236,12096,915
8236,12096,915
8236,12096,915
8236,12096,915
8236,14366,915
8236,14366,915
8236,14366,915
8236,14366,915
8236,14366,915
7897,2405,916
8215,10215,916
8236,12096,916
8236,12096,916
8236,12096,916
8236,12096,916
8236,14366,916
8236,14366,916
8236,14366,916
8236,14366,916
8941,13934,916
8941,14085,916
8941,14085,916
8941,14085,916
8236,10215,917
7751,2405,918
7751,2405,918
7765,2405,918
8236,10215,918
8941,13934,918
8941,14085,918
8941,14085,918
8941,14085,918
9763,9764,918
7918,10215,919
7577,2405,920
7577,9765,920
7577,9766,920
8235,11101,920
8941,13934,920
8941,13934,920
8941,13934,920
8941,14085,920
8941,14085,920
8941,14085,920
10851,7706,920
10851,7765,920
10851,8017,920
11101,8235,920
2405,8017,921
2405,8215,921
2405,8236,921
2405,8274,921
8236,14366,921
8236,14366,921
8236,14366,921
8236,14366,921
8236,14366,921
8274,2405,921
10851,7706,921
10851,8017,921
10851,8274,921
7577,11237,922
8235,2405,922
8235,2405,922
8236,2405,922
10658,7607,922
10658,7751,922
10658,7765,922
10658,7918,922
10658,8236,922
10658,8274,922
11237,7706,922
11237,7765,922
11237,8017,922
11237,8274,922
7706,10851,923
7751,15597,923
7751,15601,923
7751,15601,923
7751,15601,923
7751,15601,923
7751,15601,923
7751,15601,923
7751,15601,923
7751,15601,923
7751,15601,923
7751,15601,923
7751,15601,923
7751,15601,923
7751,15601,923
7751,15601,923
7751,15601,923
7751,15601,923
7751,15601,923
7751,15601,923
7751,15601,923
7751,15601,923
7751,15601,923
7751,15601,923
7751,15601,923
7751,15601,923
7751,15601,923
7751,15601,923
7751,15601,923
7751,15601,923
7751,15601,923
7751,15601,923
7751,15601,923
7751,15601,923
7751,15601,923
7751,15601,923
7751,15601,923
7751,15601,923
7751,15609,923
7751,15609,923
7765,10658,923
8236,10658,923
8236,14366,923
8236,14366,923
8236,14366,923
8236,14366,923
8236,14366,923
8236,14366,923
8236,14366,923
8236,14366,923
8236,14366,923
8236,14366,923
8236,14366,923
8236,14366,923
8236,18535,923
8274,10658,923
8933,18551,923
8933,18551,923
8933,18551,923
8933,18551,923
8933,18551,923
8933,18551,923
8933,18551,923
8933,18551,923
8933,18551,923
8933,18551,923
8933,18551,923
8933,18551,923
8933,18551,923
8933,18551,923
8933,18551,923
8933,18551,923
8933,18551,923
8933,18551,923
7607,10658,924
7706,2405,924
7751,15601,924
7751,15601,924
7751,15609,924
7751,15613,924
7751,15677,924
7751,15677,924
7751,15677,924
7751,15677,924
7751,15677,924
7751,15677,924
7751,15677,924
7751,15677,924
7751,15677,924
7751,15677,924
7751,15677,924
7751,15677,924
7751,15677,924
7751,15677,924
7751,15677,924
7751,15677,924
7751,15677,924
7751,15677,924
7751,15677,924
7751,15677,924
7751,15677,924
7751,15677,924
7751,15677,924
7751,15677,924
7751,15677,924
7751,15677,924
7751,15677,924
7751,15677,924
7751,15677,924
7751,15677,924
7751,15677,924
7751,15677,924
7751,15677,924
7751,15677,924
7751,15677,924
7751,15677,924
7765,11237,924
8017,10851,924
8274,10851,924
8933,18551,924
8933,18551,924
8933,18551,924
8933,18551,924
8941,13934,924
8941,13934,924
8941,13934,924
8941,13934,924
8941,14085,924
8941,14085,924
8941,14085,924
8941,14085,924
8941,14085,924
8941,14085,924
8941,14085,924
8941,14085,924
8941,14085,924
8941,14085,924
7751,3396,925
7751,3396,925
7751,3396,925
7751,3396,925
7751,3396,925
7751,3403,925
7751,3403,925
7751,3403,925
7751,3403,925
7751,3403,925
7751,3403,925
7751,3403,925
7751,3403,925
7751,3403,925
7751,3403,925
7751,3403,925
7751,3403,925
7751,3403,925
7751,3403,925
7751,3403,925
7751,3403,925
7751,3403,925
7751,3403,925
7751,3403,925
7751,3403,925
7751,3403,925
7751,3403,925
7751,3403,925
7751,15597,925
7751,15597,925
7751,15601,925
7751,15601,925
7751,15601,925
7751,15601,925
7751,15601,925
7751,15601,925
7751,15601,925
7751,15601,925
7751,15601,925
7751,15601,925
7751,15601,925
7751,15601,925
7751,15601,925
7751,15601,925
7751,15601,925
7751,15601,925
7751,15601,925
7751,15601,925
7751,15601,925
7751,15601,925
7751,15601,925
7751,15601,925
7751,15601,925
7751,15601,925
7751,15601,925
7751,15601,925
7751,15601,925
7751,15602,925
7751,15602,925
7751,15602,925
7751,15602,925
7751,15602,925
7751,15602,925
7751,15602,925
7751,15602,925
7751,15602,925
7751,15602,925
7751,15602,925
7751,15602,925
7751,15602,925
7751,15602,925
7751,15602,925
7751,15602,925
7751,15602,925
7751,15602,925
7751,15609,925
7751,15609,925
7751,15609,925
7751,15609,925
7751,15609,925
7751,15609,925
7751,15609,925
7751,15609,925
7751,15609,925
7765,10851,925
7765,11443,925
8017,10851,925
8117,2405,925
8236,14366,925
8236,14366,925
8236,14366,925
8236,14366,925
8236,14366,925
8236,14366,925
8236,14366,925
8236,14366,925
8236,14366,925
8236,14366,925
8236,14366,925
8236,14366,925
8236,14366,925
8236,14366,925
8236,14366,925
8236,14366,925
8236,14366,925
8236,14366,925
8236,14366,925
8236,14366,925
8236,14366,925
8236,14366,925
8236,14366,925
8236,14366,925
8236,14366,925
8236,14366,925
8236,14366,925
8236,14366,925
8933,15597,925
8933,15601,925
8933,15601,925
8933,15601,925
8933,15601,925
8933,15601,925
8933,15601,925
8933,15601,925
8933,15601,925
8933,15601,925
8933,15601,925
8933,15601,925
8933,15601,925
8933,15601,925
8933,15601,925
8933,15601,925
8933,15601,925
8933,15601,925
8933,15601,925
8933,15601,925
8933,15601,925
8933,15601,925
8933,15601,925
8933,15601,925
8933,15601,925
8933,15601,925
8933,15601,925
8933,15601,925
8933,15601,925
8933,15601,925
8933,15601,925
8933,15601,925
8933,15601,925
8933,15601,925
8933,15601,925
8933,15601,925
8933,15601,925
8933,15609,925
8933,15609,925
8941,13934,925
8941,15597,925
8941,15601,925
8941,15601,925
8941,15601,925
8941,15601,925
8941,15601,925
8941,15601,925
8941,15601,925
8941,15601,925
8941,15601,925
8941,15601,925
8941,15601,925
8941,15601,925
8941,15601,925
8941,15601,925
8941,15601,925
8941,15601,925
8941,15601,925
8941,15601,925
8941,15601,925
8941,15601,925
8941,15601,925
8941,15601,925
8941,15601,925
8941,15601,925
8941,15601,925
8941,15601,925
8941,15601,925
8941,15601,925
8941,15601,925
8941,15601,925
8941,15601,925
8941,15601,925
8941,15601,925
8941,15601,925
8941,15601,925
8941,15601,925
8941,15609,925
8941,15609,925
7751,18788,926
7751,18790,926
8236,3068,926
8933,13934,926
8933,14085,926
8933,14085,926
8933,14085,926
7751,12080,927
7751,12080,927
7751,12080,927
7751,12080,927
7751,12080,927
7751,12080,927
7751,12080,927
7751,12080,927
7751,12080,927
7751,12080,927
7751,12080,927
7751,12080,927
7751,12080,927
7751,12080,927
7751,12080,927
7751,12080,927
7751,12080,927
7751,12080,927
7751,12080,927
7751,12080,927
7751,12080,927
7751,12080,927
7751,12080,927
7751,12080,927
7751,12080,927
7751,12080,927
7751,12080,927
7751,12080,927
8236,14366,927
8236,14366,927
8236,14366,927
8236,14366,927
8236,14366,927
8236,14366,927
8236,14366,927
8236,14366,927
8933,2299,927
8933,2299,927
8933,2299,927
8933,2299,927
7751,12080,928
7751,12080,928
7751,12080,928
7751,12080,928
7751,12080,928
7751,12080,928
7751,12080,928
7751,12080,928
7751,12080,928
7751,12080,928
7751,12080,928
7751,12080,928
7751,12080,928
7751,12080,928
7751,12080,928
7751,12080,928
7751,12080,928
7751,12080,928
7751,12080,928
7751,12080,928
7751,12080,928
7751,12080,928
7751,12080,928
7751,12080,928
7751,12080,928
7751,12080,928
7751,12080,928
7751,12080,928
8236,14366,928
8933,2299,928
8933,2299,928
8933,2299,928
8933,2299,928
8933,2299,928
8933,2299,928
8933,2299,928
8933,2299,928
8933,2299,928
8933,2299,928
8933,2299,928
8933,2299,928
8933,2299,928
8933,2299,928
8933,2299,928
8933,2299,928
8933,2299,928
8941,13934,928
8941,13934,928
8941,13934,928
8941,14085,928
8941,14085,928
8941,14085,928
8941,14085,928
8941,14085,928
8941,14085,928
8941,14085,928
9763,9764,928
7577,9765,929
7577,9765,929
7706,10851,929
7751,14500,929
7751,18912,929
7751,24471,929
7751,24471,929
7751,24471,929
7751,24471,929
7751,24471,929
7751,24471,929
7751,24471,929
7751,24471,929
7751,24471,929
7751,24471,929
7751,24471,929
7751,24471,929
7751,24471,929
7751,24471,929
7751,24471,929
7751,24471,929
7751,24471,929
7751,24471,929
7751,24471,929
7751,24471,929
7751,24471,929
7751,24471,929
7751,24471,929
7751,24471,929
7751,24471,929
7751,24471,929
7751,24471,929
7751,24471,929
7751,24471,929
8017,10851,929
8236,12080,929
8236,12080,929
8236,12080,929
8236,12080,929
8236,12080,929
8236,12080,929
8236,12080,929
8236,12080,929
8236,12080,929
8236,14553,929
8236,14553,929
8236,14553,929
8236,14553,929
8236,14553,929
8236,14553,929
8236,14553,929
8236,14553,929
8236,14553,929
8236,14553,929
8933,2299,929
8933,2299,929
8933,2299,929
8933,2299,929
8933,2299,929
8933,2299,929
8933,2299,929
8933,2299,929
8933,2299,929
8933,2299,929
8933,2299,929
8933,2299,929
8933,2299,929
7577,2405,930
7577,11443,930
7751,11443,930
7751,24471,930
7751,24471,930
7751,24471,930
7751,24471,930
7751,24471,930
7751,24471,930
7751,24471,930
7751,24471,930
7751,24471,930
7751,24471,930
7751,24471,930
7751,24471,930
7751,24471,930
7751,24471,930
7751,24471,930
7751,24471,930
7751,24471,930
7751,24471,930
7751,24471,930
7751,24471,930
7897,2405,930
8215,12096,930
8215,12096,930
8215,12096,930
8215,12096,930
8215,14366,930
8215,14366,930
8215,14366,930
8215,14366,930
8236,12050,930
8236,12050,930
8236,12080,930
8236,12080,930
8236,12080,930
8236,12080,930
8236,12080,930
8236,12080,930
8236,12080,930
8236,12080,930
8236,12080,930
8236,12080,930
8236,12080,930
8236,12080,930
8236,12080,930
8236,12080,930
8236,12080,930
8236,12080,930
8236,12080,930
8236,12080,930
8236,14553,930
8236,14553,930
8236,14553,930
8236,14553,930
8236,14553,930
8236,14553,930
8236,14553,930
8236,14553,930
8236,14553,930
8236,14553,930
8882,2299,930
8882,2299,930
8882,2299,930
8882,2299,930
8882,3265,930
8882,14502,930
8882,14502,930
8882,14502,930
8882,14502,930
8882,14502,930
8882,14502,930
8882,14502,930
8882,14502,930
8882,20152,930
8933,9940,930
8933,9940,930
8933,9940,930
8933,9940,930
8933,9940,930
8933,9940,930
8933,9940,930
8933,18170,930
8933,18170,930
8933,18170,930
8933,18170,930
8933,18170,930
8933,18170,930
8933,18170,930
8933,18170,930
8933,18170,930
8933,18170,930
8933,18170,930
8933,18170,930
8933,18170,930
8933,18170,930
8933,18170,930
8933,18170,930
8933,18170,930
8933,18170,930
8933,18170,930
8933,18170,930
8933,18170,930
8933,18170,930
8933,18170,930
8933,18170,930
8933,18170,930
8933,18170,930
8933,18170,930
8933,18170,930
8933,18170,930
8933,18170,930
8933,18170,930
8933,18170,930
8933,18170,930
8941,13934,930
8941,13934,930
8941,13934,930
8941,13934,930
8941,13955,930
8941,14085,930
8941,14085,930
8941,14085,930
8941,14085,930
10215,7607,930
10215,8235,930
10215,8236,930
10215,8274,930
10658,8215,930
11443,8215,930
7751,2405,931
7751,9738,931
7751,9738,931
7751,9738,931
7751,9738,931
7751,9738,931
7751,9738,931
7751,9738,931
7751,9738,931
7751,9738,931
7751,9738,931
7751,9738,931
7751,9738,931
7751,9738,931
7751,9738,931
7751,9738,931
7751,9738,931
7751,9738,931
7751,9738,931
7751,9738,931
7751,9738,931
7751,9738,931
7751,9738,931
7751,9738,931
8117,10139,931
8777,3396,931
8777,3396,931
8777,3396,931
8777,3396,931
8777,3403,931
8777,3403,931
8777,3403,931
8777,3403,931
8777,3403,931
8777,3403,931
8777,3403,931
8777,3403,931
8777,3403,931
8777,3403,931
8777,3403,931
8941,18142,931
8941,18142,931
8941,18142,931
8941,18142,931
8941,18142,931
8941,18142,931
8941,18142,931
8941,18142,931
8941,18142,931
8941,18142,931
8941,18142,931
8941,18142,931
8941,18142,931
8941,18142,931
8941,18142,931
8941,18142,931
8941,18142,931
8941,18142,931
8941,18142,931
8941,18142,931
8941,18142,931
8941,18142,931
8941,18142,931
8941,18142,931
8941,18142,931
8941,18142,931
8941,18142,931
8941,18142,931
8941,18142,931
8941,18142,931
8941,18142,931
8941,18142,931
8941,18142,931
8941,18142,931
8941,18142,931
8941,18142,931
8941,18142,931
8941,18142,931
8941,18142,931
8941,18142,931
8941,18142,931
8941,18142,931
8941,18142,931
8941,18142,931
8941,18142,931
8941,18142,931
8941,18142,931
8941,18142,931
8941,18142,931
8941,18142,931
8941,18142,931
8941,18142,931
8941,18142,931
8941,18142,931
8941,18142,931
8941,18142,931
8941,18142,931
8941,18142,931
8941,18142,931
8941,18142,931
8941,18142,931
10139,8117,931
10139,8274,931
7751,9738,932
7751,9738,932
7751,9738,932
7751,9738,932
7751,9738,932
7751,9738,932
7751,9738,932
7751,9738,932
7751,9738,932
8117,10139,932
8117,10658,932
8215,2595,932
8215,2595,932
8215,2595,932
8215,2595,932
8215,2595,932
8215,2595,932
8215,2595,932
8215,2595,932
8215,2595,932
8215,2595,932
8215,2595,932
8236,14378,932
8236,14537,932
8777,3396,932
8777,3403,932
8777,3403,932
8777,3403,932
8777,3403,932
8777,3403,932
8777,3403,932
8777,3403,932
8777,3403,932
8777,3403,932
8777,3403,932
8777,3403,932
8777,3403,932
8777,3405,932
8777,11559,932
8777,11559,932
8882,2299,932
8882,2299,932
8882,2299,932
8882,2299,932
8882,2299,932
8882,2299,932
8882,2299,932
8882,2299,932
8882,2299,932
8882,2299,932
8882,2299,932
8882,2299,932
8882,2299,932
8882,2299,932
8882,2299,932
8882,2299,932
8882,2299,932
8941,2595,932
8941,2595,932
8941,2595,932
8941,2595,932
8941,2595,932
8941,2595,932
8941,2595,932
8941,2595,932
8941,2595,932
8941,2595,932
8941,2595,932
10658,7706,932
10658,7751,932
10658,7863,932
10658,8215,932
7706,10658,933
7751,9738,933
7751,9738,933
7751,9738,933
7751,9738,933
7751,9738,933
7751,9738,933
7751,9741,933
8215,2405,933
8215,2595,933
8236,14366,933
8236,14366,933
8236,14366,933
8236,14366,933
8274,2405,933
8274,10139,933
8274,10215,933
8777,3396,933
8777,3396,933
8777,3403,933
8777,3403,933
8777,3403,933
8777,3403,933
8777,3403,933
8777,3403,933
8777,3403,933
8777,3403,933
8777,3403,933
8777,3403,933
8882,2060,933
8882,2060,933
8882,2060,933
8882,2060,933
8882,2060,933
8882,2060,933
8882,2060,933
8941,2595,933
8941,2595,933
8941,2595,933
8941,2595,933
8941,2595,933
8941,2595,933
8941,2595,933
7751,9738,934
7751,9738,934
7751,9738,934
7751,9738,934
7751,9738,934
7751,9738,934
7751,9738,934
7751,9738,934
7751,9738,934
7918,2405,934
8215,2405,934
8236,2405,934
8777,3396,934
8777,3403,934
8777,3403,934
8777,3403,934
8777,3403,934
8777,3403,934
8777,3403,934
8777,3403,934
8777,3403,934
8777,3403,934
8777,3403,934
8777,3403,934
8777,3403,934
7577,9766,935
7577,10658,935
8236,12096,935
8236,12096,935
8236,12096,935
8236,12096,935
8236,14366,935
8236,14366,935
8236,14366,935
8236,14366,935
8777,21136,935
8777,21136,935
8777,21136,935
8777,21136,935
8777,21136,935
8777,21136,935
8777,21136,935
8777,21136,935
8777,21136,935
8777,21136,935
8777,21136,935
8777,21136,935
8777,21136,935
8777,21136,935
8777,21136,935
8777,21136,935
8777,21136,935
8777,21136,935
8777,21136,935
8777,21136,935
8777,21136,935
8777,21136,935
8777,21136,935
8777,21136,935
8777,21136,935
8777,21136,935
8777,21136,935
8777,21136,935
8882,2060,935
8882,2060,935
8882,2060,935
8882,22601,935
8941,2595,935
8941,2595,935
8941,2595,935
7577,9765,936
7577,10658,936
7577,10851,936
7577,11101,936
7577,11101,936
7607,10215,936
8235,10215,936
8777,21136,936
8777,21136,936
8777,21136,936
8777,21136,936
8777,21136,936
8777,21136,936
8777,21136,936
8777,21136,936
8777,21136,936
8777,21136,936
8777,21136,936
8777,21136,936
8777,21136,936
8777,21136,936
8777,21136,936
8777,21136,936
8777,21136,936
8777,21136,936
8777,21136,936
8777,21136,936
8777,21136,936
8777,21136,936
8777,21136,936
8882,21136,936
8882,21136,936
8882,21136,936
8882,21136,936
8882,21136,936
8882,21136,936
8882,21136,936
8882,21136,936
8882,21136,936
8882,21136,936
8882,21136,936
8882,21136,936
8882,21136,936
8882,21136,936
8882,21136,936
8882,21136,936
8882,21136,936
8882,21136,936
8882,21136,936
8882,21136,936
8882,21136,936
8882,21136,936
8882,21136,936
8882,21136,936
8882,21136,936
8882,21136,936
8882,21136,936
8882,21136,936
8941,2060,936
8941,2060,936
8941,2060,936
8941,2060,936
8941,2060,936
8941,2060,936
8941,2060,936
8941,2595,936
8941,2595,936
8941,2595,936
10851,7863,936
7751,9738,937
7751,9738,937
7751,9738,937
7751,9738,937
7751,9738,937
7751,9738,937
7751,9738,937
7751,9738,937
8236,10215,937
8236,14366,937
8236,14366,937
8236,14366,937
8882,16838,937
8882,16838,937
8882,16838,937
8882,16838,937
8882,16838,937
8882,16838,937
8882,16838,937
8882,16838,937
8882,16838,937
8882,16838,937
8882,16838,937
8882,16838,937
8882,16838,937
8882,16838,937
8882,18970,937
8882,18970,937
8882,21136,937
8882,21136,937
8882,21136,937
8882,21136,937
8882,21136,937
8882,21136,937
8882,21136,937
8882,21136,937
8882,21136,937
8882,21136,937
8882,21136,937
8882,21136,937
8882,21136,937
8882,21136,937
8882,21136,937
8882,21136,937
8882,21550,937
8941,2595,937
8941,2595,937
8941,2595,937
8941,2595,937
8941,2595,937
8941,2595,937
8941,2595,937
8941,2595,937
8941,2595,937
8941,2595,937
8941,2595,937
11101,7863,937
11101,7863,937
7751,9740,938
7751,9740,938
7751,9740,938
7751,9740,938
7751,9740,938
7751,9740,938
7751,9740,938
7751,9740,938
7751,9740,938
7751,9740,938
7751,9740,938
8215,22601,938
8236,4391,938
8236,4391,938
8236,4391,938
8236,4391,938
8236,4391,938
8236,4391,938
8236,4391,938
8236,4391,938
8236,4391,938
8236,4391,938
8236,4391,938
8236,4391,938
8236,4391,938
8236,4391,938
8236,4391,938
8236,4391,938
8236,4391,938
8236,4391,938
8236,4391,938
8236,4391,938
8236,4391,938
8236,4391,938
8236,4391,938
8236,4391,938
8236,4391,938
8236,4391,938
8236,4391,938
8236,4391,938
8236,4391,938
8236,17194,938
8236,17195,938
8620,2299,938
8620,2299,938
8620,2299,938
8620,2299,938
8777,21136,938
8777,21136,938
8777,21136,938
8777,21136,938
8777,21136,938
8777,21136,938
8777,21136,938
8777,21136,938
8777,21136,938
8777,21136,938
8777,21136,938
8777,21136,938
8777,21136,938
8777,21136,938
8777,21136,938
8941,2595,938
8941,14500,938
8941,16207,938
8941,16207,938
8941,16207,938
8941,16207,938
8941,16207,938
8941,16207,938
8941,16207,938
8941,16207,938
8941,16207,938
8941,16207,938
8941,16207,938
8941,16207,938
8941,16207,938
8941,16207,938
8941,16207,938
8941,16207,938
8941,16207,938
8941,16207,938
8941,16207,938
8941,16207,938
8941,16207,938
8941,16207,938
8941,16207,938
8941,16207,938
8941,16207,938
8941,16207,938
8941,16207,938
8941,16207,938
8941,16207,938
8941,16207,938
8941,16207,938
8941,16207,938
8941,16207,938
8941,16207,938
8941,16207,938
8941,16207,938
8941,16207,938
8941,16207,938
8941,16207,938
8941,16207,938
8941,16207,938
8941,16207,938
8941,16207,938
8941,16207,938
8941,16207,938
8941,16215,938
8941,16215,938
8941,16215,938
8941,16215,938
8941,16215,938
8941,16215,938
8941,16215,938
8941,16215,938
8941,16215,938
8941,16215,938
8941,16215,938
8941,16215,938
8941,16215,938
8941,16215,938
8941,16215,938
8941,16215,938
8941,16215,938
8941,16215,938
8941,16215,938
8941,16215,938
9763,9764,938
10658,7863,938
7577,10658,939
7706,18535,939
7751,10658,939
8235,2538,939
8236,4391,939
8236,4391,939
8236,4391,939
8236,4391,939
8236,4391,939
8236,4391,939
8236,4391,939
8236,4391,939
8236,4391,939
8236,4391,939
8236,4391,939
8236,4391,939
8236,4391,939
8236,4391,939
8236,4391,939
8236,4391,939
8236,4391,939
8236,4391,939
8236,4391,939
8236,12600,939
8236,12600,939
8236,12600,939
8236,12600,939
8236,12600,939
8236,12600,939
8236,12600,939
8236,12600,939
8236,12600,939
8236,12600,939
8236,12600,939
8236,14569,939
8236,14569,939
8236,14569,939
8236,14569,939
8236,14569,939
8620,2299,939
8620,2299,939
8620,2299,939
8620,2299,939
8620,2299,939
8620,2299,939
8620,2299,939
8620,2299,939
8620,2299,939
8620,2299,939
8620,2299,939
8620,2299,939
8620,2299,939
8620,2299,939
8620,2299,939
8620,2299,939
8620,2299,939
7706,11101,940
7706,11237,940
7751,9740,940
7863,11443,940
8882,12071,940
8882,12071,940
8882,12071,940
8882,12071,940
8882,12071,940
8882,12071,940
8882,12071,940
8882,12071,940
8882,12071,940
8882,12071,940
8882,12071,940
8882,12071,940
8882,12071,940
8882,12071,940
8882,12071,940
8882,12071,940
8882,12071,940
8882,12071,940
8882,12071,940
8882,12071,940
8941,4353,940
11101,7706,940
7577,11237,941
8215,18170,941
8215,18170,941
8215,18170,941
8215,18170,941
8215,18170,941
8215,18170,941
8215,18170,941
8215,18170,941
8215,18170,941
8215,18170,941
8215,18170,941
8215,18170,941
8215,18170,941
8215,18170,941
8215,18170,941
8215,18170,941
8215,18170,941
8215,18170,941
8215,18170,941
8215,18170,941
8215,18170,941
8215,18170,941
8215,18170,941
8215,18170,941
8215,18170,941
8215,18170,941
8215,18170,941
8215,18170,941
8215,18170,941
8215,18170,941
8215,18170,941
8215,18170,941
8215,18170,941
8215,18170,941
8215,18170,941
8215,18170,941
8215,18170,941
8215,18170,941
8215,18170,941
8215,18170,941
8215,18170,941
8215,18170,941
8215,18170,941
8215,18170,941
8215,18170,941
8215,18170,941
8236,19719,941
8236,19719,941
8236,19719,941
8236,19719,941
8236,19719,941
8236,19719,941
8236,19719,941
8236,19719,941
8236,19719,941
8236,19719,941
8236,19719,941
8236,19719,941
8236,19719,941
8236,19719,941
8236,19719,941
8236,19719,941
8236,19719,941
8236,19719,941
8236,19719,941
8236,19719,941
8620,2299,941
8620,2299,941
8620,2299,941
8620,2299,941
8620,2299,941
8620,2299,941
8620,2299,941
8620,2299,941
8620,2299,941
8620,2299,941
8620,2299,941
8620,2299,941
8620,2299,941
8620,2299,941
8620,2299,941
8882,12071,941
8882,12071,941
8882,12071,941
8882,12071,941
8882,12071,941
8882,12071,941
8882,12071,941
8882,12071,941
8882,12071,941
8882,12071,941
8882,12071,941
8882,12071,941
8882,12071,941
8941,2595,941
11237,7706,941
11237,7706,941
7751,2015,942
8215,2060,942
8215,2060,942
8215,2060,942
8215,2060,942
8215,2060,942
8215,2060,942
8215,2060,942
8236,14474,942
8236,14474,942
8236,14474,942
8236,14474,942
8236,14474,942
8236,14474,942
8236,14474,942
8236,14474,942
8274,11394,942
8274,11443,942
8236,19464,943
8236,19464,943
8236,19464,943
8236,19464,943
8236,19464,943
8236,19464,943
8236,19464,943
8236,19464,943
8236,19464,943
8236,19464,943
8777,18142,943
8777,18142,943
8777,18142,943
8777,18142,943
8777,18142,943
8777,18142,943
8777,18142,943
8777,18142,943
8777,18142,943
8777,18142,943
8777,18142,943
8777,18142,943
8777,18142,943
8777,18142,943
8777,18142,943
8777,18142,943
8777,18142,943
8777,18142,943
8777,18142,943
8777,18142,943
8777,18142,943
8882,12071,943
8882,12071,943
8882,12071,943
8882,12071,943
8882,12071,943
8882,12071,943
8882,12071,943
8882,12071,943
8882,12071,943
8882,12071,943
8882,13934,943
8882,14085,943
8882,14085,943
8882,14085,943
8941,23870,943
8941,23874,943
8941,23874,943
8941,23874,943
8941,23874,943
8941,23874,943
8941,23874,943
8941,23874,943
8941,23874,943
8941,23874,943
8941,23874,943
8941,23874,943
8941,23874,943
8941,23874,943
8941,23874,943
8941,23874,943
8941,23874,943
8941,23874,943
8941,23874,943
8941,23874,943
8941,23874,943
8941,23874,943
8941,23874,943
8941,23874,943
8941,23874,943
8941,23874,943
8941,23874,943
8941,23874,943
8941,23874,943
8941,23874,943
8941,23874,943
8941,23874,943
8941,23874,943
8941,23874,943
8941,23874,943
8941,23874,943
8941,23874,943
8941,23874,943
8941,23874,943
8941,23874,943
8215,2060,944
8215,2060,944
8882,12071,944
8882,12071,944
8882,12071,944
8882,12071,944
8882,12071,944
8882,12071,944
8882,12071,944
8882,12071,944
8882,12071,944
8882,12071,944
8882,13934,944
8882,14085,944
8882,14085,944
8882,14085,944
8882,14089,944
8882,14089,944
8882,14501,944
7577,9765,945
7577,9765,945
7706,2538,945
7706,11101,945
7706,11237,945
7706,11394,945
7751,9738,945
7751,9738,945
7751,9738,945
7751,9738,945
7751,9738,945
7751,9738,945
7751,9738,945
7751,9738,945
7751,14022,945
7751,19475,945
7751,19475,945
7751,19475,945
7751,19475,945
7751,19475,945
7751,19475,945
7751,19478,945
7751,19478,945
7751,19478,945
7751,19478,945
7751,23847,945
7751,23847,945
7751,23847,945
7751,23847,945
7751,23847,945
7751,23847,945
7751,23847,945
7751,23847,945
7751,23847,945
7751,23847,945
7751,23847,945
7751,23847,945
7751,23847,945
7751,23847,945
7751,23847,945
7751,23847,945
7751,23847,945
7751,23847,945
7751,23847,945
8215,2061,945
8215,10658,945
8620,3396,945
8620,3396,945
8620,3396,945
8620,3396,945
8620,3403,945
8620,3403,945
8620,3403,945
8620,3403,945
8620,3403,945
8620,3403,945
8620,3403,945
8620,3403,945
8620,3403,945
8620,3403,945
8620,3403,945
8882,2595,945
8882,2595,945
8882,2595,945
8882,2595,945
8882,2595,945
8882,2595,945
8882,2595,945
8882,2595,945
8882,2595,945
8882,2595,945
8882,2595,945
8882,15063,945
8882,15063,945
8882,15063,945
8882,15063,945
8882,15063,945
8882,15063,945
8882,15063,945
8882,15063,945
8882,15063,945
8882,15063,945
8882,15063,945
8882,15063,945
8882,15063,945
8882,15063,945
8941,15597,945
8941,15600,945
8941,15601,945
8941,15601,945
8941,15601,945
8941,15601,945
8941,15601,945
8941,15601,945
8941,15601,945
8941,15601,945
8941,15601,945
8941,15601,945
8941,15601,945
8941,15601,945
8941,15601,945
8941,15601,945
8941,15601,945
8941,15601,945
8941,15601,945
8941,15601,945
8941,15601,945
8941,15601,945
8941,15601,945
8941,15601,945
8941,15601,945
8941,15601,945
8941,15601,945
8941,15601,945
8941,15601,945
8941,15602,945
8941,15602,945
8941,15602,945
8941,15602,945
8941,15602,945
8941,15602,945
8941,15602,945
8941,15602,945
8941,15602,945
8941,15602,945
8941,15602,945
8941,15602,945
8941,15602,945
8941,15602,945
8941,15602,945
8941,15602,945
8941,15602,945
8941,15602,945
8941,15609,945
8941,15609,945
8941,15609,945
8941,15609,945
8941,15609,945
8941,15609,945
8941,15609,945
8941,15609,945
11237,7607,945
11237,7751,945
11237,8017,945
11237,8236,945
11394,8017,945
11394,8215,945
11394,8235,945
7577,11443,946
7751,17964,946
7751,17964,946
7751,17964,946
7751,17964,946
7751,17964,946
7751,17964,946
7751,17964,946
7751,17964,946
7751,17964,946
7751,17964,946
7751,17964,946
7751,17964,946
7751,17964,946
7751,17964,946
7751,17964,946
8236,11394,946
8941,18145,946
8941,18145,946
8941,18145,946
8941,18145,946
8941,18145,946
8941,18145,946
8941,18145,946
8941,18145,946
8941,18145,946
8941,18145,946
8941,18145,946
8941,18145,946
8941,18145,946
8941,18145,946
11237,7706,946
11394,8215,946
11394,8236,946
11443,7765,946
11443,8017,946
11443,8274,946
8017,11237,947
8215,11394,947
8215,15358,947
8215,15359,947
8215,15359,947
8215,15359,947
8215,15359,947
8215,15359,947
8215,15359,947
8215,15359,947
8215,15359,947
8215,15359,947
8215,15359,947
8215,15359,947
8215,15359,947
8215,15359,947
8215,15359,947
8215,15359,947
8215,15359,947
8215,15359,947
8215,18098,947
8215,18098,947
8215,18098,947
8215,18098,947
8215,18098,947
8215,18098,947
8215,18098,947
8215,18098,947
8215,18098,947
8215,18098,947
8215,18098,947
8215,18098,947
8215,18098,947
8215,18098,947
8215,18098,947
8215,18098,947
8215,18098,947
8215,18098,947
8215,18098,947
8215,18098,947
8215,18098,947
8215,18098,947
8215,18098,947
8215,18098,947
8215,18098,947
8215,18098,947
8215,18098,947
8215,18098,947
8215,18098,947
8215,18098,947
8274,12080,947
8274,12080,947
8274,12080,947
8274,12080,947
8274,12080,947
8274,12080,947
8274,12080,947
8274,12080,947
8274,12080,947
8274,12080,947
8274,12080,947
8274,12080,947
8274,12080,947
8274,12080,947
8274,12080,947
8274,12080,947
8274,12080,947
8274,12080,947
8274,12080,947
8274,12080,947
8274,12080,947
8274,12080,947
8274,12080,947
8274,12080,947
8274,12080,947
8274,12080,947
8274,12080,947
8274,12080,947
11394,8215,947
7577,2405,948
7751,14502,948
7751,14502,948
7751,14502,948
7751,14502,948
7751,14502,948
7751,14502,948
7751,14502,948
7751,16365,948
7751,16365,948
7751,16365,948
7751,16365,948
7751,16365,948
7751,16365,948
7751,16365,948
7751,16365,948
7751,16365,948
7751,16365,948
7751,16365,948
7751,18909,948
7765,11443,948
8882,2595,948
8882,2595,948
8882,2595,948
8882,12080,948
8882,12080,948
8882,12080,948
8882,12080,948
8882,12080,948
8882,12080,948
8882,12080,948
8882,12080,948
8882,12084,948
8882,12084,948
8882,12084,948
8882,12084,948
8882,12084,948
8882,14740,948
8882,14740,948
8882,14740,948
8882,14740,948
8882,14740,948
8882,14740,948
8882,14740,948
8882,14740,948
8882,14740,948
8882,14740,948
8882,14740,948
8882,14740,948
8882,14740,948
8882,18228,948
8882,18228,948
8882,18228,948
8882,18228,948
8882,18228,948
8882,18228,948
8882,18228,948
8882,18228,948
8882,18228,948
8882,18228,948
8882,18228,948
8882,18228,948
8882,18228,948
8882,18228,948
9763,9764,948
10658,8215,948
2538,7706,949
7577,2538,949
7751,16365,949
7751,16365,949
8017,11443,949
8017,11443,949
8215,14500,949
8274,12080,949
8274,12080,949
8274,12080,949
8274,12080,949
8274,12080,949
8274,12080,949
8274,12080,949
8274,12080,949
8274,12080,949
8274,12080,949
8274,12080,949
8620,3396,949
8620,3403,949
8620,3403,949
8620,3403,949
8620,3403,949
8620,3403,949
8620,3403,949
8620,3403,949
8620,3403,949
8620,3403,949
8620,3403,949
8620,3403,949
8620,3403,949
8882,2595,949
11443,8274,949
7577,9766,950
7751,16365,950
7751,16365,950
7751,16365,950
7751,16365,950
7751,16365,950
8215,15597,950
8215,15600,950
8215,15601,950
8215,15601,950
8215,15601,950
8215,15601,950
8215,15601,950
8215,15601,950
8215,15601,950
8215,15601,950
8215,15601,950
8215,15601,950
8215,15601,950
8215,15601,950
8215,15601,950
8215,15601,950
8215,15601,950
8215,15601,950
8215,15601,950
8215,15601,950
8215,15601,950
8215,15601,950
8215,15601,950
8215,15601,950
8215,15601,950
8215,15601,950
8215,15601,950
8215,15601,950
8215,15601,950
8215,15602,950
8215,15602,950
8215,15602,950
8215,15602,950
8215,15602,950
8215,15602,950
8215,15602,950
8215,15602,950
8215,15602,950
8215,15602,950
8215,15602,950
8215,15602,950
8215,15602,950
8215,15602,950
8215,15602,950
8215,15602,950
8215,15602,950
8215,15602,950
8215,15609,950
8215,15609,950
8215,15609,950
8215,15609,950
8215,15609,950
8215,15609,950
8215,15609,950
8215,15609,950
8236,10486,950
8236,10486,950
8236,10486,950
8236,10486,950
8236,10486,950
8236,10486,950
8236,10486,950
8236,10486,950
8236,10486,950
8236,10486,950
8236,10486,950
8236,10486,950
8274,13934,950
8274,13934,950
8274,14085,950
8274,14085,950
8274,14085,950
8274,14085,950
8274,14085,950
8274,14085,950
8274,14089,950
8274,14089,950
8274,21582,950
8620,3396,950
8620,3396,950
8620,3396,950
8620,3396,950
8620,3403,950
8620,3403,950
8620,3403,950
8620,3403,950
8620,3403,950
8620,3403,950
8620,3403,950
8620,3403,950
8620,3403,950
8620,3403,950
8620,3403,950
8620,3403,950
8620,3403,950
8620,3403,950
8620,3403,950
8620,3403,950
8620,3403,950
8620,3403,950
8620,3403,950
8620,3403,950
8620,3403,950
8770,18313,950
11101,7706,950
8215,15600,951
8215,15601,951
8215,15601,951
8215,15601,951
8215,15601,951
8215,15601,951
8215,15601,951
8215,15601,951
8215,15601,951
8215,15601,951
8215,15601,951
8215,15602,951
8215,15602,951
8215,15609,951
8770,18313,951
8770,18313,951
8770,18313,951
8770,18313,951
8770,18313,951
8770,18313,951
8770,18313,951
8770,18313,951
8770,18313,951
8770,18313,951
8770,18313,951
8770,18313,951
8770,18313,951
8770,18313,951
8770,18313,951
8770,18313,951
8770,18313,951
8770,18313,951
8882,474,951
8882,474,951
8882,1761,951
8882,1761,951
8882,1761,951
8882,1761,951
8882,1761,951
8882,1761,951
8882,1761,951
8882,1761,951
8882,1761,951
8882,1761,951
8882,1761,951
8882,1761,951
8882,1761,951
8882,1761,951
8882,1761,951
8882,1761,951
8882,1761,951
8882,1761,951
8882,1761,951
8882,2680,951
8882,2680,951
8882,2680,951
8882,2680,951
8882,2680,951
8882,2680,951
8882,2680,951
8882,2680,951
8882,2680,951
8882,2680,951
8882,2680,951
8882,2680,951
8882,2680,951
8882,2680,951
8215,15597,952
8215,15601,952
8215,15601,952
8215,15601,952
8215,15601,952
8215,15601,952
8215,15601,952
8215,15601,952
8215,15601,952
8215,15601,952
8215,15601,952
8215,15601,952
8215,15601,952
8215,15601,952
8215,15601,952
8215,15601,952
8215,15601,952
8215,15602,952
8215,15602,952
8215,15602,952
8215,15602,952
8215,15609,952
8236,12030,952
8236,12030,952
8236,12030,952
8236,12030,952
8236,12030,952
8236,12030,952
8236,12030,952
8236,12030,952
8236,12030,952
8236,12030,952
8236,12030,952
8236,12030,952
8236,12030,952
8236,12030,952
8236,12030,952
8236,12030,952
8236,12030,952
8236,12030,952
8274,13934,952
8274,13934,952
8274,14085,952
8274,14085,952
8274,14085,952
8274,14085,952
8274,14085,952
8620,18313,952
8620,18313,952
8620,18313,952
8620,18313,952
8620,18313,952
8620,18313,952
8620,18313,952
8620,18313,952
8620,18313,952
8620,18313,952
8620,18313,952
8620,18313,952
8620,18313,952
8620,18313,952
8620,18313,952
8620,18313,952
8620,18313,952
8620,18313,952
8620,18313,952
8620,18313,952
8620,18313,952
8620,18313,952
8620,18313,952
8620,18313,952
8620,18313,952
8620,18313,952
8620,18313,952
8620,18313,952
8620,18313,952
8620,18313,952
8620,18313,952
8620,18313,952
8620,18313,952
8620,18313,952
8620,18313,952
8620,18313,952
8620,18313,952
8620,18313,952
8620,18313,952
8620,18313,952
8620,18313,952
8620,18313,952
8620,18313,952
8620,18313,952
8620,18313,952
8620,18313,952
8620,18313,952
8620,18313,952
8620,18313,952
8620,18313,952
8620,18313,952
8620,18313,952
8620,18313,952
8620,18313,952
8620,18313,952
8620,18313,952
8620,18313,952
8620,18313,952
8882,474,952
8882,474,952
8882,474,952
8882,474,952
8882,474,952
8882,474,952
8882,474,952
8882,474,952
8882,474,952
8882,474,952
8882,1761,952
8882,1761,952
8882,1761,952
8882,1761,952
8882,1761,952
8882,1761,952
8882,1761,952
8882,1761,952
8882,1761,952
8882,1761,952
8882,1761,952
8882,1761,952
8882,1761,952
8882,1761,952
8882,1761,952
8882,1761,952
8882,1761,952
8882,1761,952
11394,7706,952
7751,16365,953
7751,16365,953
7751,16365,953
8236,12030,953
8236,12030,953
8236,12030,953
8236,12030,953
8236,12030,953
8236,12030,953
8236,12030,953
8236,12030,953
8236,12030,953
8236,12030,953
8236,12030,953
8236,12030,953
8274,18788,953
8274,18790,953
8620,2595,953
8620,2595,953
8620,2595,953
8620,2595,953
8620,2595,953
8620,2595,953
8620,2595,953
8620,2595,953
8620,2595,953
8620,2595,953
8620,2595,953
8620,18313,953
8620,18313,953
8620,18313,953
8620,18313,953
8620,18313,953
8620,18313,953
8620,18313,953
8620,18313,953
8620,18313,953
8620,18313,953
8620,18313,953
8620,18313,953
8620,18313,953
8620,18313,953
8620,18313,953
8620,18313,953
8620,18313,953
8620,18313,953
8620,18313,953
8620,18313,953
8620,18313,953
8620,18313,953
8620,18313,953
8620,18313,953
8620,18313,953
8620,18313,953
8620,18313,953
8620,18313,953
8620,18313,953
8620,18313,953
8620,18313,953
8620,18313,953
8620,18313,953
8620,18313,953
8620,18313,953
8620,18313,953
8620,18313,953
8620,18313,953
8620,18313,953
8620,18313,953
8620,18313,953
8620,18313,953
8620,18313,953
8620,18313,953
8620,18313,953
8620,18313,953
8620,18313,953
8620,18313,953
8620,18313,953
8620,18313,953
8620,18313,953
8620,18313,953
8620,18313,953
8620,18313,953
8620,18313,953
8620,18313,953
8620,18313,953
8620,18313,953
8620,18788,953
8620,18790,953
8882,474,953
8882,474,953
8882,474,953
8882,474,953
8882,474,953
8882,474,953
8882,474,953
8882,474,953
8882,474,953
8882,474,953
8882,474,953
8882,474,953
8882,474,953
8882,474,953
8882,474,953
8882,474,953
8882,474,953
8882,474,953
8882,1761,953
8882,1761,953
8882,1761,953
8882,1761,953
8882,1761,953
8882,1761,953
8882,1761,953
8882,1761,953
8882,1761,953
8882,1761,953
8882,1761,953
8882,1761,953
8882,1761,953
8882,1761,953
8882,1761,953
8882,1761,953
8882,1761,953
8882,1761,953
8882,1761,953
8882,1761,953
8882,1761,953
8882,1761,953
8882,1761,953
8882,1761,953
7751,16365,954
7751,16365,954
7751,16365,954
7751,16365,954
7751,16365,954
7751,16365,954
8017,11443,954
8215,14500,954
8215,15600,954
8215,15601,954
8215,15601,954
8215,15601,954
8215,15601,954
8215,15601,954
8215,15601,954
8215,15601,954
8215,15601,954
8215,15601,954
8215,15601,954
8215,15601,954
8215,15601,954
8215,15601,954
8215,15601,954
8215,15601,954
8215,15601,954
8215,15601,954
8215,15601,954
8215,15601,954
8215,15601,954
8215,15601,954
8215,15601,954
8215,15601,954
8215,15601,954
8215,15601,954
8215,15601,954
8215,15601,954
8215,15601,954
8215,15601,954
8215,15601,954
8215,15601,954
8215,15601,954
8215,15601,954
8215,15601,954
8215,15601,954
8215,15602,954
8215,15602,954
8215,15609,954
8215,15609,954
8215,15609,954
8236,9585,954
8236,9585,954
8236,9585,954
8236,9585,954
8236,9585,954
8236,9585,954
8236,9585,954
8236,9585,954
8236,9585,954
8236,9585,954
8236,9585,954
8236,9585,954
8236,9585,954
8236,9585,954
8236,9585,954
8236,9585,954
8236,9585,954
8236,9585,954
8236,9585,954
8236,9585,954
8236,9585,954
8236,9585,954
8236,9585,954
8236,9585,954
8236,9585,954
8236,9585,954
8236,9585,954
8236,9585,954
8236,9585,954
8236,9585,954
8236,9585,954
8236,9585,954
8236,9585,954
8236,9585,954
8236,9585,954
8236,9585,954
8620,2595,954
8620,2595,954
8620,2595,954
8620,17142,954
8620,17142,954
8620,17142,954
8620,17142,954
8620,17142,954
8620,17142,954
8620,17142,954
8620,17142,954
8620,17142,954
8620,17142,954
8620,17142,954
8620,17142,954
8620,17142,954
8620,17142,954
8620,17142,954
8620,17142,954
8620,17142,954
8620,17142,954
8620,17142,954
8620,17142,954
8620,17142,954
8620,17142,954
8620,17142,954
8620,17142,954
8620,17142,954
8620,17142,954
8620,17142,954
8620,17142,954
8620,17142,954
8620,17142,954
8770,18313,954
8770,18313,954
8770,18313,954
8770,18313,954
8770,18313,954
8770,18313,954
8770,18313,954
8770,18313,954
8770,18313,954
8770,18313,954
8770,18313,954
8770,18313,954
8770,18313,954
8770,18313,954
8770,18313,954
8770,18313,954
8770,18313,954
8770,18313,954
8770,18313,954
8770,18313,954
8770,18313,954
8770,18313,954
8770,18313,954
8770,18313,954
8770,18313,954
8770,18313,954
8770,18313,954
8770,18313,954
8770,18313,954
8770,18313,954
8770,18313,954
8770,18313,954
8770,18313,954
8770,18313,954
8770,18313,954
8770,18313,954
8770,18313,954
8770,18313,954
8770,18313,954
8770,18313,954
8770,18313,954
8770,18313,954
8770,18313,954
8770,18313,954
8770,18313,954
8770,18313,954
8770,18313,954
8770,18313,954
8770,18313,954
8770,18313,954
8770,18313,954
8770,18313,954
8770,18313,954
8770,18313,954
8770,18313,954
8770,18313,954
8770,18313,954
8770,18313,954
8770,18313,954
8770,18313,954
8770,18313,954
8770,18313,954
8882,474,954
8882,474,954
8882,22601,954
8941,14500,954
8941,18145,954
8941,18145,954
8941,18145,954
8941,18145,954
8941,18145,954
8941,18145,954
8941,18145,954
8941,18145,954
8941,18145,954
8941,18147,954
8941,18147,954
8941,18147,954
8941,22579,954
8941,22579,954
8941,22579,954
8941,22579,954
8941,22579,954
7751,16365,955
7751,16365,955
7751,16365,955
7751,16365,955
7751,16365,955
7751,16365,955
7751,16365,955
7751,16365,955
7751,16365,955
8017,10851,955
8215,14062,955
8215,14379,955
8215,15608,955
8215,15608,955
8236,2538,955
8236,10215,955
8236,10851,955
8274,953,955
8274,953,955
8274,953,955
8274,953,955
8274,953,955
8274,953,955
8274,953,955
8274,953,955
8274,953,955
8274,953,955
8274,953,955
8274,953,955
8274,961,955
8274,961,955
8882,1761,955
8882,1761,955
8882,1761,955
8882,1761,955
8882,1761,955
8882,1761,955
8882,1761,955
8882,1761,955
8882,1761,955
8882,1761,955
8882,1761,955
8882,1761,955
8882,1761,955
8882,1761,955
8941,22579,955
11443,7918,955
11443,8235,955
2538,8236,956
7751,16365,956
7751,16365,956
7751,16365,956
7751,16365,956
7751,16365,956
8215,14500,956
8215,15600,956
8215,15601,956
8215,15601,956
8215,15601,956
8215,15601,956
8215,15601,956
8215,15601,956
8215,15601,956
8215,15601,956
8215,15601,956
8215,15601,956
8215,15601,956
8215,15601,956
8215,15601,956
8215,15601,956
8215,15601,956
8215,15601,956
8215,15601,956
8215,15601,956
8215,15601,956
8215,15601,956
8215,15601,956
8215,15601,956
8215,15601,956
8215,15601,956
8215,15601,956
8215,15601,956
8215,15601,956
8215,15601,956
8215,15601,956
8215,15601,956
8215,15601,956
8215,15601,956
8215,15601,956
8215,15601,956
8215,15601,956
8215,15602,956
8215,15602,956
8215,15609,956
8215,15609,956
8215,15609,956
8274,953,956
8274,953,956
8274,953,956
8274,953,956
8274,953,956
8274,953,956
8274,961,956
8274,967,956
8274,11443,956
8770,18313,956
8770,18313,956
8770,18313,956
8770,18313,956
8770,18313,956
8770,18313,956
8770,18313,956
8770,18313,956
8770,18313,956
8770,18313,956
8770,18313,956
8770,18313,956
8770,18313,956
8770,18313,956
8882,13934,956
8882,14085,956
8882,14085,956
8882,14085,956
8941,22579,956
8941,22579,956
8941,22579,956
8941,22579,956
8941,22579,956
10851,8236,956
8117,10658,957
8236,9585,957
8236,9585,957
8274,953,957
8274,953,957
8274,953,957
8274,953,957
8274,961,957
8620,15065,957
8882,13934,957
8882,14085,957
8882,14085,957
8882,14085,957
8882,20351,957
8882,24934,957
8882,24934,957
8882,24934,957
8882,24934,957
8882,24934,957
8882,24934,957
8882,24934,957
8882,24934,957
8882,24934,957
8882,24934,957
8882,24934,957
8882,24934,957
8882,24934,957
8882,24934,957
8882,24934,957
8882,24934,957
8882,24934,957
8882,24934,957
8882,24934,957
8882,24934,957
10658,8117,957
10658,8215,957
8117,10658,958
8274,953,958
8274,953,958
8274,953,958
8274,953,958
8274,961,958
8620,1791,958
8620,1791,958
8620,1791,958
8620,1791,958
8620,1791,958
8620,1791,958
8620,1791,958
8620,1791,958
8620,1791,958
8620,1791,958
8620,1791,958
8620,1791,958
8620,1791,958
8620,1791,958
8620,1791,958
8620,1791,958
8620,1791,958
8620,1791,958
8620,1791,958
8620,1791,958
8620,1791,958
8620,1791,958
8620,1791,958
8620,1791,958
8620,1791,958
8620,1791,958
8620,1791,958
8620,1791,958
8620,1791,958
8620,1791,958
8620,1791,958
8620,1791,958
8620,1791,958
8620,1791,958
8620,1791,958
8620,1791,958
8620,1791,958
8620,1791,958
8620,1791,958
8620,1791,958
8620,1791,958
8620,1791,958
8620,1791,958
8620,1791,958
8620,1791,958
9763,9764,958
7751,16365,959
7751,16365,959
7751,16365,959
7751,16365,959
7751,16365,959
7751,16365,959
7751,16365,959
7751,16365,959
7751,16365,959
7751,16365,959
7751,16365,959
7751,18813,959
7751,18813,959
7751,18813,959
7751,18813,959
7751,18813,959
7751,18813,959
7751,18813,959
8215,15597,959
8215,15600,959
8215,15601,959
8215,15601,959
8215,15601,959
8215,15601,959
8215,15601,959
8215,15601,959
8215,15601,959
8215,15601,959
8215,15601,959
8215,15601,959
8215,15601,959
8215,15601,959
8215,15601,959
8215,15601,959
8215,15601,959
8215,15601,959
8215,15601,959
8215,15601,959
8215,15601,959
8215,15601,959
8215,15601,959
8215,15601,959
8215,15601,959
8215,15601,959
8215,15601,959
8215,15601,959
8215,15601,959
8215,15601,959
8215,15601,959
8215,15601,959
8215,15601,959
8215,15601,959
8215,15601,959
8215,15601,959
8215,15601,959
8215,15601,959
8215,15609,959
8215,15609,959
8236,9585,959
8236,9585,959
8236,9585,959
8236,9585,959
8236,9585,959
8274,18788,959
8274,18802,959
8620,1791,959
8620,1791,959
8620,1791,959
8620,1791,959
8620,1791,959
8620,1791,959
8620,1791,959
8620,1791,959
8620,1791,959
8620,1791,959
8620,1791,959
8620,1791,959
8620,1791,959
8620,1791,959
8620,1791,959
8620,1791,959
8620,1791,959
8620,1791,959
8620,1791,959
8620,1791,959
8620,1791,959
8620,1791,959
8620,1791,959
8620,1791,959
8620,1791,959
8620,1791,959
8620,1791,959
8620,1791,959
8620,1791,959
8620,1791,959
8620,1791,959
8620,1791,959
8620,1791,959
8620,1791,959
8620,1791,959
8620,1791,959
8620,1791,959
8620,1791,959
8620,1791,959
8620,15076,959
8620,15076,959
8620,15076,959
8620,15076,959
8620,15076,959
8620,15076,959
8620,15076,959
8620,15076,959
8882,14362,959
8882,14362,959
8882,14362,959
8882,14362,959
8882,14362,959
8882,14362,959
8882,14362,959
8882,14362,959
8882,14362,959
8882,14362,959
8882,14362,959
8882,14362,959
8882,14362,959
8882,14362,959
8882,14362,959
8882,14362,959
8882,14362,959
8882,14362,959
8882,14362,959
8882,14362,959
8882,19753,959
8882,19753,959
8882,19776,959
8882,19776,959
8882,19776,959
8882,19776,959
8882,19776,959
8882,19776,959
8941,22579,959
8941,22579,959
8941,22579,959
8941,22579,959
10215,8236,959
7751,18901,960
7751,19909,960
7751,19909,960
7751,19909,960
7751,19909,960
7751,19909,960
7751,19909,960
7751,19909,960
7751,19909,960
7751,19909,960
7751,19909,960
7751,19909,960
7751,19909,960
7751,19909,960
7751,19909,960
7751,19909,960
8215,14500,960
8215,15601,960
8215,15601,960
8215,15601,960
8215,15601,960
8215,15601,960
8215,15601,960
8215,15601,960
8215,15601,960
8215,15601,960
8215,15601,960
8215,15601,960
8215,15601,960
8215,15601,960
8215,15601,960
8215,15601,960
8215,15601,960
8215,15601,960
8215,15601,960
8215,15601,960
8215,15601,960
8215,15601,960
8215,15601,960
8215,15601,960
8215,15601,960
8215,15601,960
8215,15601,960
8215,15601,960
8215,15601,960
8215,15601,960
8215,15601,960
8215,15601,960
8215,15601,960
8215,15601,960
8215,15601,960
8215,15601,960
8215,15602,960
8215,15602,960
8215,15609,960
8215,15609,960
8215,15609,960
8274,18551,960
8274,18551,960
8274,18551,960
8274,18551,960
8274,18551,960
8274,18551,960
8274,18551,960
8274,18551,960
8274,18551,960
8274,18551,960
8274,18551,960
8274,18551,960
8274,18551,960
8274,18551,960
8274,18551,960
8274,18551,960
8274,18551,960
8274,18551,960
8274,18551,960
8274,18551,960
8274,18551,960
8274,18788,960
8274,18788,960
8274,18802,960
8274,18802,960
8274,18802,960
8274,18802,960
8274,18802,960
8274,18802,960
8274,18802,960
8274,18802,960
8274,18802,960
8274,18802,960
8274,18802,960
8274,18802,960
8274,18802,960
8274,18802,960
8274,18802,960
8274,18802,960
8274,18802,960
8274,18802,960
8274,18802,960
8274,18802,960
8274,18802,960
8274,18802,960
8274,18802,960
8274,18802,960
8274,18802,960
8274,18802,960
8770,18170,960
8770,18170,960
8770,18170,960
8770,18170,960
8770,18170,960
8770,18170,960
8770,18170,960
8770,18170,960
8770,18170,960
8770,18170,960
8770,18170,960
8770,18170,960
8770,18170,960
8770,18170,960
8770,18170,960
8770,18170,960
8770,18170,960
8770,18170,960
8770,18170,960
8770,18170,960
8770,18170,960
8770,18170,960
8770,18170,960
8770,18170,960
8770,18170,960
8770,18170,960
8770,18170,960
8770,18170,960
8770,18170,960
8770,18170,960
8770,18170,960
8770,18170,960
8770,18170,960
8770,18313,960
8770,18313,960
8770,18313,960
8770,18313,960
8770,18313,960
8770,18313,960
8770,18313,960
8770,18313,960
8770,18313,960
8770,18313,960
8770,18313,960
8770,18313,960
8770,18313,960
8770,18313,960
8770,18313,960
8770,18313,960
8770,18313,960
8770,18313,960
8770,18313,960
8770,18313,960
8770,18313,960
8770,18313,960
8882,19776,960
8882,19776,960
8882,19776,960
8882,19776,960
8882,19776,960
8882,19776,960
8882,19776,960
8882,19776,960
8882,19776,960
8941,1716,960
8941,1716,960
8941,1716,960
8941,1716,960
2405,7863,960
7577,9765,961
7751,23897,961
7751,24493,961
7751,24493,961
7751,24493,961
7751,24493,961
8215,14500,961
8215,15597,961
8215,15601,961
8215,15601,961
8215,15601,961
8215,15601,961
8215,15601,961
8215,15601,961
8215,15601,961
8215,15601,961
8215,15601,961
8215,15601,961
8215,15601,961
8215,15601,961
8215,15601,961
8215,15601,961
8215,15601,961
8215,15601,961
8215,15601,961
8215,15601,961
8215,15601,961
8215,15601,961
8215,15601,961
8215,15601,961
8215,15601,961
8215,15601,961
8215,15601,961
8215,15601,961
8215,15601,961
8215,15602,961
8215,15602,961
8215,15602,961
8215,15602,961
8215,15602,961
8215,15602,961
8215,15602,961
8215,15602,961
8215,15602,961
8215,15602,961
8215,15602,961
8215,15602,961
8215,15602,961
8215,15602,961
8215,15602,961
8215,15602,961
8215,15602,961
8215,15602,961
8215,15609,961
8215,15609,961
8215,15609,961
8215,15609,961
8215,15609,961
8215,15609,961
8215,15609,961
8215,15609,961
8620,15076,961
8620,15076,961
8620,15076,961
8620,15076,961
8620,15076,961
8770,4670,961
8770,4670,961
8770,4670,961
8770,4670,961
8770,4670,961
8770,4670,961
8770,4670,961
8770,4670,961
8770,4670,961
8770,4670,961
8770,4670,961
8770,4670,961
8770,4670,961
8770,4670,961
8770,4670,961
8770,4670,961
8770,4670,961
8770,4670,961
8770,4670,961
8770,4670,961
8770,4670,961
8770,4670,961
8770,4670,961
8770,4670,961
8770,4670,961
8770,4670,961
8770,4670,961
8770,4670,961
8770,4670,961
8770,4670,961
8770,4670,961
8770,4670,961
8770,4670,961
8770,4670,961
8770,4670,961
8770,4670,961
8770,4670,961
8770,4670,961
8770,4670,961
8770,4670,961
8770,4670,961
8770,4670,961
8770,4670,961
8770,4670,961
8770,4670,961
8770,4670,961
8770,4670,961
8770,4670,961
8770,4670,961
8770,4670,961
8770,4670,961
8770,4670,961
8770,4670,961
8770,4670,961
8770,4670,961
8770,4670,961
8770,4670,961
8770,4670,961
8770,4670,961
8770,4670,961
8770,4670,961
8770,4670,961
8770,4670,961
8770,4670,961
8770,4670,961
8770,4670,961
8770,4670,961
8770,4670,961
8882,19776,961
8882,19776,961
8941,1716,961
8941,1716,961
8941,1716,961
8941,1716,961
8941,1716,961
8941,1716,961
8941,1716,961
8941,1716,961
8941,1716,961
8941,1716,961
8941,1716,961
8941,1716,961
8941,1716,961
8941,1716,961
10658,7607,961
10658,7751,961
10658,7751,961
10658,7765,961
10658,7897,961
10658,7918,961
10658,8017,961
10658,8215,961
10658,8236,961
10658,8274,961
7918,10658,962
8215,11619,962
8215,11619,962
8215,11619,962
8215,14316,962
8215,14316,962
8215,14316,962
8215,14316,962
8215,14316,962
8215,14316,962
8215,14316,962
8215,14316,962
8215,14316,962
8215,14316,962
8215,14316,962
8215,14316,962
8215,14316,962
8215,14316,962
8620,15076,962
8620,15076,962
8620,15076,962
8620,15076,962
8620,15076,962
8620,15076,962
8770,4670,962
8770,4670,962
8770,4670,962
8770,4670,962
8770,4670,962
8770,4670,962
8770,4670,962
8770,4670,962
8770,4670,962
8770,4670,962
8770,4670,962
8770,4670,962
8770,4670,962
8770,4670,962
8770,4670,962
8770,4670,962
8770,4670,962
8770,4670,962
8770,4670,962
8770,4670,962
8770,4670,962
8770,4670,962
8941,1716,962
8941,1716,962
8941,1716,962
8941,1716,962
8941,1716,962
8941,1716,962
8941,1716,962
8941,1716,962
2405,7607,963
2405,7751,963
2405,7863,963
2405,7918,963
7577,9765,963
8236,9585,963
8236,9585,963
8236,21206,963
8236,21206,963
8236,21206,963
8236,21206,963
8236,21206,963
8236,21206,963
8236,21206,963
8236,21206,963
8236,21206,963
8236,21206,963
8236,21206,963
8236,21206,963
8236,21206,963
8274,18788,963
8274,18788,963
8274,18802,963
8274,18802,963
8274,18802,963
8274,18802,963
8274,18802,963
8274,18802,963
8274,18802,963
8274,18802,963
8274,18802,963
8274,18802,963
8274,18802,963
8274,18802,963
8274,18802,963
8274,18802,963
8274,18802,963
8274,18802,963
8274,18802,963
8274,18802,963
8274,18802,963
8274,18802,963
8274,18802,963
8274,18802,963
8274,18802,963
8274,18802,963
8274,18802,963
8274,18802,963
8620,15076,963
8620,15076,963
8620,15076,963
8620,15076,963
8620,15076,963
8620,18858,963
8620,18858,963
8620,18858,963
8620,18858,963
8620,18858,963
8620,18858,963
8620,18858,963
8620,18858,963
8620,18858,963
8620,18858,963
8620,18858,963
8620,18858,963
8620,18858,963
8620,18858,963
8620,18858,963
8620,18858,963
8620,18858,963
8620,18858,963
8620,18858,963
8620,18858,963
8620,18858,963
8770,13934,963
8770,14085,963
8770,14085,963
8770,14085,963
7577,2405,964
7577,2405,964
7577,9765,964
7765,10658,964
8236,10658,964
8236,21206,964
8236,21206,964
8236,21206,964
8236,21206,964
8236,21206,964
8236,21206,964
8236,21206,964
8236,21206,964
8236,21206,964
8236,21206,964
8236,21206,964
8236,21206,964
8236,21206,964
8236,21206,964
8236,21206,964
8236,21206,964
8236,21206,964
8620,18858,964
8620,18858,964
8620,18858,964
8770,9736,964
8770,12080,964
8770,12080,964
8770,12080,964
8770,12080,964
8770,12080,964
8770,12080,964
8770,12080,964
8770,12080,964
8770,12080,964
8770,12080,964
8770,12080,964
8770,12080,964
8770,12080,964
8770,12080,964
8770,12080,964
8770,12080,964
8770,12080,964
8770,12080,964
8770,12080,964
8770,12080,964
8770,12080,964
8770,12080,964
8770,12080,964
8770,12080,964
8770,12080,964
8770,12080,964
8770,12080,964
8770,12080,964
8770,12080,964
8770,12080,964
8770,12080,964
8770,12080,964
8770,12080,964
8770,12080,964
8770,12080,964
8770,12080,964
8770,12080,964
8770,12080,964
8770,12080,964
8770,12080,964
8770,12080,964
8770,12080,964
8770,12080,964
8770,12080,964
8770,12080,964
8770,12080,964
8770,12080,964
8770,12080,964
8770,12080,964
8770,12080,964
8770,12080,964
8770,12080,964
8770,12080,964
8770,12080,964
8770,12080,964
8770,12080,964
8770,12080,964
8770,12080,964
8770,12080,964
8770,12080,964
8770,12080,964
8770,12080,964
8770,12080,964
8770,12080,964
8770,12080,964
8770,12080,964
8770,12080,964
8770,12080,964
8770,12080,964
8770,12080,964
8770,12080,964
8770,12080,964
8770,12080,964
8770,12080,964
8882,14362,964
8882,14362,964
8882,14362,964
8882,14362,964
8882,14362,964
8882,14362,964
8882,14362,964
8882,14362,964
7751,15109,965
7751,17543,965
7751,17543,965
7751,17543,965
7751,17543,965
7751,17543,965
7751,17543,965
7751,17543,965
7751,17543,965
7751,17543,965
7751,17543,965
7751,17543,965
7751,17543,965
7751,17543,965
7751,17543,965
7751,17543,965
7751,17543,965
7751,17543,965
7751,17543,965
7751,17543,965
7751,17543,965
7751,17543,965
7751,17543,965
7751,17543,965
7751,17543,965
7751,17543,965
7751,17543,965
7751,17543,965
7751,23897,965
7751,23897,965
7751,23897,965
7751,23897,965
7751,23897,965
7751,23897,965
7751,23897,965
7751,23897,965
7751,23897,965
7751,23897,965
7751,24493,965
7751,24493,965
7751,24493,965
7751,24493,965
7751,24493,965
7751,24493,965
7751,24493,965
7751,24493,965
7751,24493,965
7751,24493,965
7751,24493,965
7751,24493,965
7751,24493,965
7751,24493,965
7751,24493,965
7751,24493,965
8215,10658,965
8215,10658,965
8215,11619,965
8215,11619,965
8215,11619,965
8215,14316,965
8215,14316,965
8215,14316,965
8215,14316,965
8215,14316,965
8215,14316,965
8215,14316,965
8215,14316,965
8215,14316,965
8215,14316,965
8215,14316,965
8215,14316,965
8215,14316,965
8215,14316,965
8215,14316,965
8215,14316,965
8215,14316,965
8215,14316,965
8215,14316,965
8215,14316,965
8215,14316,965
8215,14316,965
8215,14316,965
8215,14316,965
8236,21206,965
8620,15076,965
8620,15076,965
8620,15076,965
8620,15076,965
8620,15076,965
8882,19776,965
8882,19776,965
8882,19776,965
8882,19776,965
8882,19776,965
8882,19776,965
8882,19776,965
8882,19776,965
8882,19776,965
8882,19776,965
8882,19776,965
8882,19776,965
8882,19776,965
8882,19776,965
8882,19776,965
8882,19776,965
8882,19776,965
8941,1716,965
8941,1716,965
8941,1716,965
8941,1716,965
8941,1716,965
8941,1716,965
8941,1716,965
8941,1716,965
8941,1716,965
8941,1716,965
8941,1716,965
8941,1716,965
8941,1716,965
8941,1716,965
8941,1716,965
8941,1716,965
7577,9766,966
7607,10658,966
7751,2405,966
7751,12465,966
7751,12465,966
7751,12465,966
7751,12465,966
7751,12465,966
7751,12465,966
7751,12465,966
7751,12465,966
7751,12465,966
7751,12465,966
7751,12465,966
7751,12465,966
7751,12465,966
7751,12465,966
7751,12465,966
7751,12465,966
7751,12465,966
7751,12465,966
7751,12465,966
7751,12465,966
7751,12465,966
7751,12465,966
7751,12465,966
7751,12465,966
8215,2000,966
8215,14316,966
8215,14316,966
8215,14316,966
8215,14316,966
8215,14316,966
8215,14316,966
8215,14316,966
8215,14316,966
8215,14316,966
8215,14316,966
8215,14316,966
8236,21206,966
8236,21206,966
8236,21206,966
8236,21206,966
8236,21206,966
8236,21206,966
8236,21206,966
8236,21206,966
8236,21206,966
8236,21206,966
8236,21206,966
8236,21206,966
8236,21206,966
8274,18790,966
8274,19379,966
8274,19379,966
8620,15076,966
8620,15076,966
8620,15076,966
8620,15076,966
8620,15076,966
8620,15076,966
8620,15076,966
8620,15076,966
8770,12080,966
8770,12080,966
8770,12080,966
8770,12080,966
8770,12080,966
8770,12080,966
8770,12080,966
8770,12080,966
8770,12080,966
8770,12080,966
8770,12080,966
8770,12080,966
8770,12080,966
8770,12080,966
8770,12080,966
8770,12080,966
8770,12080,966
8770,12080,966
8770,12080,966
8770,12080,966
8770,12080,966
8770,12080,966
8770,12080,966
8770,12080,966
8770,12080,966
8770,12080,966
8770,12080,966
8770,12080,966
8770,12080,966
8770,12080,966
8770,12080,966
8770,12080,966
7577,2538,967
7751,2405,967
7751,12465,967
7751,12465,967
7751,12465,967
7751,12465,967
7751,12465,967
7751,12465,967
7751,12465,967
7751,12465,967
7751,12465,967
7751,12465,967
7751,12465,967
7751,12465,967
7751,12465,967
7751,12465,967
7751,12465,967
7751,12465,967
7751,12465,967
7751,12465,967
7751,12465,967
8236,18788,967
8236,21500,967
8236,21500,967
8236,21500,967
8236,21500,967
8236,21500,967
8236,21500,967
8236,21500,967
8236,21500,967
8274,3396,967
8274,3396,967
8274,3396,967
8274,3396,967
8274,3403,967
8274,3403,967
8274,3403,967
8274,3403,967
8274,3403,967
8274,3403,967
8274,3403,967
8274,3403,967
8274,3403,967
8274,3403,967
8274,3403,967
8620,780,967
8620,780,967
8620,780,967
8620,780,967
8620,780,967
8620,780,967
8620,780,967
8620,15020,967
8620,15020,967
8620,15020,967
8620,15020,967
8620,15020,967
8620,15020,967
8620,15020,967
8620,15020,967
8620,15020,967
8620,15020,967
8620,15020,967
8620,15020,967
8620,15020,967
8620,15020,967
8620,15020,967
8620,15020,967
8620,15020,967
8620,15020,967
8620,15020,967
8620,15020,967
8620,15020,967
8620,15020,967
8620,15020,967
8620,15020,967
8620,15020,967
8620,15020,967
8620,15076,967
8620,15076,967
8620,15076,967
8620,15076,967
8620,15076,967
8620,15076,967
8620,15076,967
8620,15076,967
8620,15078,967
8620,15078,967
8620,15078,967
8620,15078,967
8620,15078,967
8620,25460,967
8620,25460,967
8620,25460,967
8620,25460,967
8620,25460,967
8620,25460,967
8620,25460,967
8620,25460,967
8620,25460,967
8620,25460,967
8620,25460,967
8620,25460,967
8620,25460,967
8620,25460,967
8620,25460,967
8620,25460,967
8620,25460,967
8620,25460,967
8620,25460,967
8620,25460,967
8620,25460,967
8620,25460,967
8620,25460,967
8620,25460,967
8620,25460,967
8620,25460,967
8620,25460,967
8620,25460,967
8620,25460,967
8620,25460,967
8620,25460,967
8620,25460,967
8620,25460,967
8770,2974,967
8770,2974,967
8770,2974,967
8770,2974,967
8770,2974,967
8770,2974,967
8770,2974,967
8770,2974,967
8770,2974,967
8770,2974,967
8770,2974,967
8770,2974,967
8770,2974,967
8770,2974,967
8770,2974,967
8770,2974,967
8770,2974,967
8770,2974,967
8770,2974,967
8770,2978,967
8770,12080,967
8770,12080,967
8770,12080,967
8770,12080,967
8770,12080,967
8770,12080,967
8770,12080,967
8770,12080,967
8770,12080,967
8770,12080,967
8770,12080,967
8770,12080,967
8770,12080,967
8770,12080,967
8770,12080,967
8770,12080,967
8770,12080,967
8770,12080,967
8770,12080,967
8770,12080,967
8770,12080,967
8770,12080,967
8770,12080,967
8770,12080,967
8770,12080,967
8770,12080,967
8770,12080,967
8770,12080,967
8770,12080,967
8770,12080,967
8770,12080,967
8770,12080,967
8770,12080,967
8770,12080,967
8770,12080,967
8770,12080,967
8770,12080,967
8770,12080,967
8770,12080,967
8770,12080,967
8770,12080,967
8770,12080,967
8770,12080,967
8770,12080,967
8770,12080,967
8770,12080,967
8770,12080,967
8770,12080,967
8770,12080,967
8770,12080,967
8770,12080,967
8770,12080,967
8770,12080,967
8770,12080,967
8770,12080,967
8770,12080,967
8770,12080,967
8770,12080,967
8770,12080,967
8770,12080,967
8770,12080,967
8770,12080,967
8770,12080,967
8770,12080,967
8770,12080,967
8770,12080,967
8770,12080,967
8770,12080,967
8770,12080,967
8770,12080,967
8770,12080,967
8770,12080,967
8770,12080,967
8770,12080,967
8770,12080,967
8770,12080,967
8770,12080,967
8770,12080,967
8770,12080,967
8770,12080,967
8770,12080,967
8770,12080,967
8770,12080,967
8770,12080,967
8770,12080,967
8770,12080,967
8770,12080,967
8770,12080,967
8770,12080,967
8770,12080,967
8770,12080,967
8770,12080,967
8770,12080,967
8770,12080,967
8770,12080,967
8882,12168,967
8882,12168,967
8882,12168,967
8882,12168,967
8882,12168,967
8882,12168,967
8882,12168,967
8882,12168,967
8882,12168,967
8882,12168,967
8882,14362,967
8882,14362,967
8882,14362,967
8882,14362,967
8882,18098,967
8882,18098,967
8882,18098,967
8882,18098,967
8882,18098,967
8882,18098,967
8882,18098,967
8882,18098,967
8882,18098,967
8882,18098,967
8882,18098,967
8882,18098,967
8882,18098,967
8882,18098,967
8882,18098,967
8882,18098,967
8882,18098,967
8882,18098,967
8882,18098,967
8882,18098,967
8882,18098,967
8882,18098,967
8882,18098,967
8882,18098,967
8882,18098,967
8882,18098,967
8882,18098,967
8882,18098,967
8882,18098,967
8882,18098,967
8882,18098,967
8882,18098,967
8882,18098,967
8882,18098,967
8882,18098,967
8882,18098,967
8882,18098,967
8882,18098,967
8882,18098,967
8882,18098,967
8882,18098,967
8882,18098,967
8882,18098,967
8882,18098,967
8882,18098,967
8882,18098,967
8882,18098,967
8882,18098,967
8882,18098,967
8882,18098,967
8882,18098,967
8882,18098,967
8882,18098,967
8882,18098,967
8882,18098,967
8882,18098,967
8882,18098,967
8882,18098,967
8882,18098,967
8882,18098,967
8882,18098,967
8882,18098,967
8941,1994,967
8941,1994,967
8941,1994,967
8941,1994,967
8941,1994,967
8941,1994,967
8941,1994,967
8941,1994,967
8941,1994,967
8941,1994,967
2405,7863,968
2405,7863,968
2405,8235,968
2405,8274,968
2538,8117,968
7577,9765,968
7577,10139,968
7577,10215,968
7577,11101,968
7577,11101,968
8117,2538,968
8117,10139,968
8215,4340,968
8215,4341,968
8215,4341,968
8215,4341,968
8274,1778,968
8620,14027,968
8620,14027,968
8620,14027,968
8620,14027,968
8620,14027,968
8620,14027,968
8620,14027,968
8620,15020,968
8882,14362,968
8882,14362,968
8882,14362,968
8882,14362,968
8882,14362,968
8882,14362,968
8882,14362,968
8882,14362,968
8882,14362,968
8882,14362,968
8882,14362,968
8882,14362,968
8882,14362,968
8882,14362,968
8882,14362,968
8941,1994,968
9763,9764,968
11101,7863,968
2405,7897,969
2405,7918,969
2405,8117,969
2405,8215,969
2405,8235,969
7607,2405,969
7751,10658,969
7897,2538,969
7897,10215,969
7897,10851,969
7897,10851,969
7897,11237,969
8117,2405,969
8117,10139,969
8235,2405,969
8274,2405,969
8274,19379,969
10139,7607,969
10139,8117,969
2405,7607,970
2405,8017,970
8215,14726,970
8215,14727,970
8215,14727,970
8215,14727,970
8215,14727,970
8215,14727,970
8215,14727,970
8215,14727,970
8215,14727,970
8215,14727,970
8215,14727,970
8215,14727,970
8215,14727,970
8215,14727,970
8215,14727,970
8215,14727,970
8215,14727,970
8215,14727,970
8215,14727,970
8215,14727,970
8215,14727,970
8236,14500,970
8236,18788,970
8236,18788,970
8236,18801,970
8236,18801,970
8236,18801,970
8236,18801,970
8236,18801,970
8236,18801,970
8236,21500,970
8236,21500,970
8236,21500,970
8236,21500,970
8236,21500,970
8236,21500,970
8274,3347,970
8274,3348,970
8274,3403,970
8274,3403,970
8274,3403,970
8274,3403,970
8274,3403,970
8770,2974,970
8941,1994,970
10139,7863,970
10215,7897,970
10851,7897,970
2538,7765,971
2538,8274,971
7577,2405,971
7577,9765,971
7897,2405,971
7897,10139,971
7897,10215,971
7897,11101,971
7897,11394,971
8117,10139,971
8215,9571,971
8215,9571,971
8215,9571,971
8215,9571,971
8215,9571,971
8215,10215,971
8235,10658,971
8236,18788,971
8236,18788,971
8236,18790,971
8236,18790,971
8236,18790,971
8236,18790,971
8236,18790,971
8236,18790,971
8236,18790,971
8236,18801,971
8236,18801,971
8236,18801,971
8236,18801,971
8236,18801,971
8274,2538,971
8274,19379,971
8770,2974,971
8770,18349,971
8770,18349,971
8770,18349,971
8882,14362,971
8882,14362,971
8882,14362,971
8882,14362,971
8882,14362,971
8882,14362,971
8882,14362,971
8882,14362,971
8882,14362,971
8882,14362,971
8882,14362,971
8882,14362,971
8882,14362,971
8882,14362,971
8882,14362,971
8882,14362,971
8882,14362,971
8882,14362,971
8882,14362,971
8882,14362,971
8882,14362,971
8882,18432,971
8882,18432,971
8882,18432,971
8882,18432,971
8882,18432,971
8882,18432,971
8882,18432,971
8882,18432,971
8882,18432,971
8882,18432,971
8882,18432,971
8882,18432,971
8882,18432,971
8882,18432,971
8882,18432,971
8941,1994,971
8941,1994,971
8941,1994,971
8941,1994,971
8941,10399,971
8941,10399,971
8941,10399,971
8941,10399,971
8941,10399,971
8941,10399,971
8941,10399,971
8941,10399,971
8941,10399,971
8941,10399,971
8941,10518,971
8941,10518,971
10139,7751,971
10139,7863,971
10139,7863,971
10139,7897,971
10139,8017,971
10139,8117,971
10139,8215,971
10139,8235,971
10139,8236,971
10139,8274,971
10851,7607,971
10851,7706,971
10851,7751,971
10851,7765,971
10851,7863,971
10851,7897,971
10851,8215,971
10851,8235,971
10851,8236,971
10851,8274,971
11101,7863,971
7577,10215,972
8017,2405,972
8236,18788,972
8236,18790,972
8236,18790,972
8236,18790,972
8236,18790,972
8236,18790,972
8236,21113,972
8770,2974,972
8770,2974,972
8770,2974,972
8770,2974,972
8770,2974,972
8770,2974,972
8770,2974,972
8770,2974,972
8770,2974,972
8770,2974,972
8770,2974,972
8770,2974,972
8770,2974,972
8770,2974,972
8770,2974,972
8770,2974,972
8770,2974,972
8770,2974,972
8770,2974,972
8770,2974,972
8770,2974,972
8770,2978,972
8882,14362,972
8882,18432,972
8882,18433,972
10139,7897,972
10139,8215,972
10215,8215,972
7897,2405,973
8274,2680,973
8274,2680,973
8274,2680,973
8274,2680,973
8274,2680,973
8274,2680,973
8274,2680,973
8274,2680,973
8274,2680,973
8274,2680,973
8274,2680,973
8274,2680,973
8274,2680,973
8274,2680,973
8770,15076,973
8770,15076,973
8770,15076,973
8770,15076,973
8770,15076,973
8770,15076,973
8770,15076,973
8770,15076,973
8882,14362,973
8882,14362,973
8882,14362,973
8882,14362,973
8882,14362,973
8882,14362,973
8882,14362,973
8882,14362,973
8882,14362,973
8882,14362,973
8882,14362,973
8941,10519,973
2405,7706,974
2405,8017,974
2405,8215,974
2405,8235,974
7577,11237,974
7706,2405,974
7751,10851,974
7897,11237,974
7897,11237,974
8017,2405,974
8017,2405,974
8017,10139,974
8117,10139,974
8235,2405,974
8236,2405,974
8236,10658,974
8236,11237,974
8770,15076,974
8770,15076,974
8770,15076,974
8770,15076,974
8770,15076,974
8770,15076,974
8770,15076,974
8770,15076,974
8770,15076,974
8770,15076,974
8770,15076,974
8770,15076,974
8770,15076,974
8770,15076,974
8770,15076,974
8770,15076,974
8770,15076,974
8882,14362,974
8882,14362,974
8882,14362,974
8882,14362,974
10215,7765,974
10215,7765,974
10215,7897,974
10215,7918,974
10215,8274,974
11237,7897,974
11394,7918,974
11394,8017,974
11394,8215,974
11394,8235,974
11394,8274,974
7607,2538,975
7897,10139,975
8215,9571,975
8215,9571,975
8215,9571,975
8215,9571,975
8236,10139,975
8882,18169,975
8882,18169,975
8882,18169,975
8882,18169,975
8882,18169,975
8882,18169,975
8882,18169,975
8882,18169,975
8882,18169,975
8882,18169,975
8882,18169,975
8882,18169,975
8882,18169,975
8882,18169,975
8882,18169,975
8882,18169,975
8882,18169,975
8882,18169,975
8882,18169,975
8882,18169,975
8882,18169,975
8882,18169,975
8882,18169,975
8882,18169,975
8882,18169,975
8882,18169,975
8882,18169,975
8882,18169,975
8882,18169,975
8882,18169,975
8882,18169,975
8882,18169,975
8882,18169,975
8941,10399,975
8941,10399,975
8941,10399,975
8941,10399,975
8941,10399,975
8941,10399,975
8941,10399,975
8941,10399,975
8941,10399,975
8941,10399,975
8941,10518,975
8941,10518,975
10139,7607,975
10139,7765,975
10139,8215,975
10139,8236,975
10139,8274,975
7577,10851,976
8117,10139,976
8117,10139,976
8215,10139,976
8274,18788,976
8274,18802,976
8274,18802,976
8274,18802,976
8274,18802,976
8274,18802,976
8274,18802,976
8274,18802,976
8274,18802,976
8274,18802,976
8274,18802,976
8274,18802,976
8274,18802,976
8274,18802,976
8770,16838,976
8770,16838,976
8770,16838,976
8770,16838,976
8770,16838,976
8770,16838,976
8770,16838,976
8770,16838,976
8770,16838,976
8770,16838,976
8770,16838,976
8770,16838,976
8770,16838,976
8770,16838,976
8770,16838,976
8770,16838,976
8770,16841,976
8770,16844,976
8770,16845,976
8770,21636,976
8882,18169,976
8882,18169,976
8882,18169,976
8882,18169,976
8882,18169,976
8882,18169,976
8882,18169,976
8882,18169,976
8882,18169,976
8941,10520,976
10139,8017,976
10658,8236,976
7577,9765,977
7918,2405,977
8017,22652,977
8017,22652,977
8017,22652,977
8017,22652,977
8017,22652,977
8017,22652,977
8017,22652,977
8017,22652,977
8017,22652,977
8017,22652,977
8017,22652,977
8017,22652,977
8017,22652,977
8017,22652,977
8017,22652,977
8215,2405,977
8215,9571,977
8215,9571,977
8215,9571,977
8215,9571,977
8274,10139,977
8274,18788,977
8274,18790,977
8770,24899,977
8770,24899,977
8770,24902,977
8770,24904,977
8770,24904,977
8770,24904,977
8770,24904,977
8770,24904,977
8882,14362,977
8882,14362,977
8882,14362,977
8882,14362,977
8882,14362,977
8882,14362,977
8882,14362,977
8882,14362,977
8882,14362,977
8882,14362,977
8882,14362,977
8882,14362,977
8882,14362,977
8882,14362,977
8882,14362,977
8882,15013,977
8882,15014,977
7577,2405,978
7577,9765,978
7577,9765,978
7577,9765,978
7577,10139,978
7577,10215,978
7577,11101,978
7607,10139,978
7765,10139,978
7765,10215,978
7918,10215,978
7918,11394,978
8017,3396,978
8017,3396,978
8017,3396,978
8017,3396,978
8017,3396,978
8017,3403,978
8017,3403,978
8017,3403,978
8017,3403,978
8017,3403,978
8017,3403,978
8017,3403,978
8017,3403,978
8017,3403,978
8017,3403,978
8017,3403,978
8017,3403,978
8017,3403,978
8017,3403,978
8017,3403,978
8017,3403,978
8017,3403,978
8017,3403,978
8017,3403,978
8017,3403,978
8017,3403,978
8017,3403,978
8017,3403,978
8017,3405,978
8017,22652,978
8117,10139,978
8274,949,978
8274,951,978
8274,951,978
8274,951,978
8274,951,978
8274,951,978
8274,951,978
8274,951,978
8274,951,978
8274,951,978
8274,18028,978
8770,21495,978
8770,21495,978
8770,21495,978
8770,21495,978
8770,21495,978
8770,21495,978
8770,21495,978
8770,21495,978
8770,21495,978
8770,21495,978
8770,21495,978
8770,21495,978
8770,21495,978
8770,21495,978
8770,21495,978
8770,24907,978
8882,18169,978
8882,18169,978
8882,18169,978
8882,18169,978
8882,18169,978
8882,18169,978
8882,18169,978
8882,18169,978
8882,18169,978
8882,18169,978
8882,18169,978
8882,18169,978
8882,18169,978
8882,18169,978
8882,18169,978
8882,18169,978
8882,18169,978
8882,18169,978
8882,18169,978
8882,18169,978
8882,18169,978
8882,18169,978
8941,10399,978
8941,10399,978
8941,10399,978
8941,10399,978
8941,10399,978
8941,10399,978
8941,10399,978
8941,10399,978
8941,10399,978
8941,10399,978
8941,10518,978
8941,10518,978
8941,10520,978
9763,9764,978
10139,8117,978
10139,8235,978
10139,8236,978
10851,8215,978
8017,2595,979
8017,2595,979
8017,2595,979
8017,2595,979
8017,2595,979
8017,2595,979
8017,2595,979
8017,2595,979
8017,2595,979
8017,2595,979
8017,2595,979
8215,18887,979
8215,18887,979
8215,18887,979
8215,18887,979
8215,18887,979
8215,18887,979
8215,18887,979
8215,18887,979
8215,18887,979
8215,18887,979
8215,18887,979
8215,18887,979
8215,18887,979
8215,18887,979
8215,18887,979
8215,18887,979
8215,18887,979
8215,18887,979
8215,18887,979
8215,18887,979
8215,18887,979
8215,18888,979
8215,18888,979
8215,18888,979
8274,10215,979
8274,10215,979
8274,11394,979
8274,18788,979
8274,18802,979
8274,18802,979
8274,18802,979
8274,18802,979
8274,18802,979
8274,18802,979
8882,14362,979
8882,14362,979
8882,14362,979
8882,14362,979
8882,14362,979
8882,14362,979
8882,14362,979
8882,14362,979
8882,14362,979
8882,14362,979
8882,14362,979
8882,21294,979
8941,9738,979
8941,9738,979
8941,9738,979
8941,9738,979
8941,9738,979
8941,9738,979
8941,9738,979
8941,9738,979
8941,9738,979
8941,9738,979
8941,9738,979
8941,17166,979
8941,17166,979
8941,17166,979
8941,17166,979
8941,17166,979
8941,17166,979
8941,17166,979
8941,22662,979
8941,22662,979
8941,22662,979
8941,22662,979
8941,22662,979
8941,22662,979
8941,22662,979
8941,22662,979
8941,22662,979
8941,22662,979
8941,22662,979
8941,22662,979
8941,22662,979
8941,22662,979
8941,22662,979
8941,22662,979
8941,22662,979
8941,22662,979
8941,22662,979
8941,22662,979
8941,22662,979
8941,22662,979
8941,22662,979
8941,22662,979
8941,22662,979
8941,22662,979
8941,22662,979
8941,22662,979
8941,22662,979
8941,22662,979
10139,7706,979
10139,8274,979
11101,7863,979
2405,7863,980
7577,2405,980
7751,11443,980
8017,21136,980
8017,21136,980
8017,21136,980
8017,21136,980
8017,21136,980
8017,21136,980
8017,21136,980
8017,21136,980
8017,21136,980
8017,21136,980
8017,21136,980
8017,21136,980
8017,21136,980
8017,21136,980
8017,21136,980
8017,21136,980
8017,21136,980
8017,21136,980
8017,21136,980
8017,21136,980
8017,21136,980
8017,21136,980
8017,21136,980
8017,21136,980
8017,21136,980
8017,21136,980
8017,21136,980
8017,21136,980
8274,21519,980
10139,7863,980
7577,9766,981
8017,3396,981
8017,3396,981
8017,3396,981
8017,3396,981
8017,3396,981
8017,3403,981
8017,3403,981
8017,3403,981
8017,3403,981
8017,3403,981
8017,3403,981
8017,3403,981
8017,3403,981
8017,3403,981
8017,3403,981
8017,3403,981
8017,3403,981
8017,3403,981
8017,3403,981
8017,3403,981
8017,3403,981
8017,3403,981
8017,3403,981
8017,3403,981
8017,3403,981
8017,3403,981
8017,3403,981
8017,3403,981
8215,18887,981
8215,18887,981
8215,18887,981
8215,18887,981
8215,18887,981
8215,18887,981
8215,18887,981
8215,18887,981
8215,18887,981
8215,18888,981
8215,18930,981
8274,24915,981
8274,24915,981
8274,24915,981
8274,24915,981
8274,24915,981
8274,24915,981
8274,24915,981
8274,24915,981
8274,24915,981
8274,24915,981
8274,24915,981
8274,24915,981
8274,24915,981
8274,24915,981
8274,24915,981
8274,24915,981
8274,24915,981
8274,24915,981
8274,24915,981
8941,16059,981
8941,16059,981
8017,3380,982
8017,3380,982
8017,3380,982
8017,3380,982
8017,3380,982
8017,3380,982
8017,3380,982
8017,3380,982
8017,3380,982
8017,3380,982
8017,3380,982
8017,3380,982
8017,3380,982
8017,3380,982
8017,3380,982
8017,3380,982
8017,3380,982
8017,3380,982
8017,3380,982
8017,3405,982
8274,10139,982
8274,24915,982
8941,16059,982
8941,16059,982
8941,16059,982
8941,16795,982
8941,16795,982
8941,16795,982
10215,7863,982
8017,15597,983
8017,15600,983
8017,15601,983
8017,15601,983
8017,15601,983
8017,15601,983
8017,15601,983
8017,15601,983
8017,15601,983
8017,15601,983
8017,15601,983
8017,15601,983
8017,15601,983
8017,15601,983
8017,15601,983
8017,15601,983
8017,15601,983
8017,15601,983
8017,15601,983
8017,15601,983
8017,15601,983
8017,15601,983
8017,15601,983
8017,15601,983
8017,15601,983
8017,15601,983
8017,15601,983
8017,15601,983
8017,15601,983
8017,15602,983
8017,15602,983
8017,15602,983
8017,15602,983
8017,15602,983
8017,15602,983
8017,15602,983
8017,15602,983
8017,15602,983
8017,15602,983
8017,15602,983
8017,15602,983
8017,15602,983
8017,15602,983
8017,15602,983
8017,15602,983
8017,15602,983
8017,15602,983
8017,15609,983
8017,15609,983
8017,15609,983
8017,15609,983
8017,15609,983
8017,15609,983
8017,15609,983
8017,15609,983
8215,18887,983
8215,18887,983
8215,18887,983
8215,18887,983
8215,18887,983
8215,18887,983
8215,18887,983
8215,18887,983
8215,18887,983
8215,18887,983
8215,18887,983
8215,18887,983
8215,18887,983
8215,18887,983
8215,18887,983
8215,18888,983
8235,10139,983
8274,25411,983
8882,9906,983
8882,9906,983
8882,9906,983
8882,9906,983
8882,9906,983
8882,9906,983
8882,9906,983
8882,9906,983
8882,9906,983
8882,9906,983
8882,9906,983
8882,9906,983
8882,9906,983
8882,9906,983
8882,9906,983
8882,9906,983
8882,9906,983
8882,9906,983
8882,9906,983
8882,9906,983
8882,12096,983
8882,14362,983
8882,14362,983
8882,14362,983
8882,14362,983
8882,17888,983
8882,17888,983
8882,17888,983
8882,17888,983
8882,17888,983
8882,17888,983
8882,17888,983
8882,17888,983
8882,17888,983
8882,17888,983
8882,17888,983
8882,17888,983
8941,1408,983
8941,1408,983
8941,1408,983
8941,1408,983
8941,1408,983
8941,1408,983
8941,1408,983
8941,1408,983
8941,1408,983
8941,1408,983
8941,1408,983
8941,1408,983
8941,1408,983
8941,1408,983
8941,1408,983
8941,1408,983
8941,1408,983
8941,1408,983
8941,1408,983
8941,1408,983
8941,1408,983
8941,1408,983
8941,1408,983
8941,1408,983
8941,1408,983
8941,1408,983
8941,16795,983
8941,16795,983
8941,16795,983
8941,16795,983
8941,16795,983
7863,11443,984
8017,3258,984
8017,3258,984
8017,3258,984
8017,3258,984
8017,3258,984
8017,3258,984
8017,3258,984
8017,3258,984
8017,3258,984
8017,3258,984
8017,3258,984
8017,3258,984
8017,3258,984
8017,3258,984
8017,3258,984
8017,3258,984
8017,3258,984
8017,3258,984
8017,3258,984
8017,3258,984
8017,3258,984
8017,3258,984
8017,3258,984
8017,3258,984
8017,3258,984
8017,3258,984
8017,3258,984
8017,3258,984
8017,3258,984
8017,3258,984
8017,3258,984
8017,3258,984
8017,3258,984
8017,3258,984
8017,3258,984
8017,12096,984
8017,15597,984
8017,15597,984
8017,15600,984
8017,15601,984
8017,15601,984
8017,15601,984
8017,15601,984
8017,15601,984
8017,15601,984
8017,15601,984
8017,15601,984
8017,15601,984
8017,15601,984
8017,15601,984
8017,15601,984
8017,15601,984
8017,15601,984
8017,15601,984
8017,15601,984
8017,15601,984
8017,15601,984
8017,15601,984
8017,15601,984
8017,15601,984
8017,15601,984
8017,15601,984
8017,15601,984
8017,15601,984
8017,15601,984
8017,15601,984
8017,15601,984
8017,15601,984
8017,15601,984
8017,15601,984
8017,15601,984
8017,15601,984
8017,15601,984
8017,15601,984
8017,15601,984
8017,15601,984
8017,15601,984
8017,15601,984
8017,15601,984
8017,15601,984
8017,15601,984
8017,15601,984
8017,15601,984
8017,15601,984
8017,15601,984
8017,15601,984
8017,15601,984
8017,15601,984
8017,15601,984
8017,15601,984
8017,15601,984
8017,15601,984
8017,15601,984
8017,15601,984
8017,15601,984
8017,15601,984
8017,15601,984
8017,15601,984
8017,15601,984
8017,15601,984
8017,15601,984
8017,15601,984
8017,15601,984
8017,15601,984
8017,15601,984
8017,15601,984
8017,15601,984
8017,15601,984
8017,15601,984
8017,15601,984
8017,15601,984
8017,15601,984
8017,15601,984
8017,15601,984
8017,15602,984
8017,15602,984
8017,15602,984
8017,15602,984
8017,15602,984
8017,15602,984
8017,15602,984
8017,15602,984
8017,15602,984
8017,15602,984
8017,15602,984
8017,15602,984
8017,15602,984
8017,15602,984
8017,15602,984
8017,15602,984
8017,15602,984
8017,15602,984
8017,15609,984
8017,15609,984
8017,15609,984
8017,15609,984
8017,15609,984
8017,15609,984
8017,15609,984
8017,15609,984
8017,15609,984
8017,15609,984
8017,15609,984
8017,15609,984
8215,14096,984
8215,14099,984
8215,18887,984
8215,18887,984
8215,18887,984
8215,18887,984
8215,18887,984
8215,18887,984
8236,10139,984
8882,9906,984
8882,9906,984
8882,9906,984
8882,9906,984
8882,9906,984
8882,9906,984
8882,9906,984
8882,9906,984
8882,9906,984
8882,9906,984
8882,9906,984
8882,9906,984
8882,9906,984
8882,9906,984
8882,9906,984
8882,9906,984
8882,9906,984
8882,9906,984
8882,9906,984
8882,9906,984
8882,9906,984
8882,9906,984
8882,9906,984
8882,9906,984
8882,9906,984
8882,9906,984
8882,9906,984
8882,9906,984
8882,9906,984
8882,12096,984
8882,12096,984
8882,23623,984
8882,23623,984
8882,23623,984
8882,23623,984
8882,23623,984
8882,23623,984
8882,23623,984
8882,23623,984
8882,23623,984
8882,23623,984
8882,23623,984
8882,23623,984
8882,23623,984
8882,23623,984
8882,23623,984
8882,23624,984
8882,23887,984
7706,10851,985
7706,10851,985
8017,15597,985
8017,15600,985
8017,15601,985
8017,15601,985
8017,15601,985
8017,15601,985
8017,15601,985
8017,15601,985
8017,15601,985
8017,15601,985
8017,15601,985
8017,15601,985
8017,15601,985
8017,15601,985
8017,15601,985
8017,15601,985
8017,15601,985
8017,15601,985
8017,15601,985
8017,15601,985
8017,15601,985
8017,15601,985
8017,15601,985
8017,15601,985
8017,15601,985
8017,15601,985
8017,15601,985
8017,15601,985
8017,15601,985
8017,15602,985
8017,15602,985
8017,15602,985
8017,15602,985
8017,15602,985
8017,15602,985
8017,15602,985
8017,15602,985
8017,15602,985
8017,15602,985
8017,15602,985
8017,15602,985
8017,15602,985
8017,15602,985
8017,15602,985
8017,15602,985
8017,15602,985
8017,15602,985
8017,15609,985
8017,15609,985
8017,15609,985
8017,15609,985
8017,15609,985
8017,15609,985
8017,15609,985
8017,15609,985
8215,14100,985
8215,21614,985
8274,18912,985
8274,20284,985
8274,20284,985
8274,20284,985
8274,20284,985
8274,20284,985
8274,20284,985
8274,20284,985
8274,20284,985
8274,20284,985
8274,20284,985
8274,20284,985
8274,20284,985
8274,20284,985
8274,20284,985
8274,20284,985
8274,20284,985
8274,20284,985
8274,25411,985
8882,9904,985
8882,9904,985
8882,9904,985
8882,9904,985
8882,9904,985
8882,9904,985
8882,9904,985
8882,9904,985
8882,9904,985
8882,9904,985
8882,9904,985
8882,9904,985
8882,9904,985
8882,9904,985
8882,9904,985
8882,9904,985
8882,9906,985
8882,12096,985
8941,1406,985
8941,1406,985
8941,1406,985
8941,1406,985
8941,1406,985
7577,9765,986
7577,11101,986
7577,11101,986
7765,11443,986
8215,14100,986
8215,21614,986
8274,20284,986
8274,20284,986
8274,20284,986
8274,20284,986
8274,20284,986
8274,20284,986
8882,23623,986
11101,7863,986
2405,7607,987
2405,7706,987
2405,7863,987
2405,8017,987
8882,16811,987
8882,16811,987
8882,16811,987
8882,16811,987
8882,16811,987
8882,16811,987
8882,16811,987
8882,16811,987
8882,16811,987
8882,16811,987
8882,16811,987
8882,16811,987
8882,16811,987
8882,16811,987
8941,1406,987
8941,1406,987
8941,1406,987
8941,1406,987
8941,1406,987
8941,1406,987
8941,1406,987
8941,1406,987
8941,1406,987
8941,1406,987
8941,1406,987
8941,1406,987
8941,1406,987
8941,1406,987
8941,1406,987
8941,1406,987
8941,1406,987
8941,1406,987
8941,1406,987
8941,1406,987
8941,1406,987
8941,1406,987
10851,7706,987
8882,16811,988
8882,16811,988
8882,16811,988
8882,16811,988
8882,16811,988
8882,16811,988
8882,16811,988
8941,1407,988
8941,1407,988
8941,1407,988
8941,1407,988
8941,1407,988
8941,1407,988
8941,1407,988
8941,1407,988
8941,1407,988
8941,1407,988
8941,1407,988
8941,1407,988
8941,1407,988
8941,1407,988
8941,1407,988
8941,1407,988
8941,1407,988
8941,1407,988
8941,1407,988
8941,1407,988
8941,1407,988
8941,1407,988
8941,1407,988
8941,1407,988
8941,1407,988
8941,1407,988
8941,1407,988
9763,9764,988
8274,1897,989
8274,1897,989
8941,1407,989
8941,1407,989
8941,1407,989
8941,1407,989
8941,1407,989
8941,1407,989
8941,1407,989
8941,1407,989
8941,1407,989
8941,1407,989
8941,1407,989
8941,1407,989
8941,1407,989
8941,1407,989
8941,1407,989
8941,1407,989
8941,1407,989
8941,11613,989
8941,1406,990
8941,1406,990
8941,1406,990
8941,1406,990
8941,1406,990
8962,22601,990
7577,10658,991
7765,2405,991
7765,2538,991
7765,10215,991
7765,10658,991
7765,11394,991
8236,2538,991
8236,10139,991
8236,10658,991
8236,10851,991
8274,1979,991
8274,1979,991
8274,1979,991
8274,1979,991
8882,14427,991
8941,1406,991
8941,1406,991
8941,1406,991
8941,1406,991
8941,1406,991
8941,1406,991
10139,7897,991
10139,8017,991
10139,8215,991
10851,7607,991
10851,7706,991
10851,7751,991
10851,7765,991
10851,7863,991
10851,7897,991
10851,8215,991
10851,8235,991
10851,8236,991
10851,8274,991
7577,10851,992
7577,11443,992
7607,10851,992
7751,11443,992
8017,10139,992
8882,4398,992
8882,16811,992
8882,16811,992
8882,16811,992
8882,16811,992
8882,16811,992
8882,16811,992
8882,16811,992
10139,8236,992
10851,8236,992
11443,8215,992
7577,9765,993
7577,9765,993
7577,11237,993
7765,10851,993
7765,10851,993
8215,2405,993
8215,10851,993
8215,10851,993
8215,11237,993
8215,11443,993
8236,10851,993
8882,4398,993
8882,4398,993
8882,4398,993
8882,4398,993
8882,4398,993
8882,4398,993
8882,4398,993
8882,23983,993
8882,23983,993
8882,23983,993
8882,23983,993
8882,23983,993
8882,23983,993
8941,18313,993
8941,18313,993
8941,18313,993
8941,18313,993
8941,18313,993
8941,18313,993
8941,18313,993
8941,18313,993
8941,18313,993
8941,18313,993
8941,18313,993
8941,18313,993
8941,18313,993
8941,18313,993
8941,18313,993
8941,18313,993
8941,18313,993
8941,18313,993
8941,18313,993
10139,8215,993
7577,2538,994
8117,10139,994
8274,1979,994
8274,1979,994
8274,1979,994
8274,1979,994
8274,1979,994
8274,1979,994
8274,1979,994
8274,1979,994
8274,1979,994
8274,1979,994
8274,1979,994
8274,1979,994
8274,1979,994
8777,3396,994
8777,3396,994
8777,3396,994
8777,3396,994
8777,3403,994
8777,3403,994
8777,3403,994
8777,3403,994
8777,3403,994
8777,3403,994
8777,3403,994
8777,3403,994
8777,3403,994
8777,3403,994
8777,3403,994
8882,23983,994
8882,23983,994
8882,23983,994
8882,23983,994
8882,23983,994
8941,1406,994
8941,1406,994
8941,1406,994
8941,1406,994
8941,1406,994
8941,1406,994
8941,1406,994
8941,1406,994
8941,1406,994
8941,1406,994
8941,1406,994
8941,1406,994
8941,1406,994
8941,1406,994
8941,1406,994
8941,1406,994
8941,1406,994
8941,1406,994
8941,1406,994
10139,8117,994
10139,8117,994
2405,7765,995
2538,7765,995
2538,7765,995
7706,10139,995
7706,10658,995
7706,10851,995
7706,11101,995
7706,11237,995
8117,10139,995
8117,11394,995
8274,2077,995
8274,2077,995
8274,2077,995
8274,2077,995
8274,2077,995
8274,2077,995
8274,2077,995
8274,2077,995
8274,2077,995
8274,2077,995
8274,2077,995
8274,2077,995
8274,2077,995
8274,2077,995
8274,2077,995
8274,4353,995
8274,13556,995
8274,13556,995
8274,13556,995
8274,13556,995
8274,13556,995
8274,13556,995
8274,13556,995
8274,13556,995
8274,13556,995
8274,13556,995
8274,13556,995
8274,13556,995
8941,1406,995
8941,1406,995
8941,1406,995
8941,1406,995
8941,1406,995
8941,1406,995
8941,1406,995
8941,1406,995
8941,1406,995
8941,1406,995
8941,1406,995
8941,1406,995
8941,1406,995
8941,1406,995
8941,1406,995
8941,1406,995
8941,1406,995
8941,1406,995
8941,1406,995
8941,1406,995
8941,1406,995
8941,1406,995
8941,1406,995
8941,1406,995
10851,7706,995
10851,8215,995
11237,7706,995
11443,8215,995
2538,7751,996
2538,7897,996
2538,7897,996
7577,9766,996
8117,11394,996
8274,21646,996
8777,3403,996
8882,23983,996
8882,23983,996
8882,23983,996
8882,23983,996
8882,23983,996
8882,23983,996
8941,1406,996
8941,1406,996
8941,1406,996
8941,1406,996
8941,1406,996
8941,1406,996
8941,1406,996
8941,1406,996
8941,1406,996
8941,1406,996
8941,1406,996
8941,1406,996
8941,1406,996
8941,1406,996
8941,1406,996
8941,1406,996
8941,1406,996
8941,1406,996
8941,1406,996
8941,1406,996
8941,18313,996
8941,18313,996
8941,18313,996
8941,18313,996
8941,18313,996
8941,18313,996
8941,18313,996
8941,18313,996
8941,18313,996
8941,18313,996
8941,18313,996
8941,18313,996
8941,18313,996
8941,18313,996
8941,18313,996
8941,18313,996
8941,18313,996
8941,18313,996
8941,18313,996
8941,18313,996
8941,18313,996
8941,18313,996
8941,18313,996
8941,18313,996
8941,18313,996
8941,18313,996
8941,18313,996
8941,18313,996
8941,18313,996
8941,18313,996
8941,18313,996
8941,18313,996
8941,18313,996
8941,18313,996
8941,18313,996
8941,18313,996
8941,18313,996
8941,18313,996
8941,18313,996
8941,18313,996
8941,18313,996
8941,18313,996
8941,18313,996
8941,18313,996
8941,18313,996
8941,18313,996
8941,18313,996
8941,18313,996
8941,18313,996
8941,18313,996
8941,18313,996
8941,18313,996
8941,18313,996
8941,18313,996
8941,18313,996
8941,18313,996
8941,18313,996
8941,18313,996
8941,18313,996
8941,18313,996
8941,18313,996
8941,18313,996
8941,18313,996
8941,18313,996
8941,18313,996
8941,18313,996
8941,18313,996
8941,18313,996
8941,18313,996
8941,18313,996
8941,18313,996
8941,18313,996
10215,7765,996
11237,8215,996
11394,8017,996
11394,8117,996
11394,8215,996
11394,8235,996
2405,7765,997
2405,7765,997
2405,7863,997
2538,7607,997
2538,7607,997
2538,7751,997
2538,7765,997
2538,7863,997
2538,7863,997
2538,7897,997
2538,7918,997
2538,8017,997
2538,8215,997
2538,8235,997
2538,8236,997
7577,2405,997
7577,2405,997
7577,9765,997
7577,9765,997
7577,10851,997
7577,11101,997
7607,2538,997
7751,2405,997
7751,11101,997
7751,11237,997
7751,11394,997
7751,11443,997
7863,2538,997
8215,10139,997
8215,11237,997
8215,11394,997
8215,11443,997
8274,16837,997
8274,21636,997
8274,21638,997
8274,21646,997
8274,21646,997
8274,21646,997
8274,21646,997
8274,21646,997
8274,21646,997
8274,21646,997
8274,21646,997
8274,21646,997
8274,21646,997
8274,21646,997
8274,21646,997
8274,21646,997
8274,21646,997
8274,21646,997
8274,21650,997
8274,21653,997
8777,3396,997
8777,3396,997
8777,3396,997
8777,3403,997
8777,3403,997
8777,3403,997
8777,3403,997
8777,3403,997
8777,3403,997
8777,3403,997
8777,3403,997
8777,3403,997
8777,3403,997
8777,3403,997
8777,3403,997
8777,3403,997
8777,3403,997
8777,3403,997
8777,3403,997
8777,3403,997
8777,3403,997
8777,3403,997
8777,3403,997
8777,3403,997
8777,3405,997
8777,11559,997
8777,11559,997
8882,14947,997
8882,14947,997
8882,14947,997
8882,14947,997
8882,14947,997
8882,14947,997
8882,14947,997
8882,14947,997
8882,14947,997
8882,14947,997
8882,14947,997
8882,14948,997
8941,14555,997
8941,14555,997
8941,14555,997
8941,14555,997
8941,14555,997
8941,14555,997
8941,14555,997
8941,18313,997
8941,18313,997
8941,18313,997
8941,18313,997
8941,18313,997
8941,18313,997
8941,18313,997
8941,18313,997
8941,18313,997
8941,18313,997
8941,18313,997
8941,18313,997
8941,18313,997
8941,18313,997
8941,18313,997
8941,18313,997
8941,18313,997
8941,18313,997
8941,18313,997
8941,18313,997
8941,18313,997
8941,18313,997
8941,18313,997
8941,18313,997
8941,18313,997
8941,18313,997
8941,18313,997
8941,18313,997
8941,18313,997
8941,18313,997
8941,18313,997
8941,18313,997
8941,18313,997
8941,18313,997
8941,18313,997
8941,18313,997
8941,18313,997
8941,18313,997
8941,18313,997
8941,18313,997
8941,18313,997
8941,18313,997
8941,18313,997
8941,18313,997
8941,18313,997
8941,18313,997
8941,18313,997
8941,18313,997
8941,18313,997
8941,18313,997
8941,18313,997
8941,18313,997
8941,18313,997
8941,18313,997
8941,18313,997
8941,18313,997
8941,18313,997
8941,18313,997
8941,18313,997
8941,18313,997
8941,18313,997
8941,18313,997
8941,18313,997
10658,7765,997
10851,7863,997
11394,7897,997
11394,8215,997
11443,8215,997
11443,8215,997
2538,8017,998
7577,2538,998
7577,9765,998
7577,9765,998
7577,11101,998
8017,2538,998
8017,2538,998
8117,11237,998
8274,14502,998
8274,14502,998
8274,14502,998
8274,14502,998
8274,14502,998
8274,14502,998
8274,14502,998
8274,14502,998
8274,14502,998
8274,16695,998
8274,16695,998
8274,16695,998
8274,16695,998
8274,16695,998
8274,16695,998
8274,16695,998
8777,3396,998
8777,3403,998
8777,3403,998
8777,3403,998
8777,3403,998
8777,3403,998
8777,3403,998
8777,3403,998
8777,3403,998
8777,3403,998
8777,3403,998
8777,3403,998
8777,3403,998
8882,19911,998
8882,19911,998
9763,9764,998
11237,8117,998
11237,8215,998
11394,7765,998
11394,7863,998
11394,8215,998
7897,2538,999
8882,4670,999
8882,4670,999
8882,4670,999
8882,4670,999
8882,4670,999
8882,4670,999
8882,4670,999
8882,4670,999
8882,4670,999
8882,4670,999
8882,4670,999
8882,4670,999
8882,4670,999
8882,4670,999
8882,4670,999
8882,4670,999
8882,4670,999
8882,4670,999
8882,4670,999
8882,4670,999
8882,4670,999
8882,4670,999
8882,4670,999
8882,4670,999
8882,4670,999
8882,4670,999
8882,4670,999
8882,4670,999
8882,4679,999
8882,19911,999
8882,19911,999
8882,19911,999
8882,19911,999
8882,19911,999
8882,19911,999
8882,19911,999
8882,19911,999
8882,19911,999
8882,19911,999
8882,19911,999
8882,19911,999
8882,19911,999
11101,7765,999
11101,8274,999
11394,7751,999
7897,10851,1000
8882,4670,1000
8882,4670,1000
8882,4670,1000
8882,4670,1000
8882,4670,1000
8882,4670,1000
8882,23815,1000
8941,14555,1000
8941,18535,1000
8236,2538,1001
8882,4670,1001
8882,4670,1001
8882,4670,1001
8882,4670,1001
8941,18535,1001
8941,18535,1001
8941,18535,1001
8941,18535,1001
8941,23863,1001
8941,23863,1001
8941,23863,1001
8941,23863,1001
8941,23863,1001
8941,23863,1001
8941,23863,1001
8941,23863,1001
8941,23863,1001
8941,23863,1001
8941,23863,1001
8941,23863,1001
8941,23863,1001
8941,23863,1001
8941,23863,1001
8941,23863,1001
8941,23863,1001
8941,23863,1001
8941,23863,1001
8941,23863,1001
8941,23863,1001
8941,23863,1001
8941,23863,1001
8941,23863,1001
8941,23863,1001
8941,23863,1001
8941,23863,1001
8941,23863,1001
8941,23863,1001
8941,23863,1001
8941,23863,1001
8941,23863,1001
8941,23863,1001
8941,23863,1001
8941,23863,1001
8941,23863,1001
8941,23863,1001
8941,23863,1001
8941,23863,1001
8941,23863,1001
8941,23863,1001
8941,23863,1001
8941,23863,1001
8941,23863,1001
8941,23863,1001
8941,23863,1001
8941,23863,1001
8941,23863,1001
8941,23863,1001
8941,23863,1001
8941,23863,1001
8941,23863,1001
8941,23863,1001
8941,23863,1001
8941,23863,1001
8941,23863,1001
8941,23863,1001
8941,23863,1001
8941,23863,1001
8941,23863,1001
8941,23863,1001
11237,8215,1001
7918,11443,1002
8777,21136,1002
8777,21136,1002
8777,21136,1002
8777,21136,1002
8777,21136,1002
8777,21136,1002
8777,21136,1002
8777,21136,1002
8777,21136,1002
8777,21136,1002
8777,21136,1002
8777,21136,1002
8777,21136,1002
8777,21136,1002
8777,21136,1002
8777,21136,1002
8777,21136,1002
8777,21136,1002
8777,21136,1002
8777,21136,1002
8777,21136,1002
8777,21136,1002
8777,21136,1002
8777,21136,1002
8777,21136,1002
8777,21136,1002
8777,21136,1002
8777,21136,1002
8777,21136,1002
8777,21136,1002
8777,21136,1002
8777,21136,1002
8777,21136,1002
8777,21136,1002
8777,21136,1002
8777,21136,1002
8777,21136,1002
8777,21136,1002
8777,21136,1002
8777,21136,1002
8777,21136,1002
8777,21136,1002
8777,21136,1002
8777,21136,1002
8777,21136,1002
8777,21136,1002
8777,21136,1002
8777,21136,1002
8777,21136,1002
8777,21136,1002
8777,21136,1002
8941,18535,1002
8941,23863,1002
8941,23863,1002
8941,23863,1002
8941,23863,1002
8941,23863,1002
8941,23863,1002
8941,23863,1002
8941,23863,1002
8941,23863,1002
8941,23863,1002
8941,23863,1002
8941,23863,1002
8941,23863,1002
8941,23863,1002
8941,23863,1002
8941,23863,1002
8941,23863,1002
8941,23863,1002
8941,23863,1002
8941,23863,1002
8941,23863,1002
8941,23863,1002
8941,23863,1002
8941,23863,1002
8941,23863,1002
8941,23863,1002
8941,23863,1002
8941,23863,1002
11237,7918,1002
11237,8274,1002
2405,8117,1003
8117,2405,1003
8941,23863,1003
8941,23863,1003
8941,23863,1003
8941,23863,1003
8941,23863,1003
8941,23863,1003
8941,23863,1003
8941,23863,1003
8941,23863,1003
8941,23863,1003
8941,23863,1003
8941,23863,1003
8941,23863,1003
8941,23863,1003
8941,23863,1003
8941,23863,1003
8941,23863,1003
8941,23863,1003
8941,23863,1003
8941,23863,1003
7918,2538,1004
7918,11443,1004
8882,4670,1004
8882,4670,1004
8882,4670,1004
8882,4670,1004
8882,4670,1004
8882,4670,1004
8941,23863,1004
8941,23863,1004
8941,23863,1004
8941,23863,1004
8941,23863,1004
8941,23863,1004
8941,23863,1004
8941,23863,1004
2405,8215,1005
8556,22601,1005
8882,4669,1005
8882,4670,1005
8882,4670,1005
8882,4670,1005
8882,4670,1005
8882,4676,1005
8941,13531,1005
8941,13531,1005
8941,13531,1005
7577,11101,1006
7918,18535,1006
8117,10215,1006
8235,12096,1006
8235,12096,1006
8235,12096,1006
8235,12096,1006
8235,14366,1006
8235,14366,1006
8235,14366,1006
8235,14366,1006
8777,21136,1006
8777,21136,1006
8777,21136,1006
8777,21136,1006
8777,21136,1006
8777,21136,1006
8777,21136,1006
8777,21136,1006
8777,21136,1006
8777,21136,1006
8777,21136,1006
8777,21136,1006
8777,21136,1006
8777,21136,1006
8882,15855,1006
8882,24244,1006
8882,24824,1006
8882,24824,1006
8882,24824,1006
8882,24824,1006
8882,24824,1006
8882,24824,1006
8882,24824,1006
8882,24824,1006
8941,23863,1006
8941,23863,1006
8941,23863,1006
8941,23863,1006
8941,23863,1006
8941,23863,1006
8941,23863,1006
8941,23863,1006
10215,7751,1006
10215,7863,1006
10215,7897,1006
10215,8017,1006
10215,8117,1006
10215,8215,1006
10215,8235,1006
10215,8236,1006
10215,8274,1006
10851,7918,1006
11101,8274,1006
7607,2405,1007
7607,10139,1007
8274,10215,1007
8777,18142,1007
8777,18142,1007
8777,18142,1007
8777,18142,1007
8777,18142,1007
8777,18142,1007
8777,18142,1007
8777,18142,1007
8777,18142,1007
8777,18142,1007
8777,18142,1007
8777,18142,1007
8777,18142,1007
8777,18142,1007
8777,18142,1007
8777,18142,1007
8777,18142,1007
8777,18142,1007
8777,18142,1007
8777,18142,1007
8777,18142,1007
8777,21136,1007
8941,23863,1007
8941,23863,1007
8941,23863,1007
8941,23863,1007
8941,23863,1007
8941,23863,1007
8941,23863,1007
8941,23863,1007
8941,23863,1007
8941,23863,1007
8941,23863,1007
8941,23863,1007
8941,23863,1007
8941,23863,1007
8941,23863,1007
8941,23863,1007
8941,23863,1007
8941,23863,1007
8941,23863,1007
8941,23863,1007
10139,7607,1007
7577,2405,1008
7577,9765,1008
7577,9765,1008
7577,10139,1008
7607,11394,1008
7706,2538,1008
7706,11101,1008
7706,11237,1008
7706,11394,1008
7751,2405,1008
7751,11101,1008
7751,11237,1008
7751,11394,1008
7751,11443,1008
7765,11101,1008
8117,10139,1008
8117,10215,1008
8235,14369,1008
8235,14373,1008
9763,9764,1008
10139,7607,1008
10139,7751,1008
10139,7765,1008
10139,7863,1008
10139,7897,1008
10139,8117,1008
10139,8215,1008
10139,8235,1008
10139,8274,1008
11394,7607,1008
2538,7897,1009
7577,2538,1009
7577,9765,1009
7577,11237,1009
7897,2538,1009
7897,10139,1009
7897,10215,1009
7897,10215,1009
7897,12096,1009
7897,12096,1009
7897,12096,1009
7897,12096,1009
7897,12096,1009
7897,14366,1009
7897,14366,1009
7897,14366,1009
7897,14366,1009
7897,16837,1009
7897,16837,1009
7897,18551,1009
7897,18551,1009
7897,18551,1009
7897,18551,1009
7897,18551,1009
7897,18551,1009
7897,18551,1009
7897,18551,1009
7897,18551,1009
7897,18551,1009
7897,18551,1009
7897,18551,1009
7897,18551,1009
7897,18551,1009
7897,18551,1009
7897,18551,1009
7897,18551,1009
7897,18551,1009
7897,18551,1009
7897,21648,1009
7897,21648,1009
7897,21648,1009
7897,21648,1009
7897,21648,1009
8235,18551,1009
8235,18551,1009
8235,18551,1009
8235,18551,1009
8235,18551,1009
8235,18551,1009
8235,18551,1009
8235,18551,1009
8235,18551,1009
8235,18551,1009
8235,18551,1009
8235,18551,1009
8235,18551,1009
8235,18551,1009
8235,18551,1009
8235,18551,1009
8235,18551,1009
8235,18551,1009
10139,7706,1009
10139,7863,1009
11237,8236,1009
7897,10139,1010
7897,12096,1010
7897,12096,1010
7897,12096,1010
7897,12096,1010
7897,14366,1010
7897,14366,1010
7897,14366,1010
7897,14366,1010
8117,10215,1010
8117,10215,1010
8274,11101,1010
8962,22652,1010
8962,22652,1010
8962,22652,1010
8962,22652,1010
8962,22652,1010
8962,22652,1010
8962,22652,1010
8962,22652,1010
8962,22652,1010
8962,22652,1010
8962,22652,1010
8962,22652,1010
8962,22652,1010
8962,22652,1010
8962,22652,1010
8962,22652,1010
8962,22652,1010
8962,22652,1010
8962,22652,1010
8962,22652,1010
8962,22652,1010
8962,22652,1010
8962,22652,1010
8962,22652,1010
8962,22652,1010
8962,22652,1010
8962,22652,1010
8962,22652,1010
8962,22652,1010
8962,22652,1010
8962,22652,1010
10139,7897,1010
7577,10215,1011
7577,11443,1011
7577,9766,1012
7897,14366,1012
8235,18551,1012
8235,18551,1012
8235,18551,1012
8235,18551,1012
8962,21136,1012
8962,21136,1012
8962,21136,1012
8962,21136,1012
8962,21136,1012
8962,21136,1012
8962,21136,1012
8962,21136,1012
8962,21136,1012
8962,21136,1012
8962,21136,1012
8962,21136,1012
8962,21136,1012
8962,21136,1012
8962,21136,1012
8962,21136,1012
8962,21136,1012
8962,21136,1012
8962,21136,1012
8962,21136,1012
8962,21136,1012
8962,21136,1012
8962,21136,1012
8962,21136,1012
8962,21136,1012
8962,21136,1012
8962,21136,1012
8962,21136,1012
8962,21136,1012
8962,21136,1012
8962,21136,1012
8962,21136,1012
8962,21136,1012
8962,21136,1012
8962,21136,1012
8962,21136,1012
8962,21136,1012
8962,21136,1012
8962,21136,1012
8962,21136,1012
8962,21136,1012
8962,21136,1012
8962,21136,1012
8962,21136,1012
8962,21136,1012
8962,21136,1012
8962,21136,1012
8962,21136,1012
8962,21136,1012
8962,21136,1012
8962,21136,1012
8962,21136,1012
8962,21136,1012
8962,21136,1012
8962,21136,1012
8962,21136,1012
8962,21136,1012
8962,21136,1012
8962,21136,1012
8962,21136,1012
8962,21136,1012
8962,21136,1012
8962,21136,1012
10139,7706,1012
10139,7751,1012
10215,7607,1012
10215,7765,1012
10215,7897,1012
10215,8215,1012
10215,8235,1012
10215,8274,1012
11443,7751,1012
7897,22601,1013
8235,18551,1013
8235,18551,1013
8235,18551,1013
8235,18551,1013
8235,18551,1013
8235,18551,1013
8235,18551,1013
8235,18551,1013
8235,18551,1013
8235,18551,1013
8235,18551,1013
8235,18551,1013
8235,18551,1013
8235,18551,1013
8235,18551,1013
8235,18551,1013
8235,18551,1013
8235,18551,1013
8962,13934,1013
8962,13934,1013
8962,14085,1013
8962,14085,1013
8962,14085,1013
8962,14085,1013
8962,14085,1013
8962,14085,1013
8962,14085,1013
10215,7706,1013
10215,7863,1013
10215,8017,1013
11237,7706,1013
11394,7706,1013
11394,7706,1013
2405,7751,1014
2405,7765,1014
2405,8117,1014
2405,8235,1014
7577,2405,1014
7765,10139,1014
7897,18535,1014
8117,2405,1014
8235,4670,1014
8235,4670,1014
8235,4670,1014
8235,4670,1014
8235,4670,1014
8235,4670,1014
8235,4670,1014
8235,4670,1014
8235,4670,1014
8235,4670,1014
8235,4670,1014
8235,4670,1014
8235,4670,1014
8235,4670,1014
8235,4670,1014
8235,4670,1014
8235,4670,1014
8235,4670,1014
8235,4670,1014
8235,4670,1014
8235,4670,1014
8235,4670,1014
8235,4670,1014
8235,4670,1014
8235,4670,1014
8235,4670,1014
8235,4670,1014
8235,4670,1014
8235,4670,1014
8235,4670,1014
8235,4670,1014
8235,4670,1014
8235,4670,1014
8235,4670,1014
8235,4670,1014
8235,4670,1014
8235,4670,1014
8235,4670,1014
8235,4670,1014
8235,4670,1014
8235,10851,1014
8235,11394,1014
8235,14491,1014
8235,14491,1014
8235,14491,1014
8235,14491,1014
8235,14491,1014
8235,14491,1014
8235,14491,1014
8235,14491,1014
8235,14491,1014
8235,14491,1014
8235,14491,1014
8235,14491,1014
8235,14491,1014
8235,14491,1014
8235,14491,1014
8235,14491,1014
8962,18535,1014
2405,8117,1015
2405,8117,1015
7577,10139,1015
7706,10139,1015
7897,4670,1015
7897,4670,1015
7897,4670,1015
7897,4670,1015
7897,4670,1015
7897,4670,1015
7897,4670,1015
7897,4670,1015
7897,4670,1015
7897,4670,1015
7897,4670,1015
7897,4670,1015
7897,4670,1015
7897,4670,1015
7897,4670,1015
7897,4670,1015
7897,4670,1015
7897,4670,1015
7897,4670,1015
7897,4670,1015
7897,4670,1015
7897,4670,1015
7897,4670,1015
7897,4670,1015
7897,4670,1015
7897,4670,1015
7897,4670,1015
7897,4670,1015
7897,4670,1015
7897,4670,1015
7897,4670,1015
7897,4670,1015
7897,4670,1015
7897,4670,1015
7897,4670,1015
7897,4670,1015
7897,4670,1015
7897,4670,1015
7897,4670,1015
7897,4670,1015
8117,2405,1015
8117,10139,1015
8215,11237,1015
8215,11394,1015
8962,16934,1015
8962,16934,1015
8962,16934,1015
8962,16934,1015
8962,16934,1015
8962,16934,1015
8962,16934,1015
8962,16934,1015
8962,16934,1015
8962,16934,1015
8962,16934,1015
8962,16934,1015
8962,16934,1015
8962,18535,1015
8962,18535,1015
8962,18535,1015
8962,18535,1015
8962,19475,1015
8962,19475,1015
8962,19475,1015
8962,19475,1015
8962,19475,1015
8962,19475,1015
8962,19478,1015
8962,19478,1015
8962,19478,1015
10139,8117,1015
10139,8117,1015
10851,8235,1015
11237,7751,1015
11237,7765,1015
11237,8017,1015
11237,8236,1015
11394,8235,1015
7607,10215,1016
7897,4670,1016
8235,10139,1016
8962,23089,1016
8962,23089,1016
8962,23089,1016
8962,23089,1016
8962,23089,1016
8962,23089,1016
8962,23089,1016
8962,23089,1016
8962,23089,1016
8962,23089,1016
8962,23089,1016
8962,23089,1016
8962,23089,1016
8962,23089,1016
8962,23089,1016
8962,23089,1016
8962,23089,1016
8962,23089,1016
8962,23089,1016
11101,7751,1016
11443,7751,1016
7706,11443,1017
7751,2405,1017
7897,12618,1017
7897,12618,1017
7897,14366,1017
8235,14491,1017
8235,14491,1017
8235,14491,1017
8235,14491,1017
8235,14491,1017
8235,14491,1017
8235,14491,1017
8235,14491,1017
8235,14491,1017
8235,14491,1017
8235,14491,1017
8235,14491,1017
8235,14491,1017
8235,14491,1017
8235,14491,1017
8235,14491,1017
8235,18551,1017
8235,18551,1017
8235,18551,1017
8235,18551,1017
8235,18551,1017
8235,18551,1017
8235,18551,1017
8235,18551,1017
8235,18551,1017
8235,18551,1017
8235,18551,1017
8235,18551,1017
8235,18551,1017
8235,18551,1017
8235,18551,1017
8235,18551,1017
8235,18551,1017
8235,18551,1017
8962,23089,1017
7577,10215,1018
7577,10215,1018
7897,14555,1018
7897,14555,1018
7897,14555,1018
7897,14555,1018
7897,14555,1018
7897,14555,1018
7897,14555,1018
8962,23089,1018
8962,23089,1018
8962,23089,1018
8962,23089,1018
8962,23089,1018
8962,23089,1018
8962,23089,1018
8962,23089,1018
8962,23089,1018
8962,23089,1018
8962,23089,1018
8962,23089,1018
8962,23089,1018
8962,23089,1018
8962,23089,1018
8962,23089,1018
8962,23089,1018
8962,23089,1018
8962,23089,1018
9763,9764,1018
7577,10215,1019
7607,10215,1019
8235,19400,1019
8962,4670,1019
8962,4670,1019
8962,4670,1019
8962,4670,1019
8962,4670,1019
8962,4670,1019
8962,4670,1019
8962,4670,1019
8962,4670,1019
8962,4670,1019
8962,4670,1019
8962,4670,1019
8962,4670,1019
8962,4670,1019
8962,4670,1019
8962,4670,1019
8962,4670,1019
8962,4670,1019
8962,4670,1019
8962,4670,1019
8962,4670,1019
8962,4670,1019
8962,4670,1019
8962,4670,1019
8962,4670,1019
8962,4670,1019
8962,4670,1019
8962,4670,1019
8962,4670,1019
8962,4670,1019
8962,4670,1019
8962,4670,1019
8962,4670,1019
8962,4670,1019
8962,4670,1019
8962,4670,1019
8962,4670,1019
8962,4670,1019
8962,4670,1019
8962,4670,1019
8962,4670,1019
8962,4670,1019
8962,4670,1019
8962,4670,1019
8962,4670,1019
8962,4670,1019
8962,4670,1019
8962,4670,1019
11394,8215,1019
7897,10215,1020
8235,10215,1020
8235,12080,1020
8235,12080,1020
8235,12080,1020
8235,12080,1020
8235,12080,1020
8235,12080,1020
8235,12080,1020
8235,12080,1020
8235,12080,1020
8235,12080,1020
8235,12080,1020
8235,12080,1020
8235,12080,1020
8235,12080,1020
8235,12080,1020
8235,12080,1020
8235,12080,1020
8235,12080,1020
8235,12080,1020
8235,12080,1020
8235,12080,1020
8235,12080,1020
8235,12080,1020
8235,12080,1020
8235,12080,1020
8235,12080,1020
8235,12080,1020
8235,12080,1020
7897,1760,1021
7897,1760,1021
7897,1760,1021
7897,1760,1021
7897,1760,1021
7897,1760,1021
7897,1760,1021
7897,1760,1021
7897,1760,1021
7897,1760,1021
7897,1760,1021
7897,1760,1021
7897,1760,1021
7897,1761,1021
7897,1761,1021
7897,1761,1021
7897,1761,1021
7897,1761,1021
7897,1761,1021
7897,1761,1021
7897,1761,1021
7897,1761,1021
7897,1761,1021
7897,1761,1021
7897,1761,1021
7897,1761,1021
7897,1761,1021
7897,1761,1021
7897,1761,1021
7897,1761,1021
7897,1761,1021
7897,1761,1021
7897,1761,1021
7897,1761,1021
7897,1761,1021
7897,1761,1021
7897,1761,1021
7897,1761,1021
7897,1761,1021
7897,1761,1021
7897,1761,1021
7897,1761,1021
7897,1761,1021
7897,1761,1021
7897,1761,1021
7897,1761,1021
7897,1761,1021
7897,1761,1021
7897,1761,1021
7897,1761,1021
7897,1761,1021
7897,1761,1021
7897,1761,1021
7897,1761,1021
7897,1761,1021
7897,1761,1021
7897,1761,1021
7897,1761,1021
7897,1761,1021
7897,1761,1021
7897,1761,1021
7897,1761,1021
7897,1761,1021
7897,1761,1021
7897,1761,1021
7897,1762,1021
7897,14555,1021
7897,19791,1021
8235,12080,1021
8235,12080,1021
8235,12080,1021
8235,12080,1021
8235,12080,1021
8235,12080,1021
8235,12080,1021
8235,12080,1021
8235,12080,1021
8235,12080,1021
8235,16838,1021
8235,16838,1021
8235,16838,1021
8235,16838,1021
8235,16838,1021
8235,16838,1021
8235,16838,1021
8235,16838,1021
8235,16838,1021
8235,16838,1021
8235,16838,1021
8235,16838,1021
8235,16838,1021
8235,16838,1021
8235,16838,1021
8235,16841,1021
8235,16844,1021
8235,16845,1021
8235,21636,1021
7897,11443,1022
8215,11443,1022
8235,13640,1022
8235,13640,1022
8235,13640,1022
8235,13640,1022
8235,13640,1022
8235,13640,1022
8235,13640,1022
8235,13640,1022
8235,13640,1022
8235,13640,1022
8235,13640,1022
8235,13640,1022
11443,8236,1022
7577,9765,1023
7897,21359,1023
7897,21359,1023
11237,8215,1023
7897,21359,1024
7897,21359,1024
8215,4670,1024
8215,4670,1024
8215,4670,1024
8215,4670,1024
8215,4670,1024
8215,4670,1024
8215,4670,1024
8215,4670,1024
8215,4670,1024
8215,4670,1024
8215,4670,1024
8215,4670,1024
8215,4670,1024
8215,4670,1024
8215,4670,1024
8215,4670,1024
8215,4670,1024
8215,4670,1024
8215,4670,1024
8215,4670,1024
8215,4670,1024
8215,4670,1024
8215,4670,1024
8215,4670,1024
8215,4670,1024
8215,4670,1024
8215,4670,1024
8215,4670,1024
8215,4670,1024
8215,4670,1024
8215,4670,1024
8215,4670,1024
8215,4670,1024
8215,4670,1024
8215,4670,1024
8215,4670,1024
8215,4670,1024
8215,4670,1024
8215,4670,1024
8215,4670,1024
8215,4670,1024
8235,21666,1024
8235,21666,1024
8235,21666,1024
8235,21666,1024
8235,21666,1024
8235,21666,1024
8235,21666,1024
8235,21666,1024
8235,21666,1024
8235,21666,1024
8235,21666,1024
8235,21666,1024
8235,21666,1024
8235,21666,1024
8235,21666,1024
8235,21666,1024
8235,21666,1024
7577,9765,1025
8235,18432,1025
8235,18432,1025
8235,18432,1025
8235,18432,1025
8235,18432,1025
8235,18432,1025
8235,18432,1025
8235,18432,1025
8235,18432,1025
8235,18432,1025
8235,18432,1025
8235,18432,1025
8235,18432,1025
8235,18432,1025
8235,18432,1025
8235,18432,1025
8235,18433,1025
7918,11443,1026
8215,4670,1026
8215,4670,1026
8215,4670,1026
8215,4670,1026
8215,4670,1026
8215,4670,1026
8215,4670,1026
8215,4670,1026
8215,4670,1026
8215,4670,1026
8215,4670,1026
8215,4670,1026
8215,4670,1026
8215,4670,1026
8215,4670,1026
8215,4670,1026
7751,11443,1027
7897,17963,1027
7897,17963,1027
7897,22565,1027
7897,22565,1027
7897,22565,1027
7897,22565,1027
7577,9766,1028
7897,17963,1028
7897,17963,1028
7897,17963,1028
7897,17963,1028
7897,22565,1028
7897,22565,1028
7897,22565,1028
7897,22565,1028
7897,22565,1028
7897,22565,1028
7897,22565,1028
7897,22565,1028
8215,3396,1028
8215,3396,1028
8215,3396,1028
8215,3396,1028
8215,3396,1028
8215,3403,1028
8215,3403,1028
8215,3403,1028
8215,3403,1028
8215,3403,1028
8215,3403,1028
8215,3403,1028
8215,3403,1028
8215,3403,1028
8215,3403,1028
8215,3403,1028
8215,3403,1028
8215,3403,1028
8215,3403,1028
8215,3403,1028
8215,3403,1028
8215,3403,1028
8215,3403,1028
8215,3403,1028
8215,3403,1028
8215,3403,1028
8215,3403,1028
8215,4670,1028
8215,4670,1028
8215,4670,1028
8215,4670,1028
8215,4670,1028
8215,4670,1028
8215,4670,1028
8215,4670,1028
8215,4670,1028
8215,4670,1028
8215,4670,1028
8215,4670,1028
8215,4670,1028
8215,4670,1028
8215,4670,1028
8215,4670,1028
8215,4670,1028
8215,4670,1028
9763,9764,1028
10215,7751,1028
10215,7765,1028
10215,7897,1028
10215,7918,1028
10215,8274,1028
7897,10215,1029
8235,2288,1029
8235,2288,1029
8235,2288,1029
8235,2288,1029
8235,2288,1029
8235,2288,1029
8235,2288,1029
8235,2288,1029
8235,2288,1029
10215,7706,1029
10215,8017,1029
8215,18313,1030
8215,18313,1030
8215,18313,1030
8215,18313,1030
8215,18313,1030
8215,18313,1030
8215,18313,1030
8215,18313,1030
8215,18313,1030
8215,18313,1030
8215,18313,1030
8215,18313,1030
8215,18313,1030
8215,18313,1030
8215,18313,1030
8215,18313,1030
8215,18313,1030
8215,18313,1030
8215,18313,1030
8235,2288,1030
8235,2288,1030
7897,10215,1031
8235,18142,1031
8235,18142,1031
8235,18142,1031
8235,18142,1031
8235,18142,1031
8235,18142,1031
8235,18142,1031
8235,18142,1031
8235,18142,1031
8235,18142,1031
8235,18142,1031
8235,18142,1031
8235,18142,1031
8235,18142,1031
8235,18142,1031
8235,18142,1031
8235,18142,1031
8235,18142,1031
8235,18142,1031
8235,18142,1031
8235,18142,1031
8235,18142,1031
8235,18142,1031
8235,18142,1031
8235,18142,1031
8235,18142,1031
8235,18142,1031
8235,18142,1031
8235,18142,1031
8235,18142,1031
8235,18142,1031
8235,18142,1031
8235,18142,1031
8235,18142,1031
8235,18142,1031
8235,18142,1031
8235,18142,1031
8235,18142,1031
8235,18142,1031
8235,18142,1031
8235,18142,1031
8235,18142,1031
8962,2538,1031
7607,10851,1032
7765,11443,1032
7918,10215,1032
8215,18313,1032
8215,18313,1032
8215,18313,1032
8215,18313,1032
8215,18313,1032
8215,18313,1032
8215,18313,1032
8215,18313,1032
8215,18313,1032
8215,18313,1032
8215,18313,1032
8215,18313,1032
8215,18313,1032
8215,18313,1032
8215,18313,1032
8215,18313,1032
8215,18313,1032
8215,18313,1032
8215,18313,1032
8215,18313,1032
8215,18313,1032
8215,18313,1032
8215,18313,1032
8215,18313,1032
8235,14500,1032
8235,18142,1032
8235,18142,1032
8235,18142,1032
8235,18142,1032
8235,18142,1032
8235,18142,1032
8235,18142,1032
8235,18142,1032
8235,18142,1032
8235,18142,1032
8235,18142,1032
8235,18142,1032
8235,18145,1032
8235,18145,1032
8235,18145,1032
8235,18145,1032
8235,18145,1032
8235,18145,1032
8235,18145,1032
8235,18147,1032
8235,18147,1032
8235,18147,1032
8235,18313,1032
8235,18313,1032
8235,18313,1032
8235,18313,1032
8235,18313,1032
8235,18313,1032
8235,18313,1032
8235,18313,1032
8235,18313,1032
8235,18313,1032
8235,18313,1032
8235,18313,1032
8235,18313,1032
8235,18313,1032
8235,18313,1032
8235,18313,1032
8235,18313,1032
8235,18313,1032
8235,18313,1032
8235,18313,1032
8235,18313,1032
8235,18313,1032
8235,18313,1032
8235,18313,1032
8235,18313,1032
8235,18313,1032
8235,18313,1032
8235,18313,1032
8235,18313,1032
8235,18313,1032
8235,18313,1032
10851,7607,1032
10851,7706,1032
10851,7751,1032
10851,7765,1032
10851,8236,1032
2538,8215,1033
7577,2538,1033
8215,10139,1033
8215,18313,1033
8215,18313,1033
8215,18313,1033
8215,18313,1033
8215,18313,1033
8215,18313,1033
8215,18313,1033
8215,18313,1033
8215,18313,1033
8215,18313,1033
8215,18313,1033
8215,18313,1033
8215,18313,1033
8215,18313,1033
8215,18313,1033
8215,18313,1033
8215,18313,1033
8215,18313,1033
8215,18313,1033
8235,11443,1033
10139,7706,1033
10139,8215,1033
10139,8274,1033
7706,10851,1034
8215,18313,1034
8215,18313,1034
8215,18313,1034
8215,18313,1034
8215,18313,1034
8215,18313,1034
8215,18313,1034
8215,18313,1034
8215,18313,1034
8215,18313,1034
8215,18313,1034
8235,18142,1034
8235,18142,1034
8235,18142,1034
8235,18142,1034
8235,18142,1034
8235,18142,1034
8235,18142,1034
8235,18142,1034
8235,18142,1034
8235,18142,1034
8235,18142,1034
8235,18142,1034
8235,18142,1034
8235,18142,1034
8235,18142,1034
8235,18142,1034
8235,18142,1034
8235,18142,1034
8235,18142,1034
8235,18142,1034
8235,18142,1034
7706,10215,1035
7897,17963,1035
7897,22565,1035
7897,22565,1035
8017,12096,1035
8017,12096,1035
8017,12096,1035
8017,12096,1035
8017,12096,1035
8017,14366,1035
8017,14366,1035
8017,14366,1035
8017,14366,1035
8017,25337,1035
8017,25337,1035
8017,25337,1035
8017,25337,1035
8017,25337,1035
8017,25337,1035
8017,25337,1035
8017,25337,1035
8215,2299,1035
8215,2299,1035
8215,2299,1035
8215,2299,1035
8215,18313,1035
8215,18313,1035
8215,18313,1035
8215,18313,1035
8215,18313,1035
8215,18313,1035
8215,18313,1035
8215,18313,1035
8215,18313,1035
8215,18313,1035
8215,18313,1035
8215,18313,1035
8215,18313,1035
8215,18313,1035
8215,18313,1035
8215,18313,1035
8962,14500,1035
8962,18170,1035
8962,18170,1035
8962,18170,1035
8962,18170,1035
8962,18170,1035
8962,18170,1035
8962,18170,1035
8962,18170,1035
8962,18170,1035
8962,18170,1035
8962,18170,1035
8962,18170,1035
8962,18170,1035
8962,18170,1035
8962,18170,1035
8962,18170,1035
8962,18170,1035
8962,18170,1035
8962,18170,1035
8962,18170,1035
8962,18170,1035
8962,18170,1035
8962,18170,1035
8962,18170,1035
8962,18170,1035
8962,18170,1035
8962,18170,1035
8962,18170,1035
8962,18170,1035
8962,18170,1035
8962,18170,1035
8962,18170,1035
8962,18170,1035
8962,18170,1035
8962,18170,1035
8962,18170,1035
8962,18170,1035
8962,18170,1035
8962,18170,1035
8962,18170,1035
8962,18170,1035
8962,18170,1035
8962,18170,1035
8962,18170,1035
8962,18170,1035
8962,18170,1035
8962,18170,1035
8962,18170,1035
8962,18170,1035
7577,11237,1036
7706,10215,1036
7751,11443,1036
7863,11443,1036
7897,17963,1036
7897,22565,1036
7897,22565,1036
8235,2288,1036
8235,2288,1036
8235,2288,1036
8235,2288,1036
8235,2288,1036
8235,2288,1036
8235,2288,1036
8235,2288,1036
8235,3396,1036
8235,3396,1036
8235,3396,1036
8235,3396,1036
8235,3403,1036
8235,3403,1036
8235,3403,1036
8235,3403,1036
8235,3403,1036
8235,3403,1036
8235,3403,1036
8235,3403,1036
8235,3403,1036
8235,3403,1036
8235,3403,1036
8235,11237,1036
8235,18141,1036
8235,18142,1036
8235,18142,1036
8235,18142,1036
8235,18142,1036
8235,18142,1036
8235,18142,1036
8235,18142,1036
8235,18142,1036
8235,18142,1036
8235,18142,1036
8235,18142,1036
8235,18142,1036
8235,18142,1036
8235,18142,1036
8235,18142,1036
8235,18142,1036
8235,18142,1036
8235,18142,1036
8235,18142,1036
8235,18142,1036
8235,18142,1036
8235,18142,1036
8235,18142,1036
8235,18142,1036
8235,18142,1036
8235,18142,1036
8235,18313,1036
8962,12096,1036
8962,12096,1036
8962,12096,1036
8962,12096,1036
8962,14366,1036
8962,14366,1036
8962,14366,1036
8962,14366,1036
11237,8235,1036
11237,8235,1036
2405,7765,1037
7577,2405,1037
7765,2405,1037
7765,11443,1037
8017,12096,1037
8017,18535,1037
8017,25337,1037
8017,25337,1037
8017,25337,1037
8017,25337,1037
8017,25337,1037
8017,25337,1037
8017,25337,1037
8017,25337,1037
8215,2680,1037
8215,2680,1037
8215,2680,1037
8215,2680,1037
8215,2680,1037
8215,2680,1037
8215,2680,1037
8215,2680,1037
8215,2680,1037
8215,2680,1037
8215,2680,1037
8215,2680,1037
8215,2680,1037
8215,2680,1037
8235,2288,1037
8235,3396,1037
8235,3403,1037
8235,3403,1037
8235,3403,1037
8235,3403,1037
8235,3403,1037
8235,3403,1037
8235,3403,1037
8235,3403,1037
8235,3403,1037
8235,3403,1037
8235,3403,1037
8235,3403,1037
8235,18187,1037
8235,18187,1037
8017,12096,1038
8017,12096,1038
8017,12096,1038
8017,12096,1038
8017,12096,1038
8017,12096,1038
8017,14366,1038
8017,14366,1038
8017,14366,1038
8017,14366,1038
8017,25337,1038
8017,25337,1038
8017,25337,1038
8017,25337,1038
8017,25337,1038
8017,25337,1038
8017,25337,1038
8017,25337,1038
8017,25337,1038
8017,25337,1038
8017,25337,1038
8017,25337,1038
8017,25337,1038
8017,25337,1038
8215,18170,1038
8215,18170,1038
8215,18170,1038
8215,18170,1038
8215,18170,1038
8215,18170,1038
8215,18170,1038
8215,18170,1038
8215,18170,1038
8215,18170,1038
8215,18170,1038
8215,18170,1038
8215,18170,1038
8215,18170,1038
8215,18170,1038
8215,18170,1038
8215,18170,1038
8215,18170,1038
8215,18170,1038
8215,18170,1038
8215,18170,1038
8215,18170,1038
8215,18170,1038
8215,18170,1038
8215,18170,1038
8215,18170,1038
8215,18170,1038
8215,18170,1038
8215,18170,1038
8215,18170,1038
8215,18170,1038
8215,18170,1038
8215,18170,1038
8235,2595,1038
8235,2595,1038
8235,2595,1038
8235,2595,1038
8235,2595,1038
8235,2595,1038
8235,2595,1038
8235,2595,1038
8235,2595,1038
8235,2595,1038
8235,2595,1038
8962,14500,1038
8962,18170,1038
8962,18170,1038
8962,18170,1038
8962,18170,1038
8962,18170,1038
8962,18170,1038
8962,18170,1038
8962,18170,1038
8962,18170,1038
8962,18170,1038
8962,18170,1038
8962,18170,1038
8962,18170,1038
8962,18170,1038
8962,18170,1038
8962,22652,1038
8962,22652,1038
8962,22652,1038
8962,22652,1038
8962,22652,1038
8962,22652,1038
8962,22652,1038
8962,22652,1038
8962,22652,1038
8962,22652,1038
8962,22652,1038
8962,22652,1038
8962,22652,1038
8962,22652,1038
8962,22652,1038
9763,9764,1038
2538,8215,1039
7577,9765,1039
7577,11443,1039
7751,11443,1039
7897,11443,1039
8017,14500,1039
8017,18170,1039
8017,18170,1039
8017,18170,1039
8017,18170,1039
8017,18170,1039
8017,18170,1039
8017,18170,1039
8017,18170,1039
8017,18170,1039
8017,18170,1039
8017,18170,1039
8017,18170,1039
8017,18170,1039
8017,18170,1039
8017,18170,1039
8017,18170,1039
8017,18170,1039
8017,18170,1039
8017,18170,1039
8017,18170,1039
8017,18170,1039
8017,18170,1039
8017,18170,1039
8017,18170,1039
8017,18170,1039
8017,18170,1039
8017,18170,1039
8017,18170,1039
8017,18170,1039
8017,18170,1039
8017,18170,1039
8017,18170,1039
8017,18170,1039
8017,18170,1039
8017,18170,1039
8017,18170,1039
8017,18170,1039
8017,18170,1039
8017,18170,1039
8017,18170,1039
8017,18170,1039
8017,18170,1039
8017,18170,1039
8017,18170,1039
8017,18170,1039
8017,18170,1039
8017,18170,1039
8017,18170,1039
8017,18170,1039
8017,18170,1039
8017,18170,1039
8017,18170,1039
8017,18170,1039
8017,18170,1039
8017,18170,1039
8017,18170,1039
8017,18170,1039
8017,18170,1039
8017,18170,1039
8017,18170,1039
8017,18170,1039
8017,18170,1039
8017,18170,1039
8017,18170,1039
8017,18170,1039
8017,18170,1039
8017,18170,1039
8017,18170,1039
8017,18170,1039
8017,18170,1039
8017,18170,1039
8017,18170,1039
8017,18170,1039
8017,18170,1039
8017,18170,1039
8017,18170,1039
8017,18170,1039
8017,18170,1039
8017,18170,1039
8017,18170,1039
8017,18170,1039
8017,18170,1039
8017,18170,1039
8017,18170,1039
8017,18170,1039
8017,18170,1039
8017,18170,1039
8017,18170,1039
8017,18170,1039
8017,18170,1039
8017,18170,1039
8017,18170,1039
8017,18170,1039
8017,18170,1039
8017,18170,1039
8017,18170,1039
8017,18170,1039
8017,18170,1039
8017,18170,1039
8017,18170,1039
8017,18170,1039
8017,18170,1039
8017,18170,1039
8017,18170,1039
8017,18170,1039
8017,18170,1039
8017,18170,1039
8017,18170,1039
8017,18170,1039
8017,18170,1039
8017,18170,1039
8017,18170,1039
8017,18170,1039
8017,18170,1039
8017,18170,1039
8017,18170,1039
8017,18170,1039
8017,18170,1039
8017,18170,1039
8017,18170,1039
8017,18170,1039
8017,18170,1039
8117,11443,1039
8215,18170,1039
8215,18170,1039
8215,18170,1039
8215,18170,1039
8215,18170,1039
8215,18170,1039
8215,18170,1039
8215,18170,1039
8215,18170,1039
8215,18170,1039
8215,18170,1039
8215,18170,1039
8215,18170,1039
8215,18170,1039
8215,18170,1039
8215,18170,1039
8215,18170,1039
8215,18170,1039
8215,18170,1039
8215,18170,1039
8215,18170,1039
8215,18170,1039
8215,18170,1039
8215,18170,1039
8215,18170,1039
8215,18170,1039
8215,18170,1039
8215,18170,1039
8215,18170,1039
8215,18170,1039
8215,18170,1039
8215,18170,1039
8215,18170,1039
8215,18170,1039
8215,18170,1039
8215,18170,1039
8215,18170,1039
8215,18170,1039
8215,18170,1039
8215,18170,1039
8215,18170,1039
8215,18170,1039
8215,18170,1039
8215,18170,1039
8215,18170,1039
8215,18170,1039
8215,18170,1039
8215,18170,1039
8215,18170,1039
8215,18170,1039
8215,18170,1039
8215,18170,1039
8215,18170,1039
8215,18170,1039
8215,18170,1039
8215,18170,1039
8215,18170,1039
8235,2036,1039
8235,2036,1039
8235,2036,1039
8235,2036,1039
8235,2036,1039
8235,2036,1039
8235,2036,1039
8235,2036,1039
8235,2036,1039
8235,2036,1039
8235,2036,1039
8235,2036,1039
8235,2036,1039
8235,2036,1039
8235,2036,1039
8235,2036,1039
8235,2036,1039
8235,2036,1039
8235,2036,1039
8235,2036,1039
8235,2036,1039
8235,2036,1039
8235,2036,1039
8235,2036,1039
8235,2036,1039
8235,2036,1039
8235,2036,1039
8235,2036,1039
8235,3396,1039
8235,3396,1039
8235,3403,1039
8235,3403,1039
8235,3403,1039
8235,3403,1039
8235,3403,1039
8235,3403,1039
8235,3403,1039
8235,3403,1039
8235,3403,1039
8235,3405,1039
8235,11559,1039
8235,11559,1039
8235,18788,1039
8235,18790,1039
10215,8215,1039
11443,7607,1039
11443,7897,1039
11443,8117,1039
11443,8235,1039
8017,11443,1040
8017,14096,1040
8017,14096,1040
8017,14096,1040
8017,14096,1040
8017,14096,1040
8017,14096,1040
8017,14096,1040
8017,14096,1040
8017,14096,1040
8017,14096,1040
8017,14096,1040
8017,14096,1040
8017,14096,1040
8017,14096,1040
8017,14096,1040
8017,14096,1040
8017,14096,1040
8017,14096,1040
8017,14096,1040
8017,14096,1040
8017,14096,1040
8017,14096,1040
8017,14096,1040
8017,14096,1040
8017,14096,1040
8017,14096,1040
8017,14096,1040
8215,18432,1040
8215,18432,1040
8215,18432,1040
8215,18432,1040
8215,18432,1040
8215,18432,1040
8215,18432,1040
8215,18432,1040
8215,18432,1040
8215,18432,1040
8215,18432,1040
8215,18432,1040
8215,18432,1040
8215,18432,1040
8215,18432,1040
8235,2036,1040
8235,2036,1040
8235,3396,1040
8235,11443,1040
8962,14500,1040
8962,18170,1040
8962,18170,1040
8962,18170,1040
8962,18170,1040
8962,18170,1040
8962,18170,1040
8962,18170,1040
8962,18170,1040
8962,18170,1040
8962,18170,1040
8962,18170,1040
8962,18170,1040
8962,18170,1040
8962,18170,1040
8962,18170,1040
7577,9765,1041
7607,11443,1041
8215,18432,1041
8215,18433,1041
8235,3396,1041
8235,3396,1041
8235,3403,1041
8235,3403,1041
8235,3403,1041
8235,3403,1041
8235,3403,1041
8235,3403,1041
8235,3403,1041
8235,3403,1041
8235,3403,1041
8235,3403,1041
8235,11443,1041
8962,14500,1041
8962,18170,1041
8962,18170,1041
8962,18170,1041
8962,18170,1041
8962,18170,1041
8962,18170,1041
8962,18170,1041
8962,18170,1041
8962,18170,1041
8962,18170,1041
8962,18170,1041
8962,18170,1041
8962,18170,1041
8962,18170,1041
8962,18170,1041
8962,18170,1041
8962,18170,1041
8962,18170,1041
8962,18170,1041
8962,18170,1041
8962,18170,1041
8962,18170,1041
8962,18170,1041
8962,18170,1041
8962,18170,1041
8962,18170,1041
8962,18170,1041
8962,18170,1041
8962,18170,1041
8962,18170,1041
8962,18170,1041
8962,18170,1041
8962,18170,1041
8962,18170,1041
8962,18170,1041
8962,18170,1041
8962,18170,1041
8962,18170,1041
8962,18170,1041
8962,18170,1041
8962,18170,1041
8962,18170,1041
8962,18170,1041
8962,18170,1041
8962,18170,1041
8962,18170,1041
8962,18170,1041
8962,18170,1041
8962,18170,1041
8962,18170,1041
10215,8215,1041
7577,11101,1042
8017,14095,1042
8017,14096,1042
8017,14096,1042
8017,14096,1042
8017,14096,1042
8017,14096,1042
8017,14096,1042
8017,14096,1042
8017,14096,1042
8017,14096,1042
8017,14096,1042
8017,14096,1042
8017,14096,1042
8017,14096,1042
8017,14096,1042
8017,14096,1042
8017,14096,1042
8017,14096,1042
8017,14096,1042
8017,14096,1042
8017,14096,1042
8017,14096,1042
8017,14096,1042
8017,14096,1042
8017,14096,1042
8017,14096,1042
8017,14096,1042
8017,14096,1042
8017,14096,1042
8017,14096,1042
8017,14096,1042
8017,14096,1042
8017,14096,1042
8017,14096,1042
8017,14096,1042
8017,14096,1042
8017,14096,1042
8017,14096,1042
8017,14096,1042
8017,14096,1042
8017,14096,1042
8017,14096,1042
8017,14096,1042
8017,14096,1042
8017,14096,1042
8017,14096,1042
8017,14096,1042
8235,2036,1042
8235,2036,1042
8235,2036,1042
8235,2036,1042
8235,2036,1042
8235,2036,1042
8235,2036,1042
8235,2036,1042
8235,2036,1042
8235,2036,1042
8235,2036,1042
8235,2036,1042
8235,2036,1042
8235,2036,1042
8235,3396,1042
8235,3396,1042
8235,3396,1042
8235,3396,1042
8235,3403,1042
8235,3403,1042
8235,3403,1042
8235,3403,1042
8235,3403,1042
8235,3403,1042
8235,3403,1042
8235,3403,1042
8235,3403,1042
8235,3403,1042
8235,3403,1042
8235,3403,1042
8235,3403,1042
8235,3403,1042
8235,3403,1042
8235,3403,1042
8235,3403,1042
8235,3403,1042
8235,3403,1042
8235,11559,1042
8235,11559,1042
8962,18170,1042
8962,18170,1042
8962,18170,1042
8962,18170,1042
8962,18170,1042
8962,18170,1042
8962,18170,1042
8962,18170,1042
8962,18170,1042
8962,18170,1042
8962,18170,1042
8962,18170,1042
8962,18170,1042
8962,18170,1042
8962,18170,1042
8962,18170,1042
8962,18170,1042
8962,18170,1042
8962,18170,1042
8962,18170,1042
8962,18170,1042
8962,18170,1042
8962,18170,1042
8962,18170,1042
8962,18170,1042
8962,18170,1042
8962,18170,1042
8962,18170,1042
8962,18170,1042
8962,18170,1042
8962,18170,1042
8962,18170,1042
8962,18170,1042
8962,18170,1042
8962,18170,1042
8962,18170,1042
8962,18170,1042
8962,18170,1042
8962,18170,1042
8962,18170,1042
11101,8215,1042
7577,9766,1043
8017,18313,1043
8017,18313,1043
8017,18313,1043
8017,18313,1043
8017,18313,1043
8017,18313,1043
8017,18313,1043
8017,18313,1043
8017,18313,1043
8017,18313,1043
8017,18313,1043
8017,18313,1043
8017,18313,1043
8017,18313,1043
8017,18313,1043
8017,18313,1043
8017,18313,1043
8017,18313,1043
8017,18313,1043
8235,1969,1043
8235,1969,1043
8962,18170,1043
8962,18170,1043
8962,18170,1043
8962,18170,1043
8962,18170,1043
8962,18170,1043
8962,18170,1043
8962,18170,1043
8962,18170,1043
8962,18170,1043
8962,18170,1043
8962,18170,1043
7706,2405,1044
8017,2288,1044
8017,2288,1044
8017,2288,1044
8017,2288,1044
8017,2288,1044
8017,2288,1044
8017,2288,1044
8017,2288,1044
8017,3055,1044
8017,3055,1044
8017,3055,1044
8017,3055,1044
8017,3055,1044
8017,3055,1044
8017,3055,1044
8017,3055,1044
8017,3055,1044
8017,3055,1044
8017,3055,1044
8215,804,1044
8215,18432,1044
8215,18432,1044
8215,18432,1044
8215,18432,1044
8215,18432,1044
8215,18432,1044
8215,18432,1044
8215,18432,1044
8215,18432,1044
8215,18432,1044
8215,18432,1044
8215,18432,1044
8215,18432,1044
8215,18432,1044
8215,18432,1044
8215,18432,1044
8215,18432,1044
8215,18432,1044
8215,18433,1044
8235,2610,1044
8235,2610,1044
8235,2610,1044
8235,2610,1044
8235,2610,1044
8235,2610,1044
8235,2610,1044
8235,2610,1044
8235,2610,1044
8235,2610,1044
8235,2610,1044
8235,2610,1044
8235,2610,1044
8235,2610,1044
8235,2610,1044
8235,2610,1044
8235,2610,1044
8235,2610,1044
8235,2610,1044
8235,2610,1044
8235,2610,1044
8235,2610,1044
8235,2610,1044
8235,2610,1044
8235,2610,1044
8235,2610,1044
8235,2610,1044
8235,2610,1044
8235,2610,1044
8235,2610,1044
8235,2610,1044
8235,2610,1044
8235,2610,1044
8235,4670,1044
8235,4670,1044
8235,4670,1044
8235,4670,1044
8235,4670,1044
8235,4670,1044
8235,4670,1044
8235,4670,1044
8235,4670,1044
8235,4670,1044
8235,4670,1044
8235,4670,1044
8235,4670,1044
8235,4670,1044
8235,4670,1044
8235,4670,1044
8235,4670,1044
8235,4670,1044
8235,4670,1044
8235,4670,1044
8235,4670,1044
8235,4670,1044
8235,4670,1044
8235,4670,1044
8235,4670,1044
8235,4670,1044
8235,4670,1044
8235,4670,1044
8235,4670,1044
8235,4670,1044
8235,4670,1044
8235,4670,1044
8235,4670,1044
8235,4670,1044
8235,4670,1044
8235,4670,1044
8235,4670,1044
8235,4670,1044
8235,4670,1044
8235,4670,1044
8556,21136,1044
8556,21136,1044
8556,21136,1044
8556,21136,1044
8556,21136,1044
8556,21136,1044
8556,21136,1044
8556,21136,1044
8556,21136,1044
8556,21136,1044
8556,21136,1044
8556,21136,1044
8556,21136,1044
8556,21136,1044
8556,21136,1044
8556,21136,1044
8556,21136,1044
8556,21136,1044
8556,21136,1044
8556,21136,1044
8556,21136,1044
8556,21136,1044
8556,21136,1044
8556,21136,1044
8556,21136,1044
8556,21136,1044
8556,21136,1044
8556,21136,1044
2405,7706,1045
8017,3055,1045
8017,3055,1045
8017,3055,1045
8017,3055,1045
8017,3055,1045
8017,3055,1045
8017,3055,1045
8017,18028,1045
8215,12080,1045
8215,12080,1045
8215,12080,1045
8215,12080,1045
8215,12080,1045
8215,12080,1045
8215,12080,1045
8215,12080,1045
8215,12080,1045
8215,12080,1045
8215,12082,1045
8215,12082,1045
8215,12082,1045
8215,12082,1045
8235,2610,1045
8556,20337,1045
8556,21136,1045
8556,21136,1045
8556,21136,1045
8556,21136,1045
8556,21136,1045
8556,21136,1045
8556,21136,1045
8556,21136,1045
8556,21136,1045
8556,21136,1045
8556,21136,1045
8556,21136,1045
8556,21136,1045
8556,21136,1045
8556,21136,1045
8556,21136,1045
8235,2680,1046
8235,2680,1046
8235,2680,1046
8235,2680,1046
8235,2680,1046
8235,2680,1046
8235,2680,1046
8235,2680,1046
8235,2680,1046
8235,2680,1046
8235,2680,1046
8235,2680,1046
8235,2680,1046
8235,2680,1046
8235,10658,1046
8235,11237,1046
8409,3396,1046
8409,3396,1046
8409,3396,1046
8409,3396,1046
8409,3403,1046
8409,3403,1046
8409,3403,1046
8409,3403,1046
8409,3403,1046
8409,3403,1046
8409,3403,1046
8409,3403,1046
8409,3403,1046
8409,3403,1046
8409,3403,1046
8556,14631,1046
8556,14631,1046
8556,14631,1046
8556,14631,1046
8556,14631,1046
8556,14631,1046
8556,14631,1046
8556,14631,1046
8556,14631,1046
8556,14631,1046
8556,14631,1046
8556,14631,1046
8556,14631,1046
8556,14631,1046
8556,14631,1046
8556,14631,1046
8556,14631,1046
8556,14631,1046
8556,14631,1046
8556,14631,1046
8556,14631,1046
8556,21136,1046
8962,21294,1046
7751,18142,1047
7751,18142,1047
7751,18142,1047
7751,18142,1047
7751,18142,1047
7751,18142,1047
7751,18142,1047
7751,18142,1047
7751,18142,1047
7751,18142,1047
7751,18142,1047
7751,18142,1047
7751,18142,1047
7751,18142,1047
7751,18142,1047
7751,18142,1047
7751,18142,1047
7751,18142,1047
7751,18142,1047
7751,18142,1047
7751,18142,1047
7751,18142,1047
7751,18170,1047
7751,18170,1047
7751,18170,1047
7751,18170,1047
7751,18170,1047
7751,18170,1047
7751,18170,1047
7751,18170,1047
7751,18170,1047
7751,18170,1047
7751,18170,1047
7751,18170,1047
7751,18170,1047
7751,18170,1047
7751,18170,1047
7751,18170,1047
7751,18170,1047
7751,18170,1047
7751,18170,1047
7751,18170,1047
7751,18170,1047
7751,18170,1047
7751,18170,1047
7751,18170,1047
7751,18170,1047
7751,18170,1047
7751,18170,1047
7751,18170,1047
7751,18170,1047
7751,18170,1047
7751,18170,1047
7751,18170,1047
7751,18170,1047
7751,18170,1047
7751,18170,1047
7751,18170,1047
7751,18170,1047
7751,18170,1047
8017,3055,1047
8017,3055,1047
8017,3055,1047
8017,3055,1047
8017,3055,1047
8017,3055,1047
8017,3055,1047
8017,3055,1047
8017,3055,1047
8017,3055,1047
8017,3055,1047
8017,3055,1047
8017,3055,1047
8215,2179,1047
8235,4670,1047
8235,4670,1047
8235,4670,1047
8235,4670,1047
8235,4676,1047
8235,22601,1047
8409,12080,1047
8409,12080,1047
8409,12080,1047
8409,12080,1047
8409,12080,1047
8409,12080,1047
8409,12080,1047
8409,12080,1047
8409,12080,1047
8409,12080,1047
8409,12080,1047
8409,12080,1047
8409,12080,1047
8409,12080,1047
8409,12080,1047
8409,12080,1047
8409,12080,1047
8409,12080,1047
8409,12080,1047
8409,12080,1047
8409,12080,1047
8409,12080,1047
8409,12080,1047
8409,12080,1047
8409,12080,1047
8409,12080,1047
8409,12080,1047
8409,12080,1047
8962,14502,1047
8962,14502,1047
8962,14502,1047
8962,14502,1047
8962,14502,1047
8962,14502,1047
8962,14502,1047
8962,14502,1047
8962,18535,1047
8117,11443,1048
8215,12080,1048
8215,12080,1048
8215,12080,1048
8215,12080,1048
8215,12080,1048
8215,12080,1048
8215,12080,1048
8215,12080,1048
8215,12080,1048
8215,12080,1048
8215,12082,1048
8215,12082,1048
8215,12082,1048
8215,12082,1048
8235,2680,1048
8235,2680,1048
8235,2680,1048
8235,2680,1048
8235,2680,1048
8235,2680,1048
8235,2680,1048
8235,2680,1048
8235,2680,1048
8235,2680,1048
8235,2680,1048
8235,2680,1048
8235,2680,1048
8235,2680,1048
8235,4670,1048
8235,4670,1048
8235,4670,1048
8235,4670,1048
8235,4670,1048
8235,4670,1048
8235,4670,1048
8235,4670,1048
8235,4670,1048
8235,4670,1048
8235,4670,1048
8235,4670,1048
8235,4670,1048
8235,4670,1048
8235,4670,1048
8235,4670,1048
8235,4670,1048
8235,4670,1048
8235,4670,1048
8235,4670,1048
8235,4670,1048
8235,4670,1048
8235,4670,1048
8235,4670,1048
8235,4670,1048
8235,4670,1048
8235,4670,1048
8235,4670,1048
8235,4670,1048
8235,4670,1048
8235,4670,1048
8235,4670,1048
8235,4670,1048
8235,4670,1048
8235,4670,1048
8235,4670,1048
8235,4670,1048
8235,4670,1048
8235,4670,1048
8235,4670,1048
8235,4670,1048
8235,4670,1048
8409,12080,1048
8409,12080,1048
8409,12080,1048
8409,12080,1048
8409,12080,1048
8409,12080,1048
8409,12080,1048
8409,12080,1048
8409,12080,1048
8409,12080,1048
8409,12080,1048
8409,12080,1048
8409,12080,1048
8409,12080,1048
8409,12080,1048
8409,12080,1048
8409,12080,1048
8409,12080,1048
8409,12080,1048
8409,12080,1048
8409,12080,1048
8409,12080,1048
8409,12080,1048
8409,12080,1048
8556,14631,1048
8556,14631,1048
8556,14631,1048
8556,14631,1048
8556,14631,1048
8556,14631,1048
8962,9736,1048
8962,9736,1048
8962,9736,1048
8962,9736,1048
8962,9736,1048
8962,9736,1048
8962,9736,1048
8962,9736,1048
8962,9736,1048
8962,9736,1048
8962,9736,1048
8962,9736,1048
8962,9736,1048
9763,9764,1048
7751,18170,1049
7751,18170,1049
7751,18170,1049
7751,18170,1049
7751,18170,1049
7751,18170,1049
7751,18170,1049
7751,18170,1049
7751,18170,1049
7751,18170,1049
7751,18170,1049
8235,1761,1049
8235,1761,1049
8235,1761,1049
8235,1761,1049
8235,1761,1049
8235,1761,1049
8235,1761,1049
8235,1761,1049
8235,1761,1049
8235,1761,1049
8235,1761,1049
8235,1761,1049
8235,1761,1049
8235,1761,1049
8235,1761,1049
8235,1761,1049
8235,1761,1049
8235,1761,1049
8235,1761,1049
8235,1969,1049
8235,1969,1049
8409,12080,1049
8409,12080,1049
8409,12080,1049
8409,12080,1049
8409,12080,1049
8409,12080,1049
8409,12080,1049
8409,12080,1049
8409,12080,1049
8409,12080,1049
8409,12080,1049
8409,12080,1049
8409,12080,1049
8556,14631,1049
8556,14631,1049
8556,14631,1049
8556,14631,1049
8556,14631,1049
8556,14631,1049
8556,14631,1049
8556,14631,1049
8556,14631,1049
8556,14631,1049
8556,14631,1049
8556,14631,1049
8962,9736,1049
8962,9736,1049
8962,9736,1049
8962,9736,1049
8962,9736,1049
8962,9736,1049
8962,9736,1049
8962,9736,1049
8962,9736,1049
8962,9736,1049
8962,9736,1049
8962,9736,1049
8962,14542,1049
8962,14542,1049
8962,14542,1049
8962,14542,1049
8962,14542,1049
8962,14542,1049
8962,14542,1049
8962,24459,1049
2405,8215,1050
7706,10215,1050
7706,11237,1050
7706,11394,1050
7706,11443,1050
8017,3055,1050
8017,3055,1050
8017,3055,1050
8017,3055,1050
8017,3055,1050
8017,3055,1050
8017,3055,1050
8017,3055,1050
8017,3055,1050
8017,3055,1050
8017,3055,1050
8017,3055,1050
8017,3055,1050
8215,12082,1050
8215,20713,1050
8235,2405,1050
8235,10139,1050
8235,10658,1050
8235,10851,1050
8235,11101,1050
8235,18142,1050
8235,18142,1050
8235,18142,1050
8235,18142,1050
8235,18142,1050
8235,18142,1050
8235,18142,1050
8235,18142,1050
8235,18142,1050
8235,18142,1050
8235,18142,1050
8235,18142,1050
8235,18142,1050
8235,18142,1050
8235,18142,1050
8235,18142,1050
8235,18142,1050
8235,18142,1050
8235,18142,1050
8235,18142,1050
8235,18142,1050
8409,2299,1050
8409,2299,1050
8409,2299,1050
8409,2299,1050
8962,14542,1050
8962,14542,1050
8962,14542,1050
8962,14542,1050
8962,14542,1050
8962,14542,1050
8962,14542,1050
8962,14542,1050
8962,14542,1050
8962,14542,1050
8962,14542,1050
8962,14542,1050
8962,14542,1050
8962,14542,1050
10658,8235,1050
7577,11237,1051
7706,2060,1051
7706,2060,1051
7706,2060,1051
7706,2060,1051
7706,2060,1051
7706,2060,1051
7706,2060,1051
8215,12621,1051
8215,12621,1051
8215,12621,1051
8215,12621,1051
8215,12621,1051
8215,12621,1051
8215,12621,1051
8215,12621,1051
8215,12621,1051
8215,12621,1051
8215,12621,1051
8215,12621,1051
8215,12621,1051
8215,12621,1051
8215,12621,1051
8215,12621,1051
8215,12621,1051
8215,12621,1051
8215,12621,1051
8215,12621,1051
8215,12621,1051
8215,12621,1051
8215,12621,1051
8215,12621,1051
8215,12621,1051
8215,12621,1051
8215,12621,1051
8215,12621,1051
8215,12621,1051
8215,12621,1051
8215,12621,1051
8215,12621,1051
8235,1969,1051
8962,14542,1051
8962,14542,1051
8962,14542,1051
8962,14542,1051
8962,14542,1051
11237,7706,1051
11443,7706,1051
11443,7706,1051
7706,2060,1052
7706,2060,1052
7706,2060,1052
7751,18170,1052
7751,18170,1052
7751,18170,1052
7751,18170,1052
7751,18170,1052
7751,18170,1052
7751,18170,1052
7751,18170,1052
7751,18170,1052
7751,18170,1052
7765,18142,1052
7765,18142,1052
7765,18142,1052
7765,18142,1052
7765,18142,1052
7765,18142,1052
7765,18142,1052
7765,18142,1052
7765,18142,1052
7765,18142,1052
7765,18142,1052
7765,18142,1052
7765,18142,1052
7765,18142,1052
7765,18142,1052
7765,18142,1052
7765,18142,1052
7765,18142,1052
7765,18142,1052
7765,18142,1052
7765,18142,1052
7765,22601,1052
8017,24308,1052
8409,18788,1052
8409,18790,1052
8556,4670,1052
8556,4670,1052
8556,4670,1052
8556,4670,1052
8556,4670,1052
8556,4670,1052
8556,4670,1052
8556,4670,1052
8556,4670,1052
8556,4670,1052
8556,4670,1052
8556,4670,1052
8556,4670,1052
8556,4670,1052
8556,4670,1052
8556,4670,1052
8556,4670,1052
8556,4670,1052
8556,4670,1052
8556,4670,1052
8556,4670,1052
8556,4670,1052
8556,4670,1052
8556,4670,1052
8556,4670,1052
8556,4670,1052
8556,4670,1052
8556,4670,1052
8556,4670,1052
8556,4670,1052
8556,4670,1052
8556,4670,1052
8556,4670,1052
8556,4670,1052
8556,4670,1052
8556,4670,1052
8556,4670,1052
8556,4670,1052
8556,4670,1052
8556,4670,1052
8556,4670,1052
8556,14631,1052
8556,14631,1052
8556,14631,1052
8556,14631,1052
8556,14631,1052
8556,14631,1052
8962,746,1052
7751,18170,1053
7751,18170,1053
7751,18170,1053
7751,18170,1053
7751,18170,1053
7751,18170,1053
7751,18170,1053
7751,18170,1053
7751,18170,1053
7751,18170,1053
7751,18170,1053
7751,18170,1053
7751,18170,1053
7751,18170,1053
7751,18170,1053
7751,18170,1053
7751,18170,1053
7751,18170,1053
7751,18170,1053
7751,18170,1053
7751,18170,1053
7751,18170,1053
7751,18170,1053
7751,18170,1053
7751,18170,1053
8235,1969,1053
8235,1969,1053
8235,1969,1053
8235,18142,1053
8235,18176,1053
8235,18176,1053
8235,18176,1053
8235,18176,1053
8235,18176,1053
8235,18176,1053
8235,18176,1053
8235,18176,1053
8235,18176,1053
8235,23089,1053
8235,23089,1053
8235,23089,1053
8235,23089,1053
8235,23089,1053
8235,23089,1053
8235,23089,1053
8235,23089,1053
8235,23089,1053
8235,23089,1053
8235,23089,1053
8235,23089,1053
8235,23089,1053
8235,23089,1053
8235,23089,1053
8235,23089,1053
8235,23089,1053
8235,23089,1053
8235,23089,1053
8409,10470,1053
8409,10470,1053
8409,10470,1053
8556,4670,1053
8556,4670,1053
8556,4670,1053
8556,4670,1053
8556,4670,1053
8556,4670,1053
8556,4670,1053
8556,4670,1053
8556,4670,1053
8556,4670,1053
8556,4670,1053
8556,4670,1053
8556,4670,1053
8556,4670,1053
8556,4670,1053
8941,18551,1053
8941,18551,1053
8941,18551,1053
8941,18551,1053
8941,18551,1053
8941,18551,1053
8941,18551,1053
8941,18551,1053
8941,18551,1053
8941,18551,1053
8941,18551,1053
8941,18551,1053
8941,18551,1053
8941,18551,1053
8941,18551,1053
8941,18551,1053
8941,18551,1053
8941,18551,1053
8941,18551,1053
2538,7863,1054
7577,2538,1054
7577,2538,1054
7577,9765,1054
7577,9765,1054
7765,2595,1054
7765,2595,1054
7765,2595,1054
7765,2595,1054
7765,2595,1054
7765,2595,1054
7765,2595,1054
7765,2595,1054
7765,2595,1054
7765,2595,1054
7765,2595,1054
7765,18142,1054
7765,18142,1054
7765,18142,1054
7765,18142,1054
7765,18142,1054
7765,18142,1054
7765,18142,1054
7765,18142,1054
7765,18142,1054
7765,18142,1054
7765,18142,1054
7765,18142,1054
7897,10658,1054
8117,11237,1054
8215,10658,1054
8215,11394,1054
8215,11443,1054
8215,12621,1054
8215,19733,1054
8215,25327,1054
8215,25327,1054
8215,25327,1054
8215,25327,1054
8215,25327,1054
8215,25327,1054
8215,25327,1054
8215,25327,1054
8215,25327,1054
8215,25327,1054
8215,25327,1054
8215,25327,1054
8215,25327,1054
8215,25327,1054
8215,25327,1054
8215,25327,1054
8215,25327,1054
8215,25327,1054
8215,25327,1054
8215,25327,1054
8215,25327,1054
8215,25327,1054
8215,25327,1054
8215,25327,1054
8215,25327,1054
8215,25327,1054
8215,25327,1054
8215,25327,1054
8215,25327,1054
8215,25327,1054
8235,1969,1054
8235,1969,1054
8235,1969,1054
8235,1969,1054
8235,10139,1054
8235,10215,1054
8274,11101,1054
8409,10471,1054
8409,10471,1054
8409,10471,1054
8941,12096,1054
8941,12096,1054
8941,12096,1054
8941,12096,1054
8941,12096,1054
8941,12096,1054
8941,12096,1054
8941,12096,1054
8941,12096,1054
8941,14366,1054
8941,14366,1054
8941,14366,1054
8941,14366,1054
8941,14366,1054
8941,14366,1054
8941,14366,1054
8941,14366,1054
8941,16837,1054
8941,16837,1054
8941,21648,1054
8941,21648,1054
8941,21648,1054
8941,21648,1054
8941,21648,1054
10658,7751,1054
10658,7897,1054
10658,8017,1054
10658,8235,1054
11101,8274,1054
11237,7607,1054
11237,7706,1054
11237,7765,1054
11237,7863,1054
11237,8117,1054
7577,9765,1055
7577,11237,1055
7751,12050,1055
7751,14096,1055
7751,14096,1055
7751,14096,1055
7751,14096,1055
7751,14096,1055
7751,14096,1055
7751,14096,1055
7751,14096,1055
7751,14096,1055
7751,14096,1055
7751,14096,1055
7751,14096,1055
7751,14096,1055
7751,14096,1055
7751,14096,1055
7751,14096,1055
7751,14096,1055
7751,14096,1055
7751,14096,1055
7751,14096,1055
7751,14096,1055
7751,14096,1055
7751,14096,1055
7751,14096,1055
7751,14096,1055
7751,14096,1055
7751,14096,1055
7751,14096,1055
7751,18170,1055
7751,18170,1055
7751,18170,1055
7751,18170,1055
7751,18170,1055
7751,18170,1055
7751,18170,1055
7751,18170,1055
7751,18170,1055
7751,18170,1055
7751,18170,1055
7751,18170,1055
7751,18170,1055
7751,21533,1055
7751,21533,1055
7751,21533,1055
7751,21533,1055
7751,21533,1055
7751,21533,1055
7751,21533,1055
7751,21533,1055
8117,10139,1055
8235,13940,1055
8235,13940,1055
8235,15426,1055
8235,15426,1055
8235,23089,1055
8235,23089,1055
8235,23089,1055
8235,23089,1055
8235,23089,1055
8235,23089,1055
8235,23089,1055
8235,23089,1055
8235,23089,1055
8235,23089,1055
8235,23089,1055
8235,23089,1055
8409,10470,1055
8409,10470,1055
8409,10470,1055
8941,14366,1055
8941,22601,1055
10139,8117,1055
10139,8215,1055
2538,7765,1056
2538,7765,1056
2538,7863,1056
2538,7897,1056
2538,7918,1056
2538,8017,1056
2538,8215,1056
2538,8235,1056
2538,8274,1056
7607,11237,1056
7751,18170,1056
7751,18170,1056
7751,18170,1056
7751,18170,1056
7751,18170,1056
7751,18170,1056
7751,18170,1056
7751,18170,1056
7751,18170,1056
7751,18170,1056
7751,18170,1056
7751,18170,1056
7751,18170,1056
7751,18170,1056
7751,18170,1056
7751,18170,1056
7751,18170,1056
7751,18170,1056
7751,18170,1056
7751,18170,1056
7751,18170,1056
7751,18170,1056
7751,18170,1056
7751,18170,1056
7751,18170,1056
7751,18170,1056
7751,18170,1056
7751,18170,1056
7751,18170,1056
7751,18170,1056
7751,18170,1056
7751,18170,1056
7751,18170,1056
7751,18551,1056
7751,18551,1056
7751,18551,1056
7751,18551,1056
7751,18551,1056
7751,18551,1056
7751,18551,1056
7751,18551,1056
7751,18551,1056
7751,18551,1056
7751,18551,1056
7751,18551,1056
7751,18551,1056
7751,18551,1056
7751,18551,1056
7751,18551,1056
7751,18551,1056
7751,18551,1056
7751,21533,1056
7765,11237,1056
8017,13934,1056
8017,14085,1056
8017,14085,1056
8017,14085,1056
8017,15597,1056
8017,15601,1056
8017,15601,1056
8017,15601,1056
8017,15601,1056
8017,15601,1056
8017,15601,1056
8017,15601,1056
8017,15601,1056
8017,15601,1056
8017,15601,1056
8017,15601,1056
8017,15601,1056
8017,15601,1056
8017,15601,1056
8017,15601,1056
8017,15601,1056
8017,15601,1056
8017,15601,1056
8017,15601,1056
8017,15601,1056
8017,15601,1056
8017,15601,1056
8017,15601,1056
8017,15601,1056
8017,15601,1056
8017,15601,1056
8017,15601,1056
8017,15601,1056
8017,15601,1056
8017,15601,1056
8017,15601,1056
8117,10139,1056
8235,2974,1056
8235,2974,1056
8235,2974,1056
8235,2974,1056
8235,2974,1056
8235,2974,1056
8235,2974,1056
8235,2974,1056
8235,2974,1056
8235,2974,1056
8235,2974,1056
8235,2974,1056
8235,2974,1056
8235,2974,1056
8235,2974,1056
8235,2974,1056
8235,2974,1056
8235,2974,1056
8235,2974,1056
8235,2974,1056
8235,2978,1056
8235,13940,1056
8235,13940,1056
8235,15426,1056
8235,15426,1056
8274,2538,1056
8274,11101,1056
8941,18535,1056
11101,7607,1056
11101,7897,1056
11101,8017,1056
11101,8235,1056
11101,8274,1056
7577,9765,1057
7751,18551,1057
7751,18551,1057
7765,2538,1057
8215,10139,1057
8235,3068,1057
8409,10470,1057
8409,10470,1057
8409,10470,1057
10215,8235,1057
8215,2538,1058
8215,9925,1058
8215,9925,1058
8215,9925,1058
8215,9925,1058
8215,9925,1058
8215,9925,1058
8215,9925,1058
8215,9925,1058
8215,9925,1058
8215,9925,1058
8215,9925,1058
8235,1969,1058
8235,1969,1058
8235,11101,1058
8409,18170,1058
8409,18170,1058
8409,18170,1058
8409,18170,1058
8409,18170,1058
8409,18170,1058
8409,18170,1058
8409,18170,1058
8409,18170,1058
8409,18170,1058
8409,18170,1058
8409,18170,1058
8409,18170,1058
8409,18170,1058
8409,18170,1058
8409,18170,1058
8409,18170,1058
8409,18170,1058
8409,18170,1058
8409,18170,1058
8409,18170,1058
8409,18170,1058
8409,18170,1058
8409,18170,1058
8409,18170,1058
8409,18170,1058
8409,18170,1058
8409,18170,1058
8409,18170,1058
8409,18170,1058
8409,18170,1058
8409,18170,1058
8409,18170,1058
8556,2299,1058
8556,2299,1058
8556,2299,1058
8556,2299,1058
8556,2299,1058
8556,2299,1058
8556,2299,1058
8556,2299,1058
8556,2299,1058
8556,2299,1058
8556,2299,1058
8556,2299,1058
8556,2299,1058
8556,2299,1058
8556,2299,1058
8556,2299,1058
8556,2299,1058
8556,15597,1058
8556,15601,1058
8556,15601,1058
8556,15601,1058
8556,15601,1058
8556,15601,1058
8556,15601,1058
8556,15601,1058
8556,15601,1058
8556,15601,1058
8556,15601,1058
8556,15601,1058
8556,15601,1058
8556,15601,1058
8556,15601,1058
8556,15601,1058
8556,15601,1058
8556,15601,1058
8556,15601,1058
8556,15601,1058
8556,15601,1058
8556,15601,1058
8556,15601,1058
8556,15601,1058
8556,15601,1058
8556,15601,1058
8556,15601,1058
8556,15601,1058
8556,15601,1058
8556,15601,1058
8556,15601,1058
8556,15601,1058
8556,15601,1058
8556,15601,1058
8556,15601,1058
8556,15601,1058
8556,15601,1058
8556,15609,1058
8556,15609,1058
8941,4670,1058
8941,4670,1058
8941,4670,1058
8941,4670,1058
8941,4670,1058
8941,4670,1058
8941,4670,1058
8941,4670,1058
8941,4670,1058
8941,4670,1058
8941,4670,1058
8941,4670,1058
8941,4670,1058
8941,4670,1058
8941,4670,1058
8941,4670,1058
8941,4670,1058
8941,4670,1058
8941,4670,1058
8941,4670,1058
8941,4670,1058
8941,4670,1058
8941,4670,1058
8941,4670,1058
8941,4670,1058
8941,4670,1058
8941,4670,1058
8941,4670,1058
8941,4670,1058
8941,4670,1058
8941,4670,1058
8941,4670,1058
8941,4670,1058
8941,4670,1058
8941,4670,1058
8941,4670,1058
8941,4670,1058
8941,4670,1058
8941,4670,1058
8941,4670,1058
8941,4670,1058
8941,12618,1058
8941,12618,1058
8941,14366,1058
9763,9764,1058
10139,8235,1058
7577,9766,1059
7577,11443,1059
7751,18551,1059
7751,18551,1059
7765,2595,1059
7765,2595,1059
7765,2595,1059
8117,10139,1059
8215,2998,1059
8215,2998,1059
8215,2998,1059
8215,2998,1059
8215,2998,1059
8215,2998,1059
8215,2998,1059
8215,2998,1059
8215,2998,1059
8215,2998,1059
8215,2998,1059
8215,2998,1059
8215,2998,1059
8215,2998,1059
8215,2998,1059
8215,2998,1059
8215,2998,1059
8215,2998,1059
8215,2998,1059
8215,2998,1059
8215,2998,1059
8215,2998,1059
8215,2998,1059
8215,2998,1059
8215,2998,1059
8215,2998,1059
8215,2998,1059
8215,2998,1059
8215,2998,1059
8215,2998,1059
8215,2998,1059
8215,2998,1059
8215,2998,1059
8215,2998,1059
8215,2998,1059
8215,2998,1059
8215,2998,1059
8215,2998,1059
8215,2998,1059
8215,2998,1059
8215,2998,1059
8215,2998,1059
8215,2998,1059
8235,14137,1059
8235,14137,1059
8235,14137,1059
8235,14137,1059
8235,14137,1059
8235,14137,1059
8235,14137,1059
8235,14137,1059
8235,14137,1059
8235,14137,1059
8235,18313,1059
8235,18313,1059
8235,18313,1059
8235,18313,1059
8235,18313,1059
8235,18313,1059
8235,18313,1059
8235,18313,1059
8235,18313,1059
8235,18313,1059
8235,18313,1059
8235,18313,1059
8235,18313,1059
8235,18313,1059
8235,18313,1059
8235,18313,1059
8235,18313,1059
8235,18313,1059
8235,18313,1059
8409,12618,1059
8409,12618,1059
8409,21136,1059
8409,21136,1059
8409,21136,1059
8409,21136,1059
8409,21136,1059
8409,21136,1059
8409,21136,1059
8409,21136,1059
8409,21136,1059
8409,21136,1059
8409,21136,1059
8409,21136,1059
8409,21136,1059
8409,21136,1059
8409,21136,1059
8409,21136,1059
8409,21136,1059
8409,21136,1059
8409,21136,1059
8409,21136,1059
8409,21136,1059
8409,21136,1059
8409,21136,1059
8409,21136,1059
8409,21136,1059
8409,21136,1059
8409,21136,1059
8409,21136,1059
8777,3396,1059
8777,3396,1059
8777,3396,1059
8777,3396,1059
8777,3403,1059
8777,3403,1059
8777,3403,1059
8777,3403,1059
8777,3403,1059
8777,3403,1059
8777,3403,1059
8777,3403,1059
8777,3403,1059
8777,3403,1059
8777,3403,1059
8777,12080,1059
8777,12080,1059
8777,12080,1059
8777,12080,1059
8777,12080,1059
8777,12080,1059
8777,12080,1059
8777,12080,1059
8777,12080,1059
8777,12080,1059
8777,12080,1059
8777,12080,1059
8777,12080,1059
8777,12080,1059
8777,12080,1059
8777,12080,1059
8777,12080,1059
8777,12080,1059
8777,12080,1059
8777,12080,1059
8777,12080,1059
8777,12080,1059
8777,12080,1059
8777,12080,1059
8777,12080,1059
8777,12080,1059
8777,12080,1059
8777,12080,1059
11443,8215,1059
7577,2538,1060
7577,9765,1060
7897,2538,1060
8017,9667,1060
8017,9667,1060
8017,9667,1060
8017,9667,1060
8017,9667,1060
8017,9667,1060
8017,9667,1060
8017,9667,1060
8017,9667,1060
8017,9667,1060
8017,9667,1060
8017,9667,1060
8017,9667,1060
8017,9667,1060
8017,9667,1060
8017,9667,1060
8017,9667,1060
8017,14500,1060
8017,15601,1060
8017,15601,1060
8017,15601,1060
8017,15601,1060
8017,15601,1060
8017,15601,1060
8017,15601,1060
8017,15601,1060
8017,15601,1060
8017,15601,1060
8017,15601,1060
8017,15601,1060
8017,15601,1060
8017,15601,1060
8017,15601,1060
8017,15601,1060
8017,15601,1060
8017,15601,1060
8017,15601,1060
8017,15601,1060
8017,15609,1060
8017,15807,1060
8235,1969,1060
8235,1969,1060
8235,11807,1060
8409,21136,1060
8409,21136,1060
8409,21136,1060
8409,21136,1060
8409,21136,1060
8409,21136,1060
8409,21136,1060
8409,21136,1060
8409,21136,1060
8409,21136,1060
8409,21136,1060
8409,21136,1060
8409,21136,1060
8409,21136,1060
8409,21136,1060
8409,21136,1060
8409,21136,1060
8409,21136,1060
8409,21136,1060
8409,21136,1060
8409,21136,1060
8556,15601,1060
8556,15601,1060
8556,15601,1060
8556,15601,1060
8556,15601,1060
8556,15601,1060
8556,15601,1060
8556,15601,1060
8556,15601,1060
8556,15601,1060
8556,15601,1060
8556,15601,1060
8556,15601,1060
8556,15601,1060
8556,15613,1060
8556,15616,1060
8556,15616,1060
8777,12080,1060
8777,12080,1060
8777,12080,1060
8777,12080,1060
8777,12080,1060
8777,12080,1060
8777,12080,1060
8777,12080,1060
8777,12080,1060
8777,12080,1060
8777,12080,1060
8777,12080,1060
8941,14555,1060
8941,14555,1060
8941,14555,1060
8941,14555,1060
8941,14555,1060
8941,14555,1060
8941,14555,1060
8941,19791,1060
11394,8236,1060
7577,2538,1061
7577,9765,1061
7607,11237,1061
7706,11237,1061
7765,21136,1061
7765,21136,1061
7765,21136,1061
7765,21136,1061
7765,21136,1061
7765,21136,1061
7765,21136,1061
7765,21136,1061
7765,21136,1061
7765,21136,1061
7765,21136,1061
7765,21136,1061
7765,21136,1061
7765,21136,1061
7765,21136,1061
7765,21136,1061
7765,21136,1061
7765,21136,1061
7765,21136,1061
7765,21136,1061
7765,21136,1061
7765,21136,1061
7765,21136,1061
7765,21136,1061
7765,21136,1061
7765,21136,1061
7765,21136,1061
7765,21136,1061
7765,21136,1061
7765,21136,1061
7765,21136,1061
7765,21136,1061
7765,21136,1061
7765,21136,1061
7765,21136,1061
7765,21136,1061
7765,21136,1061
7765,21136,1061
7765,21136,1061
7765,21136,1061
7765,21136,1061
7765,21136,1061
7765,21136,1061
7765,21136,1061
7765,21136,1061
7765,21136,1061
7765,21136,1061
7765,21136,1061
7765,21136,1061
7765,21136,1061
7765,21136,1061
7765,21136,1061
7765,21136,1061
7765,21136,1061
7765,21136,1061
8017,2538,1061
8215,11237,1061
8235,18313,1061
8235,18313,1061
8235,18313,1061
8235,18313,1061
8235,18313,1061
8235,18313,1061
8235,18313,1061
8235,18313,1061
8235,18313,1061
8235,18313,1061
8235,18313,1061
8235,18313,1061
8235,18313,1061
8235,18313,1061
8235,18313,1061
8235,18313,1061
8235,18313,1061
8235,18313,1061
8235,18313,1061
8409,21136,1061
8409,21136,1061
8409,21136,1061
8409,21136,1061
8409,21136,1061
8409,21136,1061
8409,21136,1061
8409,21136,1061
8409,21136,1061
8409,21136,1061
8409,21136,1061
8409,21136,1061
8409,21136,1061
8409,21136,1061
8409,21136,1061
8409,21136,1061
8409,21136,1061
8777,12080,1061
8777,12080,1061
8777,12080,1061
8777,12080,1061
8777,12080,1061
8777,12080,1061
8777,12080,1061
8777,12080,1061
8777,12080,1061
8777,12080,1061
8777,12080,1061
8777,12080,1061
8941,1761,1061
8941,1761,1061
8941,1761,1061
8941,1761,1061
8941,1761,1061
8941,1761,1061
8941,1761,1061
8941,1761,1061
8941,1761,1061
8941,1761,1061
8941,1761,1061
8941,1761,1061
8941,1761,1061
8941,1761,1061
8941,1761,1061
8941,1761,1061
8941,1761,1061
8941,1761,1061
8941,1761,1061
8941,1762,1061
8941,14555,1061
7577,9765,1062
7577,11237,1062
7765,21136,1062
7765,21136,1062
7765,21136,1062
7765,21136,1062
7765,21136,1062
7765,21136,1062
7765,21136,1062
7765,21136,1062
7765,21136,1062
7765,21136,1062
7765,21136,1062
7765,21136,1062
7765,21136,1062
7765,21136,1062
7765,21136,1062
7765,21136,1062
7765,21136,1062
7765,21136,1062
7765,21136,1062
7765,21136,1062
7765,21136,1062
7765,21136,1062
7765,21136,1062
7765,21136,1062
7765,21136,1062
7765,21136,1062
7765,21136,1062
7765,21136,1062
8215,9925,1062
8215,9925,1062
8215,9925,1062
8215,9925,1062
8215,9925,1062
8409,21136,1062
8409,21136,1062
8409,21136,1062
8409,21136,1062
8409,21136,1062
8409,21136,1062
8409,21136,1062
8409,21136,1062
8409,21136,1062
8409,21136,1062
8409,21136,1062
8409,21136,1062
8409,21136,1062
8409,21136,1062
8409,21136,1062
8409,21136,1062
8409,21136,1062
8409,21136,1062
8409,21136,1062
8409,21136,1062
8409,21136,1062
8409,21136,1062
8409,21136,1062
8409,21136,1062
8409,21136,1062
8409,21136,1062
8409,21136,1062
8409,21136,1062
8556,14502,1062
8556,14502,1062
8556,14502,1062
8556,14502,1062
8556,14502,1062
8556,14502,1062
8556,14502,1062
8556,14502,1062
8620,15597,1062
8620,15597,1062
8620,15600,1062
8620,15600,1062
8620,15601,1062
8620,15601,1062
8620,15601,1062
8620,15601,1062
8620,15601,1062
8620,15601,1062
8620,15601,1062
8620,15601,1062
8620,15601,1062
8620,15601,1062
8620,15601,1062
8620,15601,1062
8620,15601,1062
8620,15601,1062
8620,15601,1062
8620,15601,1062
8620,15601,1062
8620,15601,1062
8620,15601,1062
8620,15601,1062
8620,15601,1062
8620,15601,1062
8620,15601,1062
8620,15601,1062
8620,15601,1062
8620,15601,1062
8620,15601,1062
8620,15601,1062
8620,15601,1062
8620,15601,1062
8620,15601,1062
8620,15601,1062
8620,15601,1062
8620,15601,1062
8620,15601,1062
8620,15601,1062
8620,15601,1062
8620,15601,1062
8620,15601,1062
8620,15601,1062
8620,15601,1062
8620,15601,1062
8620,15601,1062
8620,15601,1062
8620,15601,1062
8620,15601,1062
8620,15601,1062
8620,15601,1062
8620,15601,1062
8620,15601,1062
8620,15601,1062
8620,15601,1062
8620,15601,1062
8620,15601,1062
8620,15601,1062
8620,15601,1062
8620,15601,1062
8620,15601,1062
8620,15601,1062
8620,15601,1062
8620,15601,1062
8620,15601,1062
8620,15601,1062
8620,15601,1062
8620,15601,1062
8620,15601,1062
8620,15601,1062
8620,15601,1062
8620,15601,1062
8620,15609,1062
8620,15609,1062
8620,15609,1062
8620,15609,1062
8620,15810,1062
8777,12080,1062
8777,12080,1062
8777,12080,1062
8777,12080,1062
8777,12080,1062
8777,12080,1062
8777,12080,1062
8777,12080,1062
8777,12080,1062
8777,12080,1062
8777,12080,1062
8777,12080,1062
8777,12080,1062
7577,11101,1063
7706,2405,1063
7706,10215,1063
7765,21136,1063
7765,21136,1063
7765,21136,1063
7765,21136,1063
7765,21136,1063
7765,21136,1063
7765,21136,1063
7765,21136,1063
7765,21136,1063
7765,21136,1063
7765,21136,1063
7765,21136,1063
7765,21136,1063
7765,21136,1063
7765,21136,1063
7765,21136,1063
7765,21136,1063
7765,21136,1063
7765,21136,1063
7765,21136,1063
7765,21136,1063
7765,21136,1063
7765,21136,1063
7765,21136,1063
7765,21136,1063
7765,21136,1063
7765,21136,1063
7765,21136,1063
7765,21136,1063
7765,21136,1063
7765,21136,1063
7765,21136,1063
7765,21136,1063
7765,21136,1063
7765,21136,1063
8017,9667,1063
8017,9667,1063
8017,9667,1063
8017,9667,1063
8017,9667,1063
8017,9667,1063
8017,9667,1063
8017,9667,1063
8017,9667,1063
8017,9667,1063
8017,9667,1063
8017,9667,1063
8017,9667,1063
8017,9667,1063
8017,9667,1063
8017,9667,1063
8017,9667,1063
8017,9667,1063
8017,9667,1063
8017,15807,1063
8017,15807,1063
8117,11237,1063
8235,18313,1063
8235,18321,1063
8235,18321,1063
8235,18321,1063
8235,18321,1063
8235,18321,1063
8235,18321,1063
8235,18321,1063
8235,18321,1063
8235,18321,1063
8235,18321,1063
8235,18321,1063
8235,18321,1063
8235,18321,1063
8235,18321,1063
8236,11443,1063
8409,21136,1063
8409,21136,1063
8409,21136,1063
8409,21136,1063
8409,21136,1063
8409,21136,1063
8409,21136,1063
8409,21136,1063
8409,21136,1063
8409,21136,1063
8409,21136,1063
8409,21136,1063
8409,21136,1063
8409,21136,1063
8409,21136,1063
8409,21136,1063
8409,21136,1063
8409,21136,1063
8409,21136,1063
8620,15597,1063
8620,15600,1063
8620,15601,1063
8620,15601,1063
8620,15601,1063
8620,15601,1063
8620,15601,1063
8620,15601,1063
8620,15601,1063
8620,15601,1063
8620,15601,1063
8620,15601,1063
8620,15601,1063
8620,15601,1063
8620,15601,1063
8620,15601,1063
8620,15601,1063
8620,15601,1063
8620,15601,1063
8620,15601,1063
8620,15601,1063
8620,15601,1063
8620,15601,1063
8620,15601,1063
8620,15601,1063
8620,15601,1063
8620,15601,1063
8620,15601,1063
8620,15601,1063
8620,15601,1063
8620,15601,1063
8620,15601,1063
8620,15601,1063
8620,15601,1063
8620,15601,1063
8620,15609,1063
8620,15609,1063
8620,18535,1063
8620,18535,1063
8620,18535,1063
8620,18535,1063
8620,18535,1063
8941,1761,1063
8941,1761,1063
8941,1761,1063
8941,1761,1063
8941,1761,1063
8941,1761,1063
8941,1761,1063
8941,1761,1063
8941,1761,1063
8941,1761,1063
8941,1761,1063
8941,1761,1063
8941,1761,1063
8941,1761,1063
11237,7607,1063
11237,7751,1063
11237,8235,1063
11237,8236,1063
2405,7706,1064
7577,2405,1064
7577,2538,1064
7577,2538,1064
7577,9765,1064
7577,9765,1064
7765,18321,1064
7765,22652,1064
7765,22652,1064
7765,22652,1064
7765,22652,1064
7765,22652,1064
7765,22652,1064
7765,22652,1064
7765,22652,1064
7765,22652,1064
7765,22652,1064
7765,22652,1064
7765,22652,1064
7765,22652,1064
7765,22652,1064
7765,22652,1064
7765,22652,1064
7765,22652,1064
7765,22652,1064
7765,22652,1064
7765,22652,1064
7765,22652,1064
7765,22652,1064
7765,22652,1064
7765,22652,1064
7765,22652,1064
7765,22652,1064
7765,22652,1064
7765,22652,1064
7765,22652,1064
7765,22652,1064
7765,22652,1064
7765,22652,1064
8017,9667,1064
8017,9667,1064
8017,15807,1064
8409,21136,1064
8409,21136,1064
8409,21136,1064
8409,21136,1064
8409,21136,1064
8409,21136,1064
8409,21136,1064
8409,21136,1064
8409,21136,1064
8409,21136,1064
8409,21136,1064
8409,21136,1064
8409,21136,1064
8409,21136,1064
8409,21136,1064
8409,21136,1064
8409,21136,1064
8409,21136,1064
8409,21136,1064
8409,21136,1064
8409,21136,1064
8409,21136,1064
8409,21136,1064
8409,21136,1064
8409,21136,1064
8409,21136,1064
8409,21136,1064
8409,21136,1064
8556,11750,1064
8556,11754,1064
8556,11754,1064
8556,11754,1064
8556,11754,1064
8556,11754,1064
8556,11754,1064
8556,11754,1064
8556,11754,1064
8556,14502,1064
8620,18535,1064
8777,2299,1064
8777,2299,1064
8777,2299,1064
8777,2299,1064
8941,1760,1064
8941,1760,1064
8941,1760,1064
8941,1760,1064
8941,1760,1064
8941,1760,1064
8941,1760,1064
8941,1760,1064
8941,1760,1064
8941,1760,1064
8941,1760,1064
8941,1760,1064
8941,1760,1064
8941,1761,1064
8941,1761,1064
8941,1761,1064
8941,1761,1064
8941,1761,1064
8941,1761,1064
8941,1761,1064
8941,1761,1064
8941,1761,1064
8941,1761,1064
8941,1761,1064
8941,1761,1064
8941,1761,1064
8941,1761,1064
8941,1761,1064
8941,1761,1064
8941,1761,1064
8941,1761,1064
8941,1761,1064
7607,11237,1065
8235,18313,1065
8235,18321,1065
8235,18321,1065
8235,18321,1065
8941,21359,1065
8941,21359,1065
7607,10215,1066
7706,18788,1066
7706,18790,1066
7765,14537,1066
7765,14544,1066
7765,14544,1066
7765,14544,1066
7765,14544,1066
7765,14544,1066
7765,14544,1066
7765,14544,1066
7765,14544,1066
7765,14544,1066
7765,14544,1066
7765,14544,1066
7765,14544,1066
7765,17948,1066
7765,17948,1066
7765,17948,1066
7765,17948,1066
7765,17948,1066
7765,25290,1066
8017,15828,1066
8017,15828,1066
8017,15828,1066
8017,15828,1066
8017,15828,1066
8017,15828,1066
8017,15828,1066
8017,15828,1066
8017,15828,1066
8017,15828,1066
8017,15828,1066
8017,18909,1066
8409,21136,1066
8409,21136,1066
8409,21136,1066
8409,21136,1066
8409,21136,1066
8409,21136,1066
8409,21136,1066
8409,21136,1066
8409,21136,1066
8409,21136,1066
8409,21136,1066
8409,21136,1066
8409,21136,1066
8409,21136,1066
8409,21136,1066
7706,18535,1067
7765,17948,1067
7765,17948,1067
7765,17948,1067
7765,17948,1067
7765,17948,1067
7765,17948,1067
7765,17948,1067
7765,17948,1067
7765,20228,1067
7765,25290,1067
8017,15827,1067
8215,2637,1067
8215,2637,1067
8215,2637,1067
8215,2637,1067
8215,2637,1067
8215,2637,1067
8215,2637,1067
8235,18313,1067
8235,18321,1067
8235,18321,1067
8327,2538,1067
8777,18788,1067
8777,18790,1067
8941,21359,1067
8941,21359,1067
7577,11237,1068
7706,18788,1068
7706,18790,1068
7706,18790,1068
7706,18790,1068
7706,18790,1068
7706,18790,1068
7706,18790,1068
7706,18790,1068
7706,18790,1068
7706,21769,1068
7706,23862,1068
7765,14537,1068
8235,11443,1068
8409,21136,1068
8409,21202,1068
8409,21202,1068
8409,21202,1068
8409,21202,1068
8409,21202,1068
8409,21202,1068
8409,21202,1068
8409,21202,1068
8409,21202,1068
8409,21202,1068
8409,21202,1068
8409,21202,1068
8409,21202,1068
8409,21202,1068
8409,21202,1068
8409,21202,1068
8409,21202,1068
8409,21202,1068
8409,21202,1068
8409,21202,1068
8409,21202,1068
8409,21202,1068
8409,21202,1068
8409,21202,1068
8409,21202,1068
8409,21202,1068
8409,21202,1068
8409,21202,1068
8409,21202,1068
8777,10470,1068
8777,10470,1068
8777,10470,1068
8777,10471,1068
8777,10471,1068
8777,10471,1068
8941,17963,1068
8941,17963,1068
8941,22565,1068
8941,22565,1068
8941,22565,1068
8941,22565,1068
9763,9764,1068
7577,9765,1069
8017,10851,1069
8017,11824,1069
8215,2637,1069
8215,2637,1069
8215,2637,1069
8215,2637,1069
8409,14473,1069
8409,14473,1069
8409,14473,1069
8777,10470,1069
8777,10470,1069
8777,10470,1069
10851,7918,1069
10851,8017,1069
7706,18788,1070
7706,18790,1070
7918,10851,1070
8017,15828,1070
8017,15828,1070
8017,15828,1070
8017,15828,1070
8017,15828,1070
8017,15828,1070
8017,15828,1070
8017,15828,1070
8017,15828,1070
8017,15828,1070
8017,15828,1070
8017,18909,1070
8017,20377,1070
8017,20377,1070
8017,20377,1070
8017,20377,1070
8017,20377,1070
8017,20377,1070
8017,20377,1070
8017,20377,1070
8017,20377,1070
8017,20377,1070
8017,20377,1070
8017,20377,1070
8017,20377,1070
8017,20377,1070
8017,20377,1070
8017,20377,1070
8215,2637,1070
8215,2637,1070
8409,23956,1070
8409,23956,1070
8409,23956,1070
8409,23956,1070
8409,23956,1070
8409,23956,1070
8409,23956,1070
8409,23956,1070
8409,23956,1070
8409,23956,1070
8409,23956,1070
8777,10470,1070
8777,10470,1070
8777,10470,1070
8777,12618,1070
8777,12618,1070
8777,18170,1070
8777,18170,1070
8777,18170,1070
8777,18170,1070
8777,18170,1070
8777,18170,1070
8777,18170,1070
8777,18170,1070
8777,18170,1070
8777,18170,1070
8777,18170,1070
8777,18170,1070
8777,18170,1070
8777,18170,1070
8777,18170,1070
8777,18170,1070
8777,18170,1070
8777,18170,1070
8777,18170,1070
8777,18170,1070
8777,18170,1070
8777,18170,1070
8777,18170,1070
8777,18170,1070
8777,18170,1070
8777,18170,1070
8777,18170,1070
8777,18170,1070
8777,18170,1070
8777,18170,1070
8777,18170,1070
8777,18170,1070
8777,18170,1070
10851,7765,1070
10851,7897,1070
7577,2538,1071
7706,18788,1071
7706,18788,1071
7706,18788,1071
7706,18790,1071
7706,18790,1071
7706,18790,1071
7706,18790,1071
7706,18790,1071
7706,18790,1071
7706,18790,1071
7706,18790,1071
7706,18790,1071
7706,18790,1071
7706,18790,1071
7706,18790,1071
7706,18790,1071
7706,18790,1071
7706,18790,1071
8017,12617,1071
8215,15189,1071
8215,15189,1071
8215,15189,1071
8215,15189,1071
8215,15189,1071
8215,15189,1071
8215,15189,1071
8215,15189,1071
8215,15189,1071
8215,15189,1071
8215,15189,1071
8215,15189,1071
8215,15189,1071
8215,15189,1071
8215,15189,1071
8215,15189,1071
8215,15189,1071
8215,15189,1071
8215,15189,1071
8215,15189,1071
8215,15189,1071
8409,22602,1071
8777,21136,1071
8777,21136,1071
8777,21136,1071
8777,21136,1071
8777,21136,1071
8777,21136,1071
8777,21136,1071
8777,21136,1071
8777,21136,1071
8777,21136,1071
8777,21136,1071
8777,21136,1071
8777,21136,1071
8777,21136,1071
8777,21136,1071
8777,21136,1071
8777,21136,1071
8777,21136,1071
8777,21136,1071
8777,21136,1071
8777,21136,1071
8777,21136,1071
8777,21136,1071
8777,21136,1071
8777,21136,1071
8777,21136,1071
8777,21136,1071
8777,21136,1071
8777,21136,1071
10215,7607,1071
7897,10851,1072
8017,10851,1072
8215,15189,1072
8215,16920,1072
8409,23884,1072
8409,23884,1072
8409,23884,1072
8409,23886,1072
8409,23886,1072
8409,23886,1072
8409,23886,1072
8409,23886,1072
8409,23886,1072
8409,23886,1072
8409,23886,1072
8409,23886,1072
8409,23886,1072
8409,23886,1072
8409,23886,1072
8409,23886,1072
8409,23886,1072
8409,23886,1072
8409,23886,1072
8409,23886,1072
8409,23886,1072
8409,23886,1072
8409,23886,1072
8409,23886,1072
8409,23886,1072
8777,21136,1072
8777,21136,1072
8777,21136,1072
8777,21136,1072
8777,21136,1072
8777,21136,1072
8777,21136,1072
8777,21136,1072
8777,21136,1072
8777,21136,1072
8777,21136,1072
8777,21136,1072
8777,21136,1072
8777,21136,1072
8777,21136,1072
8777,21136,1072
8777,21136,1072
8777,21136,1072
8777,21136,1072
8777,21136,1072
8777,21136,1072
8777,21136,1072
8777,21136,1072
8777,21136,1072
8777,21136,1072
8777,21136,1072
8777,21136,1072
8777,21136,1072
8777,21136,1072
8777,21136,1072
8777,21136,1072
8777,21136,1072
8777,21136,1072
8777,21136,1072
8777,21136,1072
8777,21136,1072
8777,21136,1072
8941,17963,1072
8941,17963,1072
8941,22565,1072
8941,22565,1072
8941,22565,1072
8941,22565,1072
10215,7751,1072
10215,7897,1072
10215,7918,1072
10215,8017,1072
10215,8215,1072
10215,8235,1072
10215,8274,1072
7577,9765,1073
7706,18788,1073
7706,18788,1073
7706,18790,1073
7706,18790,1073
7706,18790,1073
7706,18790,1073
7706,18790,1073
7706,18790,1073
7706,18790,1073
7765,18575,1073
7765,18575,1073
7765,18575,1073
7897,10215,1073
7918,10139,1073
7918,10851,1073
8777,21136,1073
8777,21136,1073
8777,21136,1073
8777,21136,1073
8777,21136,1073
8777,21136,1073
8777,21136,1073
8777,21136,1073
8777,21136,1073
8777,21136,1073
8777,21136,1073
8777,21136,1073
8777,21136,1073
8777,21136,1073
8777,21136,1073
8777,21136,1073
8777,21136,1073
8777,21136,1073
8777,21136,1073
8777,21136,1073
8777,21136,1073
8777,21136,1073
8777,21136,1073
8777,21136,1073
8777,21136,1073
8777,21136,1073
8777,21136,1073
8777,21136,1073
11394,7706,1073
11394,7897,1073
11394,8215,1073
7577,9766,1074
7706,18788,1074
7706,18790,1074
7706,18790,1074
7706,18790,1074
7706,18790,1074
7706,18790,1074
7706,18790,1074
7706,18790,1074
7706,18790,1074
7765,18535,1074
7765,18575,1074
8215,15187,1074
8215,15187,1074
8215,15187,1074
8215,15187,1074
8215,15187,1074
8215,15187,1074
8215,15187,1074
8215,15187,1074
8215,15187,1074
8215,15187,1074
8215,15187,1074
8215,15187,1074
8215,15187,1074
8215,15187,1074
8236,10215,1074
8409,23884,1074
8409,23884,1074
8409,23884,1074
8409,23886,1074
8409,23886,1074
8409,23886,1074
8409,23886,1074
8409,23886,1074
8409,23886,1074
8409,23886,1074
8777,21136,1074
8777,21136,1074
8777,21136,1074
8777,21136,1074
8777,21136,1074
8777,21136,1074
8777,21136,1074
8777,21136,1074
8777,21136,1074
8777,21136,1074
8777,21136,1074
8777,21136,1074
8777,21136,1074
8777,21136,1074
8777,21136,1074
8777,21136,1074
8777,21136,1074
8777,21136,1074
8777,21136,1074
8941,17963,1074
8941,22565,1074
8941,22565,1074
10851,7918,1074
10851,7918,1074
2405,7607,1075
2405,7706,1075
2405,7765,1075
7706,18788,1075
7706,18790,1075
7706,18790,1075
7765,2299,1075
7765,2299,1075
7765,2299,1075
7765,2299,1075
7765,2299,1075
7765,2299,1075
7765,2299,1075
7765,2299,1075
8117,11237,1075
8215,15187,1075
8215,15187,1075
8215,15187,1075
8215,15187,1075
8215,15187,1075
8215,15187,1075
8215,15187,1075
8215,15187,1075
8215,15187,1075
8215,15187,1075
8215,15187,1075
8215,15187,1075
8215,15187,1075
8215,15187,1075
8215,15187,1075
8215,15187,1075
8215,15187,1075
8215,15187,1075
8215,15187,1075
8215,15187,1075
8215,15187,1075
8215,15187,1075
8215,15187,1075
8409,23884,1075
8409,23884,1075
8409,23884,1075
8409,23884,1075
8409,23884,1075
8409,23884,1075
8409,23884,1075
8409,23884,1075
8409,23884,1075
8409,23884,1075
8409,23884,1075
8409,23884,1075
8409,23884,1075
8409,23884,1075
8777,21136,1075
8777,21136,1075
8777,21136,1075
8777,21136,1075
8777,21136,1075
8777,21136,1075
8777,21136,1075
8777,21136,1075
8777,21136,1075
8777,21136,1075
8777,21136,1075
8777,21136,1075
8777,21136,1075
8777,21136,1075
8777,21136,1075
8777,21136,1075
8777,21136,1075
8777,21136,1075
8777,21136,1075
8777,21136,1075
8777,21136,1075
8777,21136,1075
8777,21136,1075
8777,21136,1075
8777,21136,1075
8777,21136,1075
8777,21136,1075
8777,21136,1075
8777,21136,1075
8777,21136,1075
8777,21136,1075
8777,21136,1075
8777,21136,1075
8777,21136,1075
8777,21136,1075
8777,21136,1075
8777,21136,1075
8777,21136,1075
8777,21136,1075
8777,21136,1075
8777,21136,1075
8777,21136,1075
8777,21136,1075
8777,21136,1075
8777,21202,1075
8777,21202,1075
8777,21202,1075
8777,21202,1075
8777,21202,1075
8777,21202,1075
8777,21202,1075
8777,21202,1075
8777,21202,1075
8777,21202,1075
8777,21202,1075
8777,21202,1075
8777,21202,1075
8777,21202,1075
8777,21202,1075
8777,21202,1075
8777,21202,1075
8777,21202,1075
8777,21202,1075
8777,21202,1075
8777,21202,1075
8777,21202,1075
8777,21202,1075
8777,21202,1075
8777,21202,1075
8777,21202,1075
8777,21202,1075
8777,21202,1075
8777,21202,1075
8941,17963,1075
8941,22565,1075
8941,22565,1075
11237,8117,1075
7577,11443,1076
7706,2405,1076
7765,2299,1076
7765,2299,1076
7765,2299,1076
7765,2299,1076
7765,2299,1076
7765,2299,1076
7765,2299,1076
7765,2299,1076
7765,2299,1076
7765,2299,1076
7765,2299,1076
7765,2299,1076
7765,2299,1076
7765,2299,1076
7765,2299,1076
7765,2299,1076
7765,2299,1076
7765,2299,1076
7765,2299,1076
7765,2299,1076
7765,2299,1076
7765,2299,1076
7765,2299,1076
7765,2299,1076
7765,2299,1076
7765,2299,1076
7765,2299,1076
7765,2299,1076
7897,10139,1076
8017,14545,1076
8017,14545,1076
8017,14545,1076
8017,14545,1076
8017,14545,1076
8017,14545,1076
8017,14545,1076
8017,14545,1076
8017,14545,1076
8017,14545,1076
8017,14545,1076
8017,14545,1076
8017,14545,1076
8017,15828,1076
8017,15828,1076
8017,15828,1076
8017,15828,1076
8017,15828,1076
8017,15828,1076
8017,15828,1076
8017,15828,1076
8017,15828,1076
8017,15828,1076
8017,15828,1076
8017,15828,1076
8017,15828,1076
8017,18909,1076
8017,20377,1076
8117,11443,1076
8215,15187,1076
8215,15187,1076
8215,15187,1076
8215,15187,1076
8215,15187,1076
8215,15187,1076
8215,15187,1076
8215,15187,1076
8215,15187,1076
8215,15187,1076
8215,15187,1076
8215,15187,1076
8215,15187,1076
8215,15187,1076
8215,15187,1076
8215,15187,1076
8215,15187,1076
8215,15187,1076
8215,15187,1076
8215,15187,1076
8215,15187,1076
8215,15187,1076
8215,15187,1076
8235,10139,1076
8235,11101,1076
10139,7897,1076
10215,8236,1076
11443,8117,1076
7577,9765,1077
7577,9765,1077
7577,10139,1077
7577,11101,1077
7577,11237,1077
7706,18788,1077
7706,18788,1077
7706,18788,1077
7706,18788,1077
7706,18790,1077
7706,18790,1077
7706,18790,1077
7706,18790,1077
7706,18790,1077
7706,18790,1077
7706,18790,1077
7706,25341,1077
7706,25341,1077
7706,25341,1077
7706,25341,1077
7706,25341,1077
7706,25341,1077
7706,25341,1077
7706,25341,1077
7706,25341,1077
7706,25341,1077
7706,25341,1077
7706,25341,1077
7706,25341,1077
7706,25341,1077
7706,25341,1077
7706,25341,1077
7706,25341,1077
7706,25341,1077
7706,25341,1077
7706,25341,1077
7706,25341,1077
7706,25341,1077
7706,25341,1077
7706,25341,1077
7765,13934,1077
7765,14085,1077
7765,14085,1077
7765,14085,1077
7918,10215,1077
8017,15829,1077
8017,15829,1077
8017,15829,1077
8017,15829,1077
8017,15829,1077
8017,15829,1077
8017,15829,1077
8017,15829,1077
8017,15829,1077
8017,15829,1077
8017,15829,1077
8017,18909,1077
8235,10215,1077
8409,23884,1077
8409,23884,1077
7765,16124,1078
7765,16124,1078
7765,16124,1078
7765,18788,1078
7765,18790,1078
7918,10215,1078
8017,15828,1078
8017,15828,1078
8017,18644,1078
8017,18644,1078
8017,18644,1078
8017,18644,1078
8017,18644,1078
8017,18644,1078
8017,18644,1078
8017,18644,1078
8017,18644,1078
8017,18644,1078
8017,18644,1078
8017,18644,1078
8017,18644,1078
8017,18644,1078
8215,16334,1078
8215,24844,1078
8215,24844,1078
8215,24844,1078
8215,24844,1078
8215,24844,1078
8215,24844,1078
8215,24844,1078
8215,24844,1078
8215,24844,1078
8215,24844,1078
8215,24844,1078
8215,24844,1078
8215,24844,1078
8215,24844,1078
8215,24844,1078
8215,24844,1078
8215,24844,1078
8215,24844,1078
8215,24844,1078
8215,24844,1078
8215,24844,1078
8215,24844,1078
8215,24844,1078
8215,24844,1078
8327,15597,1078
8327,15600,1078
8327,15601,1078
8327,15601,1078
8327,15601,1078
8327,15601,1078
8327,15601,1078
8327,15601,1078
8327,15601,1078
8327,15601,1078
8327,15601,1078
8327,15601,1078
8327,15601,1078
8327,15601,1078
8327,15601,1078
8327,15601,1078
8327,15601,1078
8327,15601,1078
8327,15601,1078
8327,15601,1078
8327,15601,1078
8327,15601,1078
8327,15601,1078
8327,15601,1078
8327,15601,1078
8327,15601,1078
8327,15601,1078
8327,15601,1078
8327,15601,1078
8327,15601,1078
8327,15601,1078
8327,15601,1078
8327,15601,1078
8327,15601,1078
8327,15601,1078
8327,15601,1078
8327,15601,1078
8327,15601,1078
8327,15609,1078
8327,15609,1078
8409,20954,1078
8409,20954,1078
8409,20954,1078
8409,20954,1078
8409,20954,1078
8409,20954,1078
8409,20954,1078
8409,20954,1078
8409,20954,1078
8409,20954,1078
8409,20954,1078
8409,20954,1078
8409,20954,1078
8409,20954,1078
8409,20954,1078
8409,20954,1078
8409,20954,1078
8409,20954,1078
8409,20954,1078
8409,20954,1078
8409,20954,1078
8409,20954,1078
8409,23884,1078
8409,23884,1078
9763,9764,1078
11101,7863,1078
11237,7863,1078
7706,18535,1079
7706,18535,1079
7706,18535,1079
7706,18535,1079
7706,18535,1079
7706,25341,1079
7706,25341,1079
7706,25341,1079
8117,11443,1079
8215,17262,1079
8215,24242,1079
8215,24242,1079
8215,24242,1079
8215,24242,1079
8215,24242,1079
8215,24242,1079
8215,24242,1079
8215,24242,1079
8215,24242,1079
8215,24242,1079
8327,14500,1079
8327,15596,1079
8327,15601,1079
8327,15601,1079
8327,15601,1079
8327,15601,1079
8327,15601,1079
8327,15601,1079
8327,15601,1079
8327,15601,1079
8327,15601,1079
8327,15601,1079
8327,15601,1079
8327,15601,1079
8327,15601,1079
8327,15601,1079
8327,15601,1079
8327,15601,1079
8327,15601,1079
8327,15601,1079
8327,15601,1079
8327,15601,1079
8327,15601,1079
8327,15601,1079
8327,15601,1079
8327,15601,1079
8327,15601,1079
8327,15601,1079
8327,15601,1079
8327,15601,1079
8327,15601,1079
8327,15601,1079
8327,15601,1079
8327,15601,1079
8327,15601,1079
8327,15609,1079
8327,15609,1079
8327,15609,1079
8327,15609,1079
8327,15609,1079
8327,15609,1079
8327,15609,1079
8327,15609,1079
8327,15612,1079
8409,11712,1079
8409,11712,1079
8409,11712,1079
8409,11712,1079
8409,11712,1079
8409,11712,1079
8409,23884,1079
8777,14473,1079
8777,14473,1079
8777,14473,1079
10215,8017,1079
10215,8215,1079
10658,7765,1079
11394,8215,1079
11443,7706,1079
11443,8117,1079
11443,8236,1079
7706,15597,1080
7706,15600,1080
7706,15601,1080
7706,15601,1080
7706,15601,1080
7706,15601,1080
7706,15601,1080
7706,15601,1080
7706,15601,1080
7706,15601,1080
7706,15601,1080
7706,15601,1080
7706,15601,1080
7706,15601,1080
7706,15601,1080
7706,15601,1080
7706,15601,1080
7706,15601,1080
7706,15601,1080
7706,15601,1080
7706,15601,1080
7706,15601,1080
7706,15601,1080
7706,15601,1080
7706,15601,1080
7706,15601,1080
7706,15601,1080
7706,15601,1080
7706,15601,1080
7706,15601,1080
7706,15601,1080
7706,15601,1080
7706,15601,1080
7706,15601,1080
7706,15601,1080
7706,15601,1080
7706,15601,1080
7706,15601,1080
7706,15609,1080
7706,15609,1080
7765,10658,1080
8017,18644,1080
8017,18644,1080
8017,18644,1080
8215,10215,1080
8215,17262,1080
8215,24242,1080
8215,24242,1080
8215,24242,1080
8215,24242,1080
8215,24242,1080
8215,24242,1080
8215,24242,1080
8409,11712,1080
8409,11712,1080
8409,23884,1080
8777,22602,1080
8777,23956,1080
8777,23956,1080
8777,23956,1080
8777,23956,1080
8777,23956,1080
8777,23956,1080
8777,23956,1080
8777,23956,1080
8777,23956,1080
8777,23956,1080
8777,23956,1080
8941,17963,1080
8941,17963,1080
8941,22565,1080
8941,22565,1080
8941,22565,1080
8941,22565,1080
2538,7751,1081
2538,8017,1081
7706,11394,1081
7706,11443,1081
7706,18535,1081
7765,16933,1081
7765,16933,1081
7765,16933,1081
7765,16933,1081
7765,16933,1081
7765,16933,1081
7765,16933,1081
7765,16933,1081
7765,18788,1081
7765,18788,1081
7765,18790,1081
7765,18790,1081
7765,18790,1081
7765,18790,1081
7765,18790,1081
7765,18790,1081
7765,18790,1081
7765,18790,1081
7765,18790,1081
7765,18790,1081
7765,18790,1081
7765,18790,1081
7765,18790,1081
7765,25507,1081
7765,25507,1081
7765,25507,1081
7765,25507,1081
7765,25507,1081
7765,25507,1081
7765,25507,1081
7765,25507,1081
7765,25507,1081
7765,25507,1081
7765,25507,1081
7765,25507,1081
7765,25507,1081
7765,25507,1081
7765,25507,1081
7765,25507,1081
7765,25507,1081
7765,25507,1081
7765,25507,1081
7765,25507,1081
7765,25507,1081
7765,25507,1081
7765,25507,1081
7765,25508,1081
8017,18644,1081
8017,18644,1081
8017,18644,1081
8017,18644,1081
8017,18644,1081
8017,18644,1081
8017,18644,1081
8017,18644,1081
8017,18644,1081
8215,10215,1081
8215,24242,1081
8215,24242,1081
8777,23884,1081
8777,23884,1081
8777,23884,1081
8777,23884,1081
8777,23884,1081
8777,23884,1081
8777,23886,1081
8777,23886,1081
8777,23886,1081
8777,23886,1081
8777,23886,1081
8777,23886,1081
8777,23886,1081
8777,23886,1081
8777,23886,1081
8777,23886,1081
8777,23886,1081
8777,23886,1081
8777,23886,1081
8777,23886,1081
8777,23886,1081
8777,23886,1081
8777,23886,1081
8777,23886,1081
8777,23886,1081
8777,23886,1081
8777,23886,1081
8777,23886,1081
8777,23886,1081
8777,23886,1081
8777,23886,1081
8777,23886,1081
8777,23886,1081
8777,23886,1081
8777,23886,1081
11394,8236,1081
7706,18313,1082
7706,18313,1082
7706,18313,1082
7706,18313,1082
7706,18313,1082
7706,18313,1082
7706,18313,1082
7706,18313,1082
7706,18313,1082
7706,18313,1082
7706,18313,1082
7706,18313,1082
7706,18313,1082
7706,18313,1082
7706,18313,1082
7706,18313,1082
7706,18313,1082
7706,18313,1082
7706,18313,1082
7765,18788,1082
7765,18788,1082
7765,18790,1082
7765,18790,1082
7765,18790,1082
7765,18790,1082
7765,18790,1082
7765,18790,1082
7765,18790,1082
7765,18790,1082
7765,18790,1082
7765,18790,1082
7765,18790,1082
7765,18790,1082
8017,23631,1082
8017,23631,1082
8017,23631,1082
8017,23631,1082
8017,23631,1082
8017,23631,1082
8017,23631,1082
8017,23631,1082
8017,23631,1082
8017,23631,1082
8017,23631,1082
8017,23631,1082
8017,23631,1082
8017,23631,1082
8017,23631,1082
8017,23631,1082
8017,23631,1082
8017,23631,1082
8017,24251,1082
8117,11394,1082
8327,4670,1082
8327,4670,1082
8327,4670,1082
8327,4670,1082
8327,4670,1082
8327,4670,1082
8327,4670,1082
8327,4670,1082
8327,4670,1082
8327,4670,1082
8327,4670,1082
8327,4670,1082
8327,4670,1082
8327,4670,1082
8327,4670,1082
8327,4670,1082
8327,4670,1082
8327,4670,1082
8327,4670,1082
8327,4670,1082
8327,4670,1082
8327,4670,1082
8327,4670,1082
8327,4670,1082
8327,4670,1082
8327,4670,1082
8327,4670,1082
8327,4670,1082
8327,4670,1082
8327,4670,1082
8327,4670,1082
8327,4670,1082
8327,4670,1082
8327,4670,1082
8327,4670,1082
8327,4670,1082
8327,4670,1082
8327,4670,1082
8327,4670,1082
8327,4670,1082
8327,4670,1082
8777,23884,1082
8777,23884,1082
8777,23884,1082
8777,23884,1082
8777,23884,1082
8777,23884,1082
8777,23884,1082
8777,23884,1082
8777,23884,1082
8777,23884,1082
8777,23884,1082
8777,23884,1082
8777,23884,1082
8777,23884,1082
11394,7706,1082
11394,8117,1082
11394,8117,1082
7751,2538,1083
8017,2538,1083
8215,24242,1083
8215,24242,1083
8215,24242,1083
8327,4670,1083
8327,4670,1083
8327,4670,1083
8327,4670,1083
8327,4670,1083
8327,4670,1083
8327,4670,1083
8327,4670,1083
8409,11712,1083
8409,11712,1083
8409,11712,1083
8409,11712,1083
8409,19766,1083
7706,18313,1084
7706,18313,1084
7706,18313,1084
7706,18313,1084
7706,18313,1084
7706,18313,1084
7706,18313,1084
7706,18313,1084
7706,18313,1084
7706,18313,1084
7706,18313,1084
7706,18313,1084
7706,18313,1084
7706,18313,1084
7706,18313,1084
7706,18313,1084
7706,18313,1084
7706,18313,1084
7706,18313,1084
7706,18313,1084
7706,18313,1084
7706,18313,1084
7706,18313,1084
7706,18313,1084
7706,18313,1084
7706,18313,1084
7706,18313,1084
7706,18313,1084
7706,18313,1084
7706,18313,1084
7706,18313,1084
7706,18313,1084
7706,18313,1084
7706,18313,1084
7706,18313,1084
7706,18313,1084
7706,18313,1084
7706,18313,1084
7706,18313,1084
7706,18313,1084
7706,18313,1084
7706,18313,1084
7706,18313,1084
7706,18313,1084
7706,18313,1084
7706,18313,1084
7706,18313,1084
7706,18313,1084
7706,18313,1084
7706,18313,1084
7706,18313,1084
7706,18313,1084
7765,18170,1084
7765,18170,1084
7765,18170,1084
7765,18170,1084
7765,18170,1084
7765,18170,1084
7765,18170,1084
7765,18170,1084
7765,18170,1084
7765,18170,1084
7765,18170,1084
7765,18170,1084
7765,18170,1084
7765,18170,1084
7765,18170,1084
7765,18170,1084
7765,18170,1084
7765,18170,1084
7765,18170,1084
7765,18170,1084
7765,18170,1084
7765,18170,1084
7765,18170,1084
7765,18170,1084
7765,18170,1084
7765,18170,1084
7765,18170,1084
7765,18170,1084
7765,18170,1084
7765,18170,1084
7765,18170,1084
7765,18170,1084
7765,18170,1084
7765,18788,1084
7765,18790,1084
7765,18790,1084
7765,18790,1084
7765,18790,1084
7765,18790,1084
7765,18790,1084
7765,18790,1084
7765,18790,1084
7765,18790,1084
7765,18790,1084
7765,18790,1084
7765,18790,1084
7765,18790,1084
8017,11946,1084
8215,16053,1084
8215,16053,1084
8215,16053,1084
8215,16053,1084
8770,22601,1084
8777,20954,1084
8777,20954,1084
8777,20954,1084
8777,20954,1084
8777,20954,1084
8777,20954,1084
8777,20954,1084
8777,20954,1084
8777,20954,1084
8777,20954,1084
8777,20954,1084
8777,20954,1084
8777,20954,1084
8777,20954,1084
8777,20954,1084
8777,20954,1084
8777,20954,1084
8777,20954,1084
8777,20954,1084
8777,20954,1084
8777,20954,1084
8777,23884,1084
8777,23884,1084
8777,23884,1084
7706,2974,1085
7706,2974,1085
7706,2974,1085
7706,2974,1085
7706,2974,1085
7706,2974,1085
7706,2974,1085
7706,2974,1085
7706,2974,1085
7706,2974,1085
7706,2974,1085
7706,2974,1085
7706,2974,1085
7706,2974,1085
7706,2974,1085
7706,2974,1085
7706,2974,1085
7706,2974,1085
7706,2974,1085
7706,2978,1085
7765,25507,1085
7765,25507,1085
7765,25507,1085
7765,25507,1085
8215,16053,1085
8215,16053,1085
8215,16053,1085
8215,16053,1085
8215,16053,1085
8215,16053,1085
8235,11443,1085
8327,4670,1085
8327,4670,1085
8327,4670,1085
8327,4670,1085
8409,4442,1085
8409,4442,1085
8409,4442,1085
8409,4442,1085
8409,4442,1085
8409,4442,1085
8409,4442,1085
8409,4442,1085
8409,4442,1085
8409,4442,1085
8409,4442,1085
8409,4442,1085
8409,4442,1085
8409,4442,1085
8409,4442,1085
8409,4442,1085
8409,4442,1085
8409,4442,1085
8409,4442,1085
8409,4442,1085
8409,4442,1085
8409,21261,1085
8409,21261,1085
8409,21261,1085
8409,21261,1085
8409,21261,1085
8409,21261,1085
8409,21261,1085
8409,21261,1085
8409,21261,1085
8409,21261,1085
8409,21261,1085
8409,21261,1085
8770,18142,1085
8770,18142,1085
8770,18142,1085
8770,18142,1085
8770,18142,1085
8770,18142,1085
8770,18142,1085
8770,18142,1085
8770,18142,1085
8770,18142,1085
8770,18142,1085
8770,18142,1085
8770,18142,1085
8770,18142,1085
8770,18142,1085
8770,18142,1085
8770,18142,1085
8770,18142,1085
8770,18142,1085
8770,18142,1085
8770,18142,1085
11394,7607,1085
11394,7706,1085
11394,7751,1085
11394,7765,1085
11394,8017,1085
11394,8215,1085
11394,8235,1085
11394,8236,1085
11394,8274,1085
2538,7863,1086
2538,7863,1086
7577,2538,1086
7577,9765,1086
7706,2974,1086
7706,24459,1086
7765,11394,1086
8409,21261,1086
8770,14500,1086
8770,18141,1086
8770,18142,1086
8770,18142,1086
8770,18142,1086
8770,18142,1086
8770,18142,1086
8770,18142,1086
8770,18142,1086
8770,18142,1086
8770,18142,1086
8770,18142,1086
8770,18142,1086
8770,18142,1086
8770,18142,1086
8770,18142,1086
8770,18142,1086
8770,18142,1086
8770,18142,1086
8770,18142,1086
8770,18142,1086
8770,18142,1086
8770,18142,1086
8770,18142,1086
8777,20954,1086
8777,23884,1086
7577,2538,1087
7577,9765,1087
7607,11394,1087
7706,2974,1087
7706,2974,1087
7765,15145,1087
7765,18166,1087
7765,18170,1087
7765,18170,1087
7765,18170,1087
7765,18170,1087
7765,18170,1087
7765,18170,1087
7765,18170,1087
7765,18170,1087
7765,18170,1087
7765,18170,1087
7765,18170,1087
7765,18170,1087
7765,18170,1087
7765,18170,1087
7765,18170,1087
7765,18170,1087
7765,18170,1087
7765,18170,1087
7765,18170,1087
7765,18170,1087
7765,18170,1087
7765,18170,1087
7765,18170,1087
7765,18170,1087
7765,18170,1087
7765,18170,1087
7765,18170,1087
7765,18170,1087
7765,18170,1087
7765,18170,1087
7765,18170,1087
7765,18170,1087
7765,18170,1087
8017,10215,1087
8215,16053,1087
8215,16053,1087
8215,16053,1087
8215,16053,1087
8215,16053,1087
8215,16053,1087
8215,16053,1087
8235,11394,1087
8274,11237,1087
8274,11443,1087
8327,4670,1087
8327,4670,1087
8327,4670,1087
8327,4670,1087
8327,4670,1087
8327,4670,1087
8327,4670,1087
8327,4670,1087
8327,13934,1087
8327,14085,1087
8327,14085,1087
8327,14085,1087
8327,18170,1087
8327,18170,1087
8327,18170,1087
8327,18170,1087
8327,18170,1087
8327,18170,1087
8327,18170,1087
8327,18170,1087
8327,18170,1087
8327,18170,1087
8327,18170,1087
8327,18170,1087
8327,18170,1087
8327,18170,1087
8327,18170,1087
8327,18170,1087
8327,18170,1087
8327,18170,1087
8327,18170,1087
8327,18170,1087
8327,18170,1087
8327,18170,1087
8327,18170,1087
8327,18170,1087
8327,18170,1087
8327,18170,1087
8327,18170,1087
8327,18170,1087
8327,18170,1087
8327,18170,1087
8327,18170,1087
8327,18170,1087
8327,18170,1087
8409,21261,1087
8409,21261,1087
8409,21261,1087
8409,21261,1087
8409,21261,1087
8409,21261,1087
8409,21261,1087
8409,21261,1087
8409,21261,1087
8777,11712,1087
8777,11712,1087
8777,11712,1087
8777,11712,1087
8777,11712,1087
8777,11712,1087
8777,23884,1087
7577,11237,1088
7765,16793,1088
7765,16793,1088
7765,16793,1088
7765,16793,1088
7765,16793,1088
7765,16793,1088
7765,16793,1088
7765,16793,1088
7765,16793,1088
7765,16793,1088
7765,16793,1088
7765,16793,1088
7765,16793,1088
7765,16793,1088
7765,16793,1088
7765,16793,1088
7765,18170,1088
7765,18170,1088
7765,18170,1088
7765,18170,1088
7765,18170,1088
7765,18170,1088
7765,18170,1088
7765,18170,1088
7765,18170,1088
7765,18170,1088
7765,18170,1088
7765,18170,1088
7765,18170,1088
7765,18170,1088
7765,18170,1088
7765,18170,1088
7765,18170,1088
7765,18170,1088
7765,18170,1088
7765,18170,1088
7765,18170,1088
7765,18170,1088
7765,18170,1088
7765,18170,1088
7765,18170,1088
7765,18170,1088
7765,18170,1088
7765,18170,1088
7765,18170,1088
7765,18170,1088
7765,18170,1088
7765,18170,1088
7765,18170,1088
7765,18170,1088
7765,18170,1088
7765,18170,1088
7765,18170,1088
7765,18170,1088
7765,18170,1088
7765,18170,1088
7765,18170,1088
7765,18170,1088
7765,18170,1088
7765,18170,1088
7765,18170,1088
7765,23887,1088
7765,23887,1088
8017,11946,1088
8017,23631,1088
8017,23631,1088
8017,23631,1088
8017,23631,1088
8017,23631,1088
8017,23631,1088
8017,23631,1088
8017,23631,1088
8017,23631,1088
8017,23631,1088
8017,23631,1088
8017,23631,1088
8017,23631,1088
8017,23631,1088
8017,23631,1088
8017,23631,1088
8017,23631,1088
8017,23631,1088
8017,23631,1088
8017,23631,1088
8017,23631,1088
8017,23631,1088
8017,23631,1088
8017,23631,1088
8017,24251,1088
8409,21261,1088
8409,21261,1088
8409,21261,1088
8409,21261,1088
8409,21261,1088
8409,21261,1088
8409,21261,1088
8409,21261,1088
8409,21261,1088
8770,18142,1088
8770,18142,1088
8770,18142,1088
8770,18142,1088
8770,18142,1088
8770,18142,1088
8770,18142,1088
8770,18142,1088
8770,18142,1088
8770,18142,1088
8770,18142,1088
8770,18142,1088
8770,18142,1088
8770,18142,1088
8770,18142,1088
8770,18142,1088
8770,18142,1088
8770,18142,1088
8770,18142,1088
8770,18142,1088
8770,18142,1088
8777,11712,1088
8777,11712,1088
8777,11712,1088
8777,11712,1088
8777,11712,1088
8777,23884,1088
9763,9764,1088
10215,8017,1088
10215,8017,1088
11237,8274,1088
7577,9765,1089
7577,9766,1089
7751,10139,1089
7751,11237,1089
7765,16793,1089
7765,16793,1089
7765,16793,1089
7765,16793,1089
7765,16793,1089
7765,16793,1089
7765,16793,1089
7765,16793,1089
7765,16793,1089
7765,16793,1089
8017,23631,1089
8017,23631,1089
8017,23631,1089
8017,23631,1089
8017,23631,1089
8017,23631,1089
8017,23631,1089
8017,23631,1089
8017,23631,1089
8017,23631,1089
8017,23631,1089
8017,23631,1089
8017,23631,1089
8017,23631,1089
8017,23631,1089
8017,24259,1089
8327,13934,1089
8327,14085,1089
8327,14085,1089
8327,14085,1089
8327,14085,1089
8409,1739,1089
8409,1739,1089
8409,1739,1089
8409,1739,1089
8409,4522,1089
8409,4522,1089
8409,4522,1089
8409,4522,1089
8409,4522,1089
8409,18901,1089
8770,3396,1089
8770,3396,1089
8770,3396,1089
8770,3396,1089
8770,3403,1089
8770,3403,1089
8770,3403,1089
8770,3403,1089
8770,3403,1089
8770,3403,1089
8770,3403,1089
8770,3403,1089
8770,3403,1089
8770,3403,1089
8770,3403,1089
8770,18551,1089
8770,18551,1089
8770,18551,1089
8770,18551,1089
8770,18551,1089
8770,18551,1089
8770,18551,1089
8770,18551,1089
8770,18551,1089
8770,18551,1089
8770,18551,1089
8770,18551,1089
8770,18551,1089
8770,18551,1089
8770,18551,1089
8770,18551,1089
8770,18551,1089
8770,18551,1089
8777,11712,1089
7607,11394,1090
7706,11394,1090
7765,2272,1090
7765,2272,1090
7765,2272,1090
7765,2272,1090
7765,2272,1090
7765,2272,1090
7765,2272,1090
7765,2272,1090
7765,18170,1090
7765,18170,1090
7765,18170,1090
7765,18170,1090
7765,18170,1090
7765,18170,1090
7765,18170,1090
7765,18170,1090
7765,18170,1090
7765,18170,1090
7765,18170,1090
7765,18170,1090
7765,23887,1090
8017,23631,1090
8017,23631,1090
8017,23631,1090
8017,23631,1090
8017,23631,1090
8017,23631,1090
8017,23631,1090
8017,23631,1090
8017,23631,1090
8017,23631,1090
8017,23631,1090
8017,23631,1090
8017,23631,1090
8017,23631,1090
8017,23631,1090
8017,23631,1090
8017,23631,1090
8017,23631,1090
8017,23631,1090
8017,23631,1090
8017,24259,1090
8017,24259,1090
8327,13934,1090
8327,14085,1090
8327,14085,1090
8327,14085,1090
8327,18313,1090
8327,18313,1090
8327,18313,1090
8327,18313,1090
8327,18313,1090
8327,18313,1090
8327,18313,1090
8327,18313,1090
8327,18313,1090
8327,18313,1090
8327,18313,1090
8327,18313,1090
8327,18313,1090
8327,18313,1090
8327,18313,1090
8327,18313,1090
8327,18313,1090
8327,18313,1090
8327,18313,1090
8409,1739,1090
8770,18551,1090
8770,18551,1090
8777,19766,1090
11237,7751,1090
11237,8274,1090
7765,2272,1091
7765,2272,1091
7765,2272,1091
7765,2272,1091
7765,2272,1091
7765,2272,1091
7765,2272,1091
7765,4355,1091
7765,4355,1091
7765,4355,1091
7765,4355,1091
7765,4355,1091
7765,4355,1091
7765,4355,1091
7765,4355,1091
7765,4355,1091
7765,4355,1091
7765,4355,1091
7765,4355,1091
7765,4355,1091
7765,4355,1091
7765,4355,1091
7765,4355,1091
7765,4355,1091
7765,4355,1091
7765,4355,1091
7765,4355,1091
7765,4355,1091
7765,4355,1091
7765,4355,1091
7765,4355,1091
7765,4355,1091
7765,4355,1091
7765,11394,1091
7765,16793,1091
7765,16793,1091
7765,16793,1091
7765,16793,1091
7765,16793,1091
7765,16793,1091
7765,16793,1091
7765,16793,1091
7765,16793,1091
7765,16793,1091
8327,13995,1091
8327,13995,1091
8327,13995,1091
8327,13995,1091
8327,13995,1091
8327,13995,1091
8327,13995,1091
8327,13995,1091
8327,13995,1091
8327,13995,1091
8327,13995,1091
8327,13995,1091
8327,13995,1091
8327,13995,1091
8327,13995,1091
8327,13995,1091
8327,13995,1091
8327,13995,1091
8327,13995,1091
8327,13995,1091
8327,13995,1091
8327,13995,1091
8327,13995,1091
8327,13995,1091
8327,17981,1091
8327,17981,1091
8409,1739,1091
8409,1739,1091
8409,1739,1091
8770,18313,1091
8770,18313,1091
8770,18313,1091
8770,18313,1091
8770,18313,1091
8770,18313,1091
8770,18313,1091
8770,18313,1091
8770,18313,1091
8770,18313,1091
8770,18313,1091
8770,18788,1091
8770,18788,1091
8770,18790,1091
8770,18790,1091
8770,18790,1091
8770,18790,1091
8770,18790,1091
8770,18790,1091
8770,18790,1091
8770,18790,1091
8777,4442,1091
8777,4442,1091
8777,4442,1091
8777,4442,1091
8777,4442,1091
8777,4442,1091
8777,4442,1091
8777,4442,1091
8777,4442,1091
8777,4442,1091
8777,4442,1091
8777,4442,1091
8777,4442,1091
8777,4442,1091
8777,4442,1091
8777,4442,1091
8777,4442,1091
8777,4442,1091
8777,4442,1091
8777,4442,1091
8777,4442,1091
8017,23631,1092
8017,23631,1092
8017,23631,1092
8017,23631,1092
8017,23631,1092
8017,23631,1092
8327,13995,1092
8327,13995,1092
8327,13995,1092
8327,13995,1092
8327,13995,1092
8327,13995,1092
8327,13995,1092
8327,13995,1092
8327,13995,1092
8327,13995,1092
8327,13995,1092
8327,13995,1092
8327,13995,1092
8327,13995,1092
8327,13995,1092
8327,13995,1092
8327,13995,1092
8327,13995,1092
8327,13995,1092
8327,13995,1092
8327,13995,1092
8327,13995,1092
8327,13995,1092
8327,13995,1092
8327,13995,1092
8327,13995,1092
8327,13995,1092
8327,13995,1092
8327,13995,1092
8327,13995,1092
8327,13995,1092
8327,13995,1092
8327,13995,1092
8327,13995,1092
8327,13995,1092
8327,13995,1092
8327,13995,1092
8327,13995,1092
8327,13995,1092
8327,13995,1092
8327,13995,1092
8327,13995,1092
8327,13995,1092
8327,13995,1092
8327,17981,1092
8327,17981,1092
8327,17981,1092
8327,17981,1092
8327,17981,1092
8409,1739,1092
8770,18788,1092
8770,18790,1092
8770,18790,1092
8770,18790,1092
8770,18790,1092
8770,18790,1092
8770,18790,1092
8770,18790,1092
8770,18790,1092
8777,21261,1092
8777,21261,1092
8777,21261,1092
8777,21261,1092
8777,21261,1092
8777,21261,1092
8777,21261,1092
8777,21261,1092
8941,22652,1092
8941,22652,1092
8941,22652,1092
8941,22652,1092
8941,22652,1092
8941,22652,1092
8941,22652,1092
8941,22652,1092
8941,22652,1092
8941,22652,1092
8941,22652,1092
8941,22652,1092
8941,22652,1092
8941,22652,1092
8941,22652,1092
8941,22652,1092
8941,22652,1092
8941,22652,1092
8941,22652,1092
8941,22652,1092
7577,11443,1093
7765,4355,1093
7765,4355,1093
7765,4355,1093
7765,4355,1093
7765,4355,1093
7765,4355,1093
7765,4355,1093
7765,4355,1093
7765,4355,1093
7765,4355,1093
7765,4355,1093
7765,4355,1093
7765,4355,1093
7765,4355,1093
7765,15146,1093
7765,15146,1093
7765,15146,1093
7765,15146,1093
7765,15146,1093
7765,15146,1093
7765,15146,1093
7765,15146,1093
7765,15146,1093
7765,15146,1093
7765,15146,1093
7765,15146,1093
7765,16793,1093
7765,16793,1093
7765,16793,1093
7765,16793,1093
7765,16793,1093
7765,16793,1093
7765,16793,1093
7765,16793,1093
7765,16793,1093
7765,16793,1093
7765,18325,1093
7765,18325,1093
7765,18325,1093
7765,18325,1093
7765,18325,1093
7765,18325,1093
7765,18325,1093
7765,18325,1093
7765,18325,1093
7765,18325,1093
7765,18325,1093
7765,18325,1093
7765,18325,1093
7765,18325,1093
7765,18325,1093
7765,18325,1093
7765,18325,1093
7765,18325,1093
7765,18325,1093
7765,18325,1093
7765,18325,1093
7765,18325,1093
7765,18325,1093
7765,18325,1093
7765,18325,1093
7765,18325,1093
7765,18325,1093
7765,18325,1093
7765,18325,1093
7765,18325,1093
7765,18325,1093
7765,18325,1093
7765,18325,1093
7765,18325,1093
8236,11394,1093
8770,18790,1093
8941,22652,1093
8941,22652,1093
8941,22652,1093
11237,8274,1093
11443,8274,1093
7577,11101,1094
7765,10969,1094
7765,10969,1094
7765,10969,1094
7765,10969,1094
7765,10969,1094
7765,10969,1094
7765,10969,1094
7765,10969,1094
7765,10969,1094
7765,10969,1094
7765,10969,1094
7765,10969,1094
7765,10969,1094
7765,10969,1094
7765,10969,1094
7765,10969,1094
7765,10969,1094
7765,10969,1094
8017,9495,1094
8017,9495,1094
8017,9495,1094
8017,9495,1094
8017,9495,1094
8017,9495,1094
8017,9495,1094
8017,9495,1094
8117,11101,1094
8409,17560,1094
8409,17560,1094
8409,17560,1094
8409,17560,1094
8409,17561,1094
8409,17561,1094
8770,18788,1094
8770,18790,1094
8770,18790,1094
8770,18790,1094
8770,18790,1094
8770,18790,1094
8770,18790,1094
8770,18790,1094
8770,18790,1094
8777,18788,1094
8777,18790,1094
8777,21261,1094
8777,21261,1094
8777,21261,1094
8777,21261,1094
11101,7863,1094
11101,7897,1094
11101,8017,1094
11101,8117,1094
11101,8235,1094
11101,8236,1094
7765,19877,1095
7765,19877,1095
7765,19877,1095
7765,19877,1095
7765,19877,1095
7765,19877,1095
7765,19877,1095
7918,22601,1095
8017,685,1095
8017,685,1095
8017,685,1095
8017,685,1095
8017,685,1095
8017,685,1095
8017,685,1095
8017,685,1095
8017,685,1095
8017,685,1095
8017,685,1095
8017,685,1095
8017,685,1095
8017,685,1095
8017,685,1095
8274,11394,1095
8327,13995,1095
8327,13995,1095
8327,13995,1095
8327,13995,1095
8327,13995,1095
8327,13995,1095
8327,13995,1095
8327,13995,1095
8327,13995,1095
8327,13995,1095
8327,13995,1095
8327,13995,1095
8327,13995,1095
8327,13995,1095
8327,13995,1095
8327,13995,1095
8327,13995,1095
8327,13995,1095
8327,13995,1095
8327,17981,1095
8327,17981,1095
8409,17560,1095
8409,17560,1095
8409,17560,1095
8409,17560,1095
8409,17560,1095
8409,17560,1095
8409,17560,1095
8409,17560,1095
8409,17560,1095
8777,3396,1095
8777,3396,1095
8777,3396,1095
8777,3396,1095
8777,3403,1095
8777,3403,1095
8777,3403,1095
8777,3403,1095
8777,3403,1095
8777,3403,1095
8777,3403,1095
8777,3403,1095
8777,3403,1095
8777,3403,1095
8777,3403,1095
8777,3403,1095
8777,18788,1095
8777,18788,1095
8777,18788,1095
8777,18790,1095
8777,18790,1095
8777,18790,1095
8777,18790,1095
8777,18790,1095
8777,18790,1095
8777,18790,1095
7765,19877,1096
7765,19877,1096
7765,19877,1096
7918,18142,1096
7918,18142,1096
7918,18142,1096
7918,18142,1096
7918,18142,1096
7918,18142,1096
7918,18142,1096
7918,18142,1096
7918,18142,1096
7918,18142,1096
7918,18142,1096
7918,18142,1096
7918,18142,1096
7918,18142,1096
7918,18142,1096
7918,18142,1096
7918,18142,1096
7918,18142,1096
7918,18142,1096
7918,18142,1096
7918,18142,1096
8117,11101,1096
8327,13995,1096
8777,3396,1096
8777,3396,1096
8777,3396,1096
8777,3403,1096
8777,3403,1096
8777,3403,1096
8777,3403,1096
8777,3403,1096
8777,3403,1096
8777,3403,1096
8777,3403,1096
8777,3403,1096
8777,3403,1096
8777,3403,1096
8777,3403,1096
8777,3403,1096
8777,3403,1096
8777,3403,1096
8777,3403,1096
8777,3403,1096
8777,3403,1096
8777,3403,1096
8777,3403,1096
8777,3403,1096
8777,3405,1096
8777,11559,1096
8777,11559,1096
8777,21261,1096
8777,21261,1096
8777,21261,1096
8777,21261,1096
8777,21261,1096
8777,21261,1096
8777,21261,1096
8777,21261,1096
8777,21261,1096
8777,21261,1096
8777,21261,1096
8777,21261,1096
8777,21261,1096
8777,21261,1096
8777,21261,1096
11101,8117,1096
7765,18325,1097
7765,18325,1097
7765,18325,1097
7765,18325,1097
7765,18325,1097
7765,18325,1097
7765,18325,1097
7765,18325,1097
7765,18325,1097
7765,18325,1097
7765,18325,1097
7765,18325,1097
7765,18325,1097
7765,18325,1097
7765,18325,1097
7765,18325,1097
7918,2595,1097
7918,2595,1097
7918,2595,1097
7918,2595,1097
7918,2595,1097
7918,2595,1097
7918,2595,1097
7918,2595,1097
7918,2595,1097
7918,2595,1097
7918,2595,1097
7918,18142,1097
7918,18142,1097
7918,18142,1097
7918,18142,1097
7918,18142,1097
7918,18142,1097
7918,18142,1097
7918,18142,1097
7918,18142,1097
7918,18142,1097
7918,18142,1097
7918,18142,1097
8327,12407,1097
8327,12414,1097
8327,12414,1097
8327,12414,1097
8327,12414,1097
8327,12414,1097
8327,15408,1097
8770,16730,1097
8770,18790,1097
8777,21261,1097
8777,21261,1097
8777,21261,1097
8777,21261,1097
7765,12155,1098
7765,12155,1098
7765,12155,1098
7765,12155,1098
7765,12155,1098
7765,12155,1098
7765,12155,1098
7765,12155,1098
7765,12155,1098
7765,12155,1098
7765,12155,1098
7765,16355,1098
7765,16355,1098
7765,16355,1098
7765,16355,1098
7765,16355,1098
7765,16355,1098
7765,18321,1098
7765,18325,1098
7918,2595,1098
7918,2595,1098
7918,2595,1098
8017,685,1098
8017,11101,1098
8017,11101,1098
8215,2405,1098
8236,11443,1098
8327,12407,1098
8327,12414,1098
8327,12414,1098
8327,12414,1098
8327,12414,1098
8327,12414,1098
8777,3396,1098
8777,4522,1098
8777,4522,1098
8777,4522,1098
8777,4522,1098
9763,9764,1098
7765,13934,1099
7765,13934,1099
7765,13934,1099
7765,13934,1099
7765,14085,1099
7765,22578,1099
7765,22578,1099
7918,21136,1099
7918,21136,1099
7918,21136,1099
7918,21136,1099
7918,21136,1099
7918,21136,1099
7918,21136,1099
7918,21136,1099
7918,21136,1099
7918,21136,1099
7918,21136,1099
7918,21136,1099
7918,21136,1099
7918,21136,1099
7918,21136,1099
7918,21136,1099
7918,21136,1099
7918,21136,1099
7918,21136,1099
7918,21136,1099
7918,21136,1099
7918,21136,1099
7918,21136,1099
7918,21136,1099
7918,21136,1099
7918,21136,1099
7918,21136,1099
7918,21136,1099
7918,21136,1099
7918,21136,1099
7918,21136,1099
7918,21136,1099
7918,21136,1099
7918,21136,1099
7918,21136,1099
7918,21136,1099
7918,21136,1099
7918,21136,1099
7918,21136,1099
7918,21136,1099
7918,21136,1099
7918,21136,1099
7918,21136,1099
7918,21136,1099
7918,21136,1099
7918,21136,1099
7918,21136,1099
7918,21136,1099
7918,21136,1099
7918,21136,1099
7918,21136,1099
7918,21136,1099
7918,21136,1099
7918,21136,1099
7918,21136,1099
7918,21136,1099
7918,21136,1099
7918,21136,1099
7918,21136,1099
7918,21136,1099
7918,21136,1099
7918,21136,1099
7918,21136,1099
7918,21136,1099
7918,21136,1099
7918,21136,1099
7918,21136,1099
7918,21136,1099
7918,21136,1099
7918,21136,1099
7918,21136,1099
7918,21136,1099
7918,21136,1099
7918,21136,1099
7918,21136,1099
7918,21136,1099
7918,21136,1099
7918,21136,1099
7918,21136,1099
7918,21136,1099
7918,21136,1099
7918,21136,1099
7918,21136,1099
8327,12407,1099
8327,12414,1099
8327,12414,1099
8327,12414,1099
8327,12414,1099
8327,12414,1099
8327,20228,1099
8770,18284,1099
8770,18284,1099
8770,18284,1099
8770,18284,1099
8770,18284,1099
8770,18284,1099
8770,18284,1099
8770,18284,1099
8770,18284,1099
8770,18284,1099
8770,18284,1099
8770,18284,1099
8770,18284,1099
8770,18284,1099
8770,18284,1099
8770,18284,1099
8770,18284,1099
8770,18284,1099
8770,18284,1099
8770,18284,1099
8770,18284,1099
8770,18284,1099
8770,18284,1099
8770,18284,1099
8770,18284,1099
8770,18284,1099
8777,4522,1099
8777,18901,1099
11237,8215,1099
2405,8215,1100
7577,2405,1100
7918,21136,1100
7918,21136,1100
7918,21136,1100
7918,21136,1100
7918,21136,1100
7918,21136,1100
7918,21136,1100
7918,21136,1100
7918,21136,1100
7918,21136,1100
7918,21136,1100
7918,21136,1100
7918,21136,1100
7918,21136,1100
7918,21136,1100
7918,21136,1100
7918,21136,1100
7918,21136,1100
7918,21136,1100
7918,21136,1100
7918,21136,1100
7918,21136,1100
7918,21136,1100
7918,21136,1100
7918,21136,1100
7918,21136,1100
7918,21136,1100
7918,21136,1100
7918,21136,1100
7918,21136,1100
7918,21136,1100
7918,21136,1100
7918,21136,1100
7918,21136,1100
7918,21136,1100
8236,2405,1100
8236,11237,1100
8327,12414,1100
8770,14022,1100
8770,18858,1100
8770,18858,1100
8770,18858,1100
8770,18858,1100
8770,18858,1100
8770,18858,1100
8770,18858,1100
8770,18858,1100
8770,18858,1100
8770,18858,1100
8770,18858,1100
8770,18858,1100
8770,18858,1100
8770,18858,1100
8770,18858,1100
8770,18858,1100
8770,18858,1100
8770,18858,1100
8770,18858,1100
8770,18858,1100
8770,18858,1100
8770,21074,1100
8770,22604,1100
8770,24026,1100
8770,24026,1100
8770,24026,1100
8770,24026,1100
8770,24026,1100
8770,24026,1100
8777,1739,1100
8777,1739,1100
8777,1739,1100
8777,1739,1100
8777,18313,1100
8777,18313,1100
8777,18313,1100
8777,18313,1100
8777,18313,1100
8777,18313,1100
8777,18313,1100
8777,18313,1100
8777,18313,1100
8777,18313,1100
8777,18313,1100
8777,18313,1100
8777,18313,1100
8777,18313,1100
8777,18313,1100
8777,18313,1100
8777,18313,1100
8777,18313,1100
8777,18313,1100
10658,8215,1100
7765,16797,1101
7765,16797,1101
7765,16797,1101
7765,16797,1101
7765,19891,1101
7765,19891,1101
7765,19891,1101
7765,19891,1101
7765,19891,1101
7765,19891,1101
7765,19891,1101
7765,19891,1101
7765,19891,1101
7765,19891,1101
7765,19891,1101
7765,19891,1101
7765,19891,1101
7765,19891,1101
7765,19891,1101
7765,19891,1101
7765,19891,1101
7765,19891,1101
7897,10851,1101
7897,11237,1101
7918,18321,1101
7918,22652,1101
7918,22652,1101
7918,22652,1101
7918,22652,1101
7918,22652,1101
7918,22652,1101
7918,22652,1101
7918,22652,1101
7918,22652,1101
7918,22652,1101
7918,22652,1101
7918,22652,1101
7918,22652,1101
7918,22652,1101
7918,22652,1101
7918,22652,1101
7918,22652,1101
7918,22652,1101
7918,22652,1101
7918,22652,1101
7918,22652,1101
7918,22652,1101
7918,22652,1101
7918,22652,1101
7918,22652,1101
7918,22652,1101
7918,22652,1101
7918,22652,1101
7918,22652,1101
7918,22652,1101
7918,22652,1101
7918,22652,1101
8235,11394,1101
8327,13995,1101
8327,13995,1101
8327,13995,1101
8327,13995,1101
8327,13995,1101
8327,13995,1101
8327,13995,1101
8327,13995,1101
8327,13995,1101
8327,13995,1101
8327,13995,1101
8327,13995,1101
8327,13995,1101
8327,13995,1101
8327,13995,1101
8327,13995,1101
8327,13995,1101
8327,13995,1101
8327,13995,1101
8327,13995,1101
8327,13995,1101
8327,13995,1101
8327,13995,1101
8327,17981,1101
8327,17981,1101
8770,13929,1101
8770,18284,1101
8770,18284,1101
8770,18284,1101
8770,18284,1101
8770,18284,1101
8770,18284,1101
8770,18284,1101
8770,18284,1101
8770,18284,1101
8770,18284,1101
8770,18284,1101
8770,18284,1101
8770,18284,1101
8770,18284,1101
8770,18284,1101
8770,18284,1101
8770,18284,1101
8770,18284,1101
8770,18284,1101
8770,18284,1101
8770,18284,1101
8770,18284,1101
8770,18284,1101
8770,18284,1101
8770,18284,1101
8770,18284,1101
8777,1739,1101
8777,21136,1101
8777,21136,1101
8777,21136,1101
8777,21136,1101
8777,21136,1101
8777,21136,1101
8777,21136,1101
8777,21136,1101
8777,21136,1101
8777,21136,1101
8777,21136,1101
8777,21136,1101
8777,21136,1101
8777,21136,1101
8777,21136,1101
8777,21136,1101
8777,21136,1101
8777,21136,1101
8777,21136,1101
8777,21136,1101
8777,21136,1101
8777,21136,1101
8777,21136,1101
8777,21136,1101
8777,21136,1101
8777,21136,1101
8777,21136,1101
8777,21136,1101
8777,21136,1101
8777,21136,1101
8777,21136,1101
8777,21136,1101
8777,21136,1101
8777,21136,1101
8777,21136,1101
8777,21136,1101
8777,21136,1101
8777,21136,1101
8777,21136,1101
8777,21136,1101
8777,21136,1101
8777,21136,1101
8777,21136,1101
8777,21136,1101
8777,21136,1101
8777,21136,1101
8777,21136,1101
8777,21136,1101
7765,23981,1102
7765,23981,1102
7765,23981,1102
7765,23981,1102
7765,23981,1102
7765,23981,1102
7765,23981,1102
7765,23981,1102
7765,23981,1102
7765,23981,1102
7765,23981,1102
7765,23981,1102
7918,14537,1102
7918,14544,1102
7918,14544,1102
7918,14544,1102
7918,14544,1102
7918,14544,1102
7918,14544,1102
7918,14544,1102
7918,14544,1102
7918,14544,1102
7918,14544,1102
7918,14544,1102
7918,14544,1102
8327,15359,1102
8327,15359,1102
8327,15359,1102
8327,15359,1102
8327,15359,1102
8327,15359,1102
8327,15359,1102
8327,15359,1102
8327,15359,1102
8327,15359,1102
8327,15359,1102
8327,15359,1102
8327,15359,1102
8327,15359,1102
8327,15359,1102
8327,15359,1102
8327,15359,1102
8327,15359,1102
8770,11595,1102
8770,11595,1102
8770,18284,1102
8770,18284,1102
8770,18284,1102
8770,18284,1102
8770,18284,1102
8770,18284,1102
8770,18284,1102
8770,18284,1102
8770,18284,1102
8770,18284,1102
8770,18284,1102
8770,18284,1102
8770,18284,1102
8770,18284,1102
8770,18284,1102
8770,18284,1102
8770,18284,1102
8770,18284,1102
8770,18284,1102
8770,18284,1102
8770,18284,1102
8770,18284,1102
8770,18284,1102
8770,18284,1102
8770,18284,1102
8770,18284,1102
8777,1739,1102
8777,1739,1102
8777,1739,1102
8777,15026,1102
8777,15026,1102
8777,15026,1102
8777,15026,1102
8777,15026,1102
8777,15026,1102
8777,15026,1102
8777,15026,1102
8777,15026,1102
8777,15026,1102
8777,15026,1102
8777,15026,1102
8777,15026,1102
8777,15026,1102
8777,15026,1102
8777,21136,1102
10851,7897,1102
7765,23981,1103
7765,23981,1103
7765,23981,1103
7765,23981,1103
7765,23981,1103
7765,23981,1103
7765,23981,1103
7765,23981,1103
7765,23981,1103
7765,23981,1103
7765,23981,1103
7765,23981,1103
7765,23981,1103
7765,23981,1103
7765,23981,1103
7765,23981,1103
7765,23981,1103
7765,23981,1103
7765,23981,1103
7765,23981,1103
7918,25290,1103
8770,20356,1103
8770,20356,1103
8770,20356,1103
8770,20356,1103
8770,20356,1103
8770,20356,1103
8777,1739,1103
8777,15026,1103
8777,15026,1103
8777,15026,1103
8777,15026,1103
8777,15026,1103
8777,15026,1103
8777,15026,1103
8777,17561,1103
8777,17561,1103
7577,9766,1104
7706,11443,1104
7765,21550,1104
7765,21550,1104
7918,17948,1104
7918,17948,1104
7918,17948,1104
7918,17948,1104
7918,17948,1104
7918,17948,1104
7918,17948,1104
7918,17948,1104
7918,17948,1104
7918,17948,1104
7918,17948,1104
7918,17948,1104
7918,17948,1104
7918,20228,1104
8236,2405,1104
8236,10658,1104
8327,15359,1104
8777,15026,1104
8777,15026,1104
8777,15026,1104
8777,15026,1104
8777,15026,1104
8777,15026,1104
8777,15026,1104
8777,15026,1104
8777,15026,1104
8777,15026,1104
8777,15026,1104
8777,15026,1104
8777,15026,1104
8777,15026,1104
8777,15026,1104
7765,20157,1105
7765,20157,1105
7765,20157,1105
8215,18142,1105
8215,18142,1105
8215,18142,1105
8215,18142,1105
8215,18142,1105
8215,18142,1105
8215,18142,1105
8215,18142,1105
8215,18142,1105
8215,18142,1105
8215,18142,1105
8215,18142,1105
8215,18142,1105
8215,18142,1105
8215,18142,1105
8215,18142,1105
8215,18142,1105
8215,18142,1105
8215,18142,1105
8215,18142,1105
8215,18142,1105
8215,22601,1105
8236,12096,1105
8236,12096,1105
8236,12096,1105
8236,12096,1105
8236,14366,1105
8236,14366,1105
8236,14366,1105
8236,14366,1105
8236,18551,1105
8236,18551,1105
8236,18551,1105
8236,18551,1105
8236,18551,1105
8236,18551,1105
8236,18551,1105
8236,18551,1105
8236,18551,1105
8236,18551,1105
8236,18551,1105
8236,18551,1105
8236,18551,1105
8236,18551,1105
8236,18551,1105
8236,18551,1105
8236,18551,1105
8236,18551,1105
8236,18551,1105
8327,15359,1105
8327,18610,1105
8327,18610,1105
8327,18610,1105
8327,18610,1105
8327,18610,1105
8327,18610,1105
8327,18610,1105
8327,18610,1105
8327,18610,1105
8327,18610,1105
8327,18610,1105
8327,18610,1105
8327,18610,1105
8327,18610,1105
8327,24007,1105
8327,24007,1105
8327,24007,1105
8327,24007,1105
8327,24007,1105
8327,24007,1105
8327,24007,1105
8327,24007,1105
8327,24007,1105
8327,24007,1105
8327,24007,1105
8327,24007,1105
8327,24007,1105
8327,24007,1105
8327,24007,1105
8327,24007,1105
8327,24007,1105
8327,24007,1105
8327,24007,1105
8327,24007,1105
8327,24007,1105
8327,24007,1105
8327,24007,1105
8327,24007,1105
8327,24007,1105
8327,24007,1105
8327,24007,1105
8327,24007,1105
8327,24007,1105
8770,18391,1105
8770,18391,1105
8770,18391,1105
8770,18391,1105
8770,18391,1105
8770,18391,1105
8770,18391,1105
8770,18391,1105
8770,18391,1105
8770,18391,1105
8770,18391,1105
8770,18391,1105
8770,18391,1105
8770,18391,1105
8770,18391,1105
8770,18391,1105
8770,18391,1105
8770,18391,1105
8770,18393,1105
8770,18393,1105
8770,18393,1105
8770,18393,1105
8770,18393,1105
8770,18393,1105
8770,18393,1105
8770,18393,1105
8770,18393,1105
8770,18393,1105
8770,18393,1105
8770,18393,1105
8770,18393,1105
8770,18393,1105
8770,18393,1105
8770,18393,1105
8770,18393,1105
8770,18393,1105
8770,18393,1105
8770,18393,1105
8770,18393,1105
8770,18393,1105
8770,18393,1105
8770,18393,1105
8770,18393,1105
8777,17560,1105
8777,17560,1105
8777,17560,1105
8777,17560,1105
8777,17560,1105
8777,17560,1105
8777,17560,1105
8777,17560,1105
8777,17560,1105
8777,17560,1105
8777,17560,1105
8777,17560,1105
8777,17560,1105
7577,9765,1106
7918,25290,1106
8215,2595,1106
8215,2595,1106
8215,2595,1106
8215,2595,1106
8215,2595,1106
8215,2595,1106
8215,2595,1106
8215,2595,1106
8215,2595,1106
8215,2595,1106
8215,2595,1106
8215,18142,1106
8215,18142,1106
8215,18142,1106
8215,18142,1106
8215,18142,1106
8215,18142,1106
8215,18142,1106
8215,18142,1106
8215,18142,1106
8215,18142,1106
8215,18142,1106
8215,18142,1106
8236,12096,1106
8236,12096,1106
8236,12096,1106
8236,12096,1106
8236,12096,1106
8236,14366,1106
8236,14366,1106
8236,14366,1106
8236,14366,1106
8236,16837,1106
8236,16837,1106
8236,21648,1106
8236,21648,1106
8236,21648,1106
8236,21648,1106
8236,21648,1106
8327,13291,1106
8327,13291,1106
8327,13291,1106
8327,13291,1106
8327,14022,1106
8327,18610,1106
8327,18610,1106
8327,18610,1106
8327,18610,1106
8327,18610,1106
8327,18610,1106
8327,18610,1106
8327,18610,1106
8327,18610,1106
8327,18610,1106
8327,18610,1106
8777,13934,1106
8777,14085,1106
8777,14085,1106
8777,14085,1106
7577,9765,1107
8215,2595,1107
8215,2595,1107
8215,2595,1107
8236,14366,1107
8770,18391,1107
8770,18391,1107
8770,18391,1107
8770,18391,1107
8770,18391,1107
8770,18391,1107
8770,18391,1107
8770,18391,1107
8770,18391,1107
8770,18391,1107
8770,18391,1107
8770,18391,1107
8770,18391,1107
8770,18391,1107
8770,18391,1107
8770,18391,1107
8770,18391,1107
8770,18391,1107
8770,18391,1107
8770,18391,1107
8770,18391,1107
8770,18391,1107
8770,18391,1107
8770,19732,1107
8770,19732,1107
8777,13934,1107
8777,13955,1107
8777,14085,1107
8777,14085,1107
7765,20157,1108
7765,20157,1108
7765,20157,1108
7765,20157,1108
7765,20157,1108
7765,20157,1108
7765,20157,1108
7765,20157,1108
7765,20157,1108
7918,14537,1108
8770,23862,1108
8770,23862,1108
8770,24409,1108
8770,24409,1108
8770,24409,1108
8770,24409,1108
8770,24409,1108
8770,24409,1108
8770,24409,1108
8770,24409,1108
8770,24409,1108
8770,24409,1108
8770,24409,1108
8770,24409,1108
8770,24409,1108
8770,24409,1108
8770,24409,1108
8770,24409,1108
8770,24409,1108
8770,24409,1108
8770,24409,1108
8777,13934,1108
8777,13934,1108
8777,13934,1108
8777,13934,1108
8777,14085,1108
8777,21550,1108
8777,21550,1108
9763,9764,1108
10658,8236,1108
2405,8236,1109
7577,11237,1109
7765,20152,1109
7765,20228,1109
7765,25343,1109
7765,25343,1109
7765,25343,1109
7765,25343,1109
7765,25343,1109
7765,25343,1109
7765,25343,1109
7765,25343,1109
7765,25343,1109
7765,25343,1109
7765,25343,1109
7918,18575,1109
7918,18575,1109
7918,18575,1109
8236,22601,1109
8770,21154,1109
8770,23862,1109
8770,24409,1109
11101,8215,1109
11237,7765,1109
11237,7897,1109
11237,8017,1109
11237,8215,1109
11237,8236,1109
7765,11237,1110
7765,11237,1110
7918,18575,1110
8215,21136,1110
8215,21136,1110
8215,21136,1110
8215,21136,1110
8215,21136,1110
8215,21136,1110
8215,21136,1110
8215,21136,1110
8215,21136,1110
8215,21136,1110
8215,21136,1110
8215,21136,1110
8215,21136,1110
8215,21136,1110
8215,21136,1110
8215,21136,1110
8215,21136,1110
8215,21136,1110
8215,21136,1110
8215,21136,1110
8215,21136,1110
8215,21136,1110
8215,21136,1110
8215,21136,1110
8215,21136,1110
8215,21136,1110
8215,21136,1110
8215,21136,1110
8215,21136,1110
8215,21136,1110
8215,21136,1110
8215,21136,1110
8215,21136,1110
8215,21136,1110
8215,21136,1110
8215,21136,1110
8215,21136,1110
8215,21136,1110
8215,21136,1110
8215,21136,1110
8215,21136,1110
8215,21136,1110
8215,21136,1110
8215,21136,1110
8215,21136,1110
8215,21136,1110
8215,21136,1110
8215,21136,1110
8215,21136,1110
8215,21136,1110
8215,21136,1110
8215,21136,1110
8215,21136,1110
8215,21136,1110
8215,21136,1110
8777,22602,1110
7765,20157,1111
7765,20157,1111
7765,20157,1111
7765,20157,1111
7765,20157,1111
7765,20157,1111
7765,20157,1111
7765,20157,1111
7765,20157,1111
7765,25343,1111
7765,25343,1111
7765,25343,1111
7765,25343,1111
7765,25343,1111
7765,25343,1111
7765,25343,1111
7918,18535,1111
8215,21136,1111
8215,21136,1111
8215,21136,1111
8215,21136,1111
8215,21136,1111
8215,21136,1111
8215,21136,1111
8215,21136,1111
8215,21136,1111
8215,21136,1111
8215,21136,1111
8215,21136,1111
8215,21136,1111
8215,21136,1111
8215,21136,1111
8215,21136,1111
8215,21136,1111
8215,21136,1111
8215,21136,1111
8215,21136,1111
8215,21136,1111
8215,21136,1111
8215,21136,1111
8215,21136,1111
8215,21136,1111
8215,21136,1111
8215,21136,1111
8215,21136,1111
8236,18535,1111
7765,20157,1112
7918,16124,1112
7918,16124,1112
8215,21136,1112
8215,21136,1112
8215,21136,1112
8215,21136,1112
8215,21136,1112
8215,21136,1112
8215,21136,1112
8215,21136,1112
8215,21136,1112
8215,21136,1112
8215,21136,1112
8215,21136,1112
8215,21136,1112
8215,21136,1112
8215,21136,1112
8215,21136,1112
8215,21136,1112
8215,21136,1112
8215,21136,1112
8215,21136,1112
8215,21136,1112
8215,21136,1112
8215,21136,1112
8215,21136,1112
8215,21136,1112
8215,21136,1112
8215,21136,1112
8215,21136,1112
8215,21136,1112
8215,21136,1112
8215,21136,1112
8215,21136,1112
8215,21136,1112
8215,21136,1112
8215,21136,1112
8236,4670,1112
8236,4670,1112
8236,4670,1112
8236,4670,1112
8236,4670,1112
8236,4670,1112
8236,4670,1112
8236,4670,1112
8236,4670,1112
8236,4670,1112
8236,4670,1112
8236,4670,1112
8236,4670,1112
8236,4670,1112
8236,4670,1112
8236,4670,1112
8236,4670,1112
8236,4670,1112
8236,4670,1112
8236,4670,1112
8236,4670,1112
8236,4670,1112
8236,4670,1112
8236,4670,1112
8236,4670,1112
8236,4670,1112
8236,4670,1112
8236,4670,1112
8236,4670,1112
8236,4670,1112
8236,4670,1112
8236,4670,1112
8236,4670,1112
8236,4670,1112
8236,4670,1112
8236,4670,1112
8236,4670,1112
8236,4670,1112
8236,4670,1112
8236,4670,1112
8327,13291,1112
8327,13291,1112
8327,13291,1112
8327,13291,1112
8327,14022,1112
8770,23862,1112
8770,23862,1112
8770,24409,1112
8770,24409,1112
8770,24409,1112
8770,24409,1112
8770,24409,1112
8770,24409,1112
8770,24409,1112
8770,24409,1112
8770,24409,1112
8770,24409,1112
8770,24409,1112
8770,24409,1112
8770,24409,1112
8770,24409,1112
8770,24409,1112
8770,24409,1112
8770,24409,1112
8770,24409,1112
8770,24409,1112
8770,24409,1112
8770,24409,1112
8770,24409,1112
8770,24409,1112
8770,24409,1112
8777,11541,1112
8777,14500,1112
8777,18147,1112
8777,18147,1112
8777,18147,1112
8777,18147,1112
8777,18147,1112
8777,18147,1112
8777,18147,1112
8777,18147,1112
8777,18147,1112
8777,18147,1112
8777,18147,1112
8777,18147,1112
8777,18147,1112
8777,18147,1112
8777,18147,1112
7577,11443,1113
7765,20157,1113
7765,20157,1113
7765,20157,1113
7765,20157,1113
7765,20157,1113
7765,20157,1113
7765,20157,1113
7765,20157,1113
7765,20157,1113
8117,11443,1113
8215,18321,1113
8215,22652,1113
8215,22652,1113
8215,22652,1113
8215,22652,1113
8215,22652,1113
8215,22652,1113
8215,22652,1113
8215,22652,1113
8215,22652,1113
8215,22652,1113
8215,22652,1113
8215,22652,1113
8215,22652,1113
8215,22652,1113
8215,22652,1113
8215,22652,1113
8215,22652,1113
8215,22652,1113
8215,22652,1113
8215,22652,1113
8215,22652,1113
8215,22652,1113
8215,22652,1113
8215,22652,1113
8215,22652,1113
8215,22652,1113
8215,22652,1113
8215,22652,1113
8215,22652,1113
8215,22652,1113
8215,22652,1113
8215,22652,1113
8770,1335,1113
8770,1335,1113
8770,1335,1113
8770,1335,1113
8770,1335,1113
8770,1335,1113
8777,11538,1113
8777,11538,1113
8777,11538,1113
8777,11538,1113
8777,11538,1113
8777,11541,1113
8777,11541,1113
11443,7751,1113
11443,8117,1113
11443,8235,1113
7918,16124,1114
8236,11237,1114
8770,1335,1114
8770,1335,1114
8770,1335,1114
8770,1335,1114
8770,1335,1114
8770,1335,1114
8770,1335,1114
8770,17269,1114
8770,17269,1114
8770,17269,1114
8770,17269,1114
8770,17269,1114
8770,17269,1114
8770,17269,1114
8770,17269,1114
8770,17269,1114
8770,17269,1114
8770,17269,1114
8770,17269,1114
8770,17269,1114
8770,17269,1114
8770,17269,1114
8770,18390,1114
8770,18390,1114
8770,18390,1114
8770,18390,1114
8770,18390,1114
8770,18390,1114
8770,18390,1114
8770,18390,1114
8770,18390,1114
8770,18390,1114
8770,18390,1114
8770,18390,1114
8770,18390,1114
7765,20157,1115
7765,20157,1115
7765,20157,1115
7765,20157,1115
7918,25507,1115
7918,25507,1115
7918,25507,1115
7918,25507,1115
7918,25507,1115
7918,25507,1115
7918,25507,1115
7918,25507,1115
7918,25507,1115
7918,25507,1115
7918,25507,1115
7918,25507,1115
7918,25507,1115
7918,25507,1115
7918,25507,1115
7918,25507,1115
7918,25508,1115
8215,14537,1115
8215,14544,1115
8215,14544,1115
8215,14544,1115
8215,14544,1115
8215,14544,1115
8215,14544,1115
8215,14544,1115
8215,14544,1115
8215,14544,1115
8215,14544,1115
8215,14544,1115
8215,14544,1115
8215,25290,1115
8327,18610,1115
8327,18610,1115
8327,18610,1115
8327,18610,1115
8327,18610,1115
8327,18610,1115
8327,18610,1115
8327,18610,1115
8327,18610,1115
8327,18610,1115
8327,18610,1115
8327,18610,1115
8327,18610,1115
8327,18610,1115
8327,18610,1115
8327,18610,1115
8327,18610,1115
8327,18610,1115
8327,18610,1115
8327,18610,1115
8327,18610,1115
8327,18610,1115
8620,15597,1115
8620,15600,1115
8620,15601,1115
8620,15601,1115
8620,15601,1115
8620,15601,1115
8620,15601,1115
8620,15601,1115
8620,15601,1115
8620,15601,1115
8620,15601,1115
8620,15601,1115
8620,15601,1115
8620,15601,1115
8620,15601,1115
8620,15601,1115
8620,15601,1115
8620,15601,1115
8620,15601,1115
8620,15601,1115
8620,15601,1115
8620,15601,1115
8620,15601,1115
8620,15601,1115
8620,15601,1115
8620,15601,1115
8620,15601,1115
8620,15601,1115
8620,15601,1115
8620,15601,1115
8620,15601,1115
8620,15601,1115
8620,15601,1115
8620,15601,1115
8620,15601,1115
8620,15601,1115
8620,15601,1115
8620,15601,1115
8620,15601,1115
8620,15609,1115
8620,15609,1115
8620,15810,1115
8770,17269,1115
8770,17269,1115
8770,17269,1115
8770,17269,1115
8770,17269,1115
8770,17269,1115
8770,17269,1115
8770,17269,1115
8770,17269,1115
8770,17269,1115
8770,17269,1115
8770,17269,1115
8770,17269,1115
8770,17269,1115
8770,17269,1115
8770,17269,1115
8770,17269,1115
8770,17269,1115
8770,17269,1115
8770,17269,1115
8770,17269,1115
8770,17269,1115
8770,17269,1115
8770,17269,1115
8770,17269,1115
8770,17269,1115
8770,17269,1115
8770,17269,1115
8770,17269,1115
8770,17269,1115
8770,17269,1115
8770,17269,1115
8770,17269,1115
8770,17269,1115
8770,17269,1115
8770,17269,1115
8770,17269,1115
8770,17269,1115
8770,17269,1115
8770,17269,1115
8770,17269,1115
8770,17269,1115
8770,17269,1115
8770,17269,1115
8770,17269,1115
8770,17269,1115
8770,17269,1115
8770,17269,1115
8770,17269,1115
8770,17269,1115
8770,17269,1115
8777,16837,1115
8777,16837,1115
8777,16837,1115
8777,16837,1115
8777,16837,1115
8777,16837,1115
8777,16837,1115
8777,16837,1115
8777,16837,1115
8777,16837,1115
8777,16837,1115
8777,16837,1115
8777,16837,1115
8777,16837,1115
8777,16837,1115
8777,16837,1115
8777,16837,1115
8777,16842,1115
8777,16844,1115
8777,16845,1115
8777,21636,1115
7765,11443,1116
7765,15643,1116
7765,25116,1116
7765,25116,1116
7765,25116,1116
7765,25116,1116
7765,25116,1116
7765,25116,1116
7765,25116,1116
7765,25116,1116
7765,25116,1116
7765,25116,1116
7765,25116,1116
7765,25116,1116
7765,25116,1116
7765,25116,1116
7765,25117,1116
7765,25117,1116
7765,25117,1116
7765,25117,1116
7765,25117,1116
7765,25117,1116
7765,25117,1116
7765,25117,1116
7918,25507,1116
7918,25507,1116
7918,25507,1116
7918,25507,1116
7918,25507,1116
7918,25507,1116
7918,25507,1116
8215,17948,1116
8215,17948,1116
8215,17948,1116
8215,17948,1116
8215,17948,1116
8215,17948,1116
8215,17948,1116
8215,17948,1116
8215,17948,1116
8215,17948,1116
8215,17948,1116
8215,17948,1116
8215,17948,1116
8215,20228,1116
8215,25290,1116
8236,4670,1116
8236,12618,1116
8236,12618,1116
8236,14366,1116
8236,14555,1116
8236,14555,1116
8236,14555,1116
8236,14555,1116
8236,14555,1116
8236,14555,1116
8236,14555,1116
8274,2299,1116
8274,2299,1116
8274,2299,1116
8274,2299,1116
8327,18610,1116
8327,18610,1116
8327,18610,1116
8327,18610,1116
8327,18610,1116
8327,18610,1116
8327,18610,1116
8327,18610,1116
8327,18610,1116
8327,18610,1116
8327,18610,1116
8620,15597,1116
8620,15600,1116
8620,15601,1116
8620,15601,1116
8620,15601,1116
8620,15601,1116
8620,15601,1116
8620,15601,1116
8620,15601,1116
8620,15601,1116
8620,15601,1116
8620,15601,1116
8620,15601,1116
8620,15601,1116
8620,15601,1116
8620,15601,1116
8620,15601,1116
8620,15601,1116
8620,15601,1116
8620,15601,1116
8620,15601,1116
8620,15601,1116
8620,15601,1116
8620,15601,1116
8620,15601,1116
8620,15601,1116
8620,15601,1116
8620,15601,1116
8620,15601,1116
8620,15601,1116
8620,15601,1116
8620,15601,1116
8620,15601,1116
8620,15601,1116
8620,15609,1116
8620,15609,1116
8770,17269,1116
8770,17269,1116
8770,17269,1116
8770,17269,1116
8770,17269,1116
8770,17269,1116
8770,17269,1116
8770,17269,1116
8770,17269,1116
8770,17269,1116
8770,17269,1116
8770,17269,1116
8770,17269,1116
8770,17269,1116
8777,16837,1116
8777,24784,1116
8215,14537,1117
8274,2299,1117
8274,2299,1117
8274,2299,1117
8274,2299,1117
8274,2299,1117
8274,2299,1117
8274,2299,1117
8274,2299,1117
8274,2299,1117
8274,2299,1117
8274,2299,1117
8274,2299,1117
8274,2299,1117
8274,2299,1117
8274,2299,1117
8274,2299,1117
8274,2299,1117
8274,2299,1117
8274,2299,1117
8274,2299,1117
8274,2299,1117
8274,2299,1117
8274,2299,1117
8274,2299,1117
8274,2299,1117
8274,2299,1117
8274,2299,1117
8274,2299,1117
8274,2299,1117
8274,2299,1117
8274,2299,1117
8274,2299,1117
8327,18610,1117
8327,18610,1117
8327,18610,1117
8327,18610,1117
8327,18610,1117
8327,18610,1117
8327,18610,1117
8327,18610,1117
8327,18610,1117
8327,18610,1117
8327,18610,1117
8620,15597,1117
8620,15600,1117
8620,15601,1117
8620,15601,1117
8620,15601,1117
8620,15601,1117
8620,15601,1117
8620,15601,1117
8620,15601,1117
8620,15601,1117
8620,15601,1117
8620,15601,1117
8620,15601,1117
8620,15601,1117
8620,15601,1117
8620,15601,1117
8620,15601,1117
8620,15601,1117
8620,15601,1117
8620,15601,1117
8620,15601,1117
8620,15601,1117
8620,15601,1117
8620,15601,1117
8620,15601,1117
8620,15601,1117
8620,15601,1117
8620,15601,1117
8620,15601,1117
8620,15601,1117
8620,15601,1117
8620,15601,1117
8620,15601,1117
8620,15601,1117
8620,15601,1117
8620,15609,1117
8620,15609,1117
8620,18535,1117
7706,11394,1118
7765,4481,1118
7765,4481,1118
7765,4481,1118
7765,4481,1118
7765,25117,1118
7765,25117,1118
7765,25117,1118
7765,25117,1118
7765,25117,1118
7765,25117,1118
7918,16933,1118
7918,16933,1118
7918,16933,1118
7918,16933,1118
7918,16933,1118
7918,16933,1118
7918,16933,1118
7918,16933,1118
8236,19791,1118
8327,22601,1118
8620,18535,1118
8620,18535,1118
8620,18535,1118
8620,18535,1118
8620,18535,1118
9763,9764,1118
8215,18575,1119
8215,18575,1119
8215,18575,1119
8236,14555,1119
8327,18513,1119
8327,18513,1119
8327,18513,1119
8327,18513,1119
8327,18513,1119
8327,18513,1119
8327,18513,1119
8327,18513,1119
8327,18513,1119
8327,18610,1119
8327,18610,1119
8327,18610,1119
8327,18610,1119
8327,18610,1119
8327,18610,1119
8327,18610,1119
8327,18610,1119
8327,18610,1119
8327,18610,1119
8327,18610,1119
8327,18610,1119
8327,18610,1119
8327,18610,1119
8327,18610,1119
8327,18610,1119
8327,18610,1119
8327,18610,1119
8327,18610,1119
8327,18610,1119
8327,18610,1119
8327,18610,1119
8327,18610,1119
8327,18610,1119
7577,9766,1120
7751,3396,1120
7751,3396,1120
7751,3396,1120
7751,3396,1120
7751,3403,1120
7751,3403,1120
7751,3403,1120
7751,3403,1120
7751,3403,1120
7751,3403,1120
7751,3403,1120
7751,3403,1120
7751,3403,1120
7751,3403,1120
7751,3403,1120
7765,4481,1120
7765,4481,1120
7765,4481,1120
7765,4481,1120
7765,4481,1120
7765,4481,1120
7918,25507,1120
7918,25507,1120
7918,25507,1120
7918,25507,1120
8236,1761,1120
8236,1761,1120
8236,1761,1120
8236,1761,1120
8236,1761,1120
8236,1761,1120
8236,1761,1120
8236,1761,1120
8236,1761,1120
8236,1761,1120
8236,1761,1120
8236,1761,1120
8236,1761,1120
8236,1761,1120
8236,1761,1120
8236,1761,1120
8236,1761,1120
8236,1761,1120
8236,1761,1120
8236,1761,1120
8236,1761,1120
8236,1761,1120
8236,1761,1120
8236,1761,1120
8236,1761,1120
8236,1761,1120
8236,1761,1120
8236,1761,1120
8236,1761,1120
8236,1761,1120
8236,1761,1120
8236,1761,1120
8236,1761,1120
8236,1762,1120
8274,18535,1120
8327,2595,1120
8327,2595,1120
8327,2595,1120
8327,2595,1120
8327,2595,1120
8327,2595,1120
8327,2595,1120
8327,2595,1120
8327,2595,1120
8327,2595,1120
8327,2595,1120
8327,12096,1120
8327,12096,1120
8327,12096,1120
8327,12096,1120
8327,14366,1120
8327,14366,1120
8327,14366,1120
8327,14366,1120
8327,18513,1120
7706,10658,1121
7751,3396,1121
7751,3403,1121
7751,3403,1121
7751,3403,1121
7751,3403,1121
7751,3403,1121
7751,3403,1121
7751,3403,1121
7751,3403,1121
7751,3403,1121
7751,3403,1121
7751,3403,1121
7751,3403,1121
7751,3405,1121
7765,4481,1121
7765,4481,1121
7765,4481,1121
7765,4481,1121
7918,16793,1121
7918,16793,1121
7918,16793,1121
7918,16793,1121
7918,16793,1121
7918,16793,1121
7918,16793,1121
7918,16793,1121
7918,16793,1121
7918,16793,1121
7918,16793,1121
7918,16793,1121
7918,16793,1121
7918,16793,1121
7918,16793,1121
7918,16793,1121
8235,11443,1121
8236,1760,1121
8236,1760,1121
8236,1760,1121
8236,1760,1121
8236,1760,1121
8236,1760,1121
8236,1760,1121
8236,1760,1121
8236,1760,1121
8236,1760,1121
8236,1760,1121
8236,1760,1121
8236,1760,1121
8236,1761,1121
8236,1761,1121
8236,1761,1121
8236,1761,1121
8236,1761,1121
8236,1761,1121
8236,1761,1121
8236,1761,1121
8236,1761,1121
8236,1761,1121
8236,1761,1121
8236,1761,1121
8236,1761,1121
8236,1761,1121
8236,1761,1121
8236,1761,1121
8236,1761,1121
8236,1761,1121
8236,1761,1121
8327,12096,1121
8327,12096,1121
8327,14369,1121
8327,18513,1121
8327,18513,1121
8327,18513,1121
8327,19416,1121
8327,19416,1121
8327,19416,1121
8327,19416,1121
8327,19416,1121
8327,19416,1121
8327,19416,1121
8327,19416,1121
8327,19416,1121
8327,19416,1121
8327,19416,1121
8327,19416,1121
8327,19416,1121
8327,19416,1121
8327,19416,1121
8327,19416,1121
8327,19416,1121
8327,19416,1121
8327,19416,1121
8327,19416,1121
8327,19416,1121
8327,19416,1121
8327,19416,1121
8327,19416,1121
8327,19416,1121
8327,19416,1121
8327,19416,1121
8327,19416,1121
8327,19416,1121
8327,19416,1121
8327,19416,1121
8327,19416,1121
8327,19416,1121
8327,19416,1121
8327,19416,1121
8327,19416,1121
8327,19416,1121
8327,19416,1121
8327,19416,1121
8327,19416,1121
8327,19416,1121
8327,19416,1121
8327,19416,1121
8327,19416,1121
8777,1493,1121
8777,1493,1121
8777,1493,1121
8777,1493,1121
8777,1493,1121
8777,1493,1121
8777,1493,1121
8777,1493,1121
8777,1493,1121
8777,1493,1121
8777,1493,1121
8777,1493,1121
7751,3396,1122
7751,3396,1122
7751,3396,1122
7751,3396,1122
7751,3403,1122
7751,3403,1122
7751,3403,1122
7751,3403,1122
7751,3403,1122
7751,3403,1122
7751,3403,1122
7751,3403,1122
7751,3403,1122
7751,3403,1122
7751,3403,1122
7918,16793,1122
7918,16793,1122
7918,16793,1122
7918,16793,1122
7918,16793,1122
7918,16793,1122
7918,16793,1122
7918,16793,1122
7918,16793,1122
7918,16793,1122
8215,18575,1122
8327,18610,1122
8327,18610,1122
8327,18610,1122
8327,18610,1122
8327,18610,1122
8327,18610,1122
8327,18610,1122
8327,18610,1122
8327,18610,1122
8327,18610,1122
8327,18610,1122
8327,18610,1122
8327,19416,1122
8327,19416,1122
8327,19416,1122
8770,19384,1122
8770,19384,1122
8770,19384,1122
8770,19384,1122
8770,19384,1122
8770,19384,1122
8770,19384,1122
8770,19384,1122
8770,19384,1122
8770,19384,1122
8770,19384,1122
8770,19384,1122
8770,19384,1122
8770,19384,1122
8770,19384,1122
8770,19384,1122
8770,19384,1122
8770,19384,1122
8770,19384,1122
8770,19384,1122
8770,19933,1122
8770,19933,1122
7765,4481,1123
7765,4481,1123
7765,4481,1123
7765,4481,1123
7765,4481,1123
7765,4481,1123
7765,4481,1123
7765,4481,1123
7765,4481,1123
7765,4481,1123
7918,16793,1123
7918,16793,1123
7918,16793,1123
7918,16793,1123
7918,16793,1123
7918,16793,1123
7918,16793,1123
7918,16793,1123
7918,16793,1123
7918,16793,1123
7918,16793,1123
7918,16793,1123
7918,16793,1123
7918,16793,1123
7918,16793,1123
7918,16793,1123
7918,16793,1123
7918,16793,1123
7918,16793,1123
7918,16793,1123
8215,18535,1123
8327,15643,1123
8327,19416,1123
8327,19416,1123
8327,19416,1123
8327,19416,1123
8327,19416,1123
8327,19416,1123
8327,19416,1123
8327,19416,1123
8327,19416,1123
8327,19416,1123
8327,21693,1123
8327,21693,1123
8327,21693,1123
8327,21693,1123
8327,21693,1123
8327,21693,1123
8327,21693,1123
8327,21693,1123
8327,21693,1123
8327,21693,1123
8327,21693,1123
8327,21693,1123
8327,24034,1123
8327,24034,1123
8327,24034,1123
8327,24034,1123
8327,24034,1123
8327,24034,1123
8327,24034,1123
8327,24034,1123
8327,24034,1123
8327,24034,1123
8327,24034,1123
8327,24034,1123
8327,24034,1123
8327,24034,1123
8327,24034,1123
8327,24034,1123
8327,24034,1123
8327,24034,1123
8327,24034,1123
8327,24034,1123
8327,24034,1123
8327,24034,1123
8327,24034,1123
8327,24034,1123
8327,24034,1123
8327,24034,1123
8327,24034,1123
8327,24034,1123
8770,14502,1123
8770,14502,1123
8770,14502,1123
8770,14502,1123
8770,14502,1123
8770,14502,1123
8770,14502,1123
8770,14502,1123
8770,14502,1123
8770,19384,1123
8770,19384,1123
8770,19384,1123
8770,19384,1123
8777,1493,1123
8777,1493,1123
8777,1493,1123
7751,3396,1124
7751,3403,1124
7751,3403,1124
7751,3403,1124
7751,3403,1124
7751,3403,1124
7751,3403,1124
7751,3403,1124
7751,3403,1124
7751,3403,1124
7751,3403,1124
7751,3403,1124
7751,3403,1124
7765,4481,1124
7765,4481,1124
7765,4481,1124
7765,4481,1124
7765,4481,1124
7765,4481,1124
7765,4481,1124
7765,4481,1124
7765,4481,1124
7765,4481,1124
7765,4481,1124
7765,4481,1124
7765,14954,1124
7765,14954,1124
7765,14954,1124
7765,14954,1124
7765,14954,1124
7765,14954,1124
7765,14954,1124
7765,14954,1124
7765,14954,1124
7765,24659,1124
7765,24659,1124
7765,24659,1124
7765,24659,1124
7765,24659,1124
7765,24659,1124
7765,24659,1124
7765,24659,1124
7765,24659,1124
7918,10969,1124
7918,10969,1124
7918,10969,1124
7918,10969,1124
7918,10969,1124
7918,10969,1124
7918,10969,1124
7918,10969,1124
7918,10969,1124
7918,10969,1124
7918,10969,1124
7918,10969,1124
8215,16124,1124
8215,16124,1124
8215,16124,1124
8215,25507,1124
8215,25507,1124
8215,25507,1124
8215,25507,1124
8215,25507,1124
8215,25507,1124
8215,25507,1124
8215,25507,1124
8215,25507,1124
8215,25507,1124
8215,25507,1124
8215,25507,1124
8215,25507,1124
8215,25507,1124
8215,25507,1124
8215,25507,1124
8215,25508,1124
8236,21359,1124
8236,21359,1124
8327,19416,1124
8327,19416,1124
8327,19416,1124
8327,19416,1124
8327,19416,1124
8327,19416,1124
8327,19416,1124
8327,21693,1124
8327,21693,1124
8327,21693,1124
8327,21693,1124
8770,14821,1124
8770,14821,1124
8770,14821,1124
8770,14821,1124
8770,14821,1124
8770,14821,1124
8770,14821,1124
8770,14821,1124
8770,14821,1124
8770,14821,1124
8770,14821,1124
8770,14821,1124
8770,14821,1124
8770,14821,1124
8770,14821,1124
8770,14821,1124
8770,14821,1124
8770,14821,1124
8770,14821,1124
8770,14821,1124
8770,14821,1124
8770,14821,1124
8770,14821,1124
8770,14821,1124
8770,14821,1124
8770,14821,1124
8770,14821,1124
8770,14821,1124
8770,14821,1124
8770,14821,1124
8777,1493,1124
8777,1493,1124
8777,1493,1124
10658,7706,1124
7751,21136,1125
7751,21136,1125
7751,21136,1125
7751,21136,1125
7751,21136,1125
7751,21136,1125
7751,21136,1125
7751,21136,1125
7751,21136,1125
7751,21136,1125
7751,21136,1125
7751,21136,1125
7751,21136,1125
7751,21136,1125
7751,21136,1125
7751,21136,1125
7751,21136,1125
7751,21136,1125
7751,21136,1125
7751,21136,1125
7751,21136,1125
7751,21136,1125
7751,21136,1125
7751,21136,1125
7751,21136,1125
7751,21136,1125
7751,21136,1125
7751,21136,1125
7765,24659,1125
7765,24659,1125
7765,24659,1125
7765,24659,1125
7918,10969,1125
7918,10969,1125
7918,10969,1125
7918,10969,1125
7918,10969,1125
7918,10969,1125
8215,25507,1125
8215,25507,1125
8215,25507,1125
8215,25507,1125
8215,25507,1125
8215,25507,1125
8215,25507,1125
8236,21359,1125
8236,21359,1125
8274,2299,1125
8274,2299,1125
8274,2299,1125
8274,2299,1125
8274,2299,1125
8274,2299,1125
8274,2299,1125
8274,2299,1125
8274,2299,1125
8274,2299,1125
8274,2299,1125
8274,2299,1125
8274,2299,1125
8770,22601,1125
8777,1493,1125
8777,1494,1125
7765,24659,1126
7765,24659,1126
7765,24659,1126
8215,16933,1126
8215,16933,1126
8215,16933,1126
8215,16933,1126
8215,16933,1126
8215,16933,1126
8215,16933,1126
8215,16933,1126
8236,17963,1126
8236,22565,1126
8236,22565,1126
8327,15643,1126
8327,20340,1126
8327,21693,1126
8327,21693,1126
8327,21693,1126
8327,21693,1126
8327,21693,1126
8327,21693,1126
8327,21693,1126
8327,21693,1126
8327,21693,1126
8327,21693,1126
8777,1493,1126
8777,1493,1126
8777,1493,1126
8777,1493,1126
8777,1493,1126
8777,1493,1126
8777,1493,1126
8777,1493,1126
8777,1493,1126
7577,9765,1127
7751,21134,1127
7751,21134,1127
7751,21136,1127
7751,21136,1127
7751,21136,1127
7751,21136,1127
7751,21136,1127
7751,21136,1127
7751,21136,1127
7751,21136,1127
7751,21136,1127
7751,21136,1127
7751,21136,1127
7751,21136,1127
7751,21136,1127
7751,21136,1127
7751,21136,1127
7751,21136,1127
7751,21136,1127
7751,21136,1127
7751,21136,1127
7751,21136,1127
7751,21136,1127
7918,19877,1127
7918,19877,1127
7918,19877,1127
7918,19877,1127
7918,19877,1127
7918,19877,1127
7918,19877,1127
7918,19877,1127
7918,19877,1127
7918,19877,1127
8236,17963,1127
8236,17963,1127
8236,22565,1127
8236,22565,1127
8236,22565,1127
8236,22565,1127
8274,2299,1127
8274,2299,1127
8274,2299,1127
8274,2299,1127
8327,15643,1127
8327,19416,1127
8327,19416,1127
8327,19416,1127
8327,19416,1127
8327,19416,1127
8327,19416,1127
8327,19416,1127
8327,19416,1127
8327,19416,1127
8327,19416,1127
8327,20340,1127
8327,21693,1127
8327,21693,1127
8327,21693,1127
8327,21693,1127
8327,21693,1127
8327,21693,1127
8327,21693,1127
8327,21693,1127
8327,21693,1127
8327,21693,1127
8327,21693,1127
8327,21693,1127
8327,21693,1127
8327,21693,1127
8777,1493,1127
8777,1493,1127
8777,1493,1127
7577,9765,1128
7577,11101,1128
7751,21140,1128
7765,24659,1128
7765,24659,1128
7765,24659,1128
7765,24659,1128
8777,1493,1128
8941,10851,1128
9763,9764,1128
7577,11237,1129
7765,24659,1129
7765,24659,1129
7765,24659,1129
7765,24659,1129
7918,12155,1129
7918,12155,1129
7918,12155,1129
7918,12155,1129
7918,12155,1129
7918,12155,1129
7918,12155,1129
7918,12155,1129
7918,12155,1129
7918,12155,1129
7918,12155,1129
7918,12155,1129
8327,808,1129
8327,808,1129
8327,2595,1129
8327,2595,1129
8327,2595,1129
8327,2595,1129
8327,2595,1129
8327,2595,1129
8327,2595,1129
8327,2595,1129
8327,2595,1129
8327,2595,1129
8327,2595,1129
8327,19416,1129
8327,19416,1129
8327,19416,1129
8327,19416,1129
8327,19416,1129
8327,19416,1129
8327,19416,1129
8327,19416,1129
8327,19416,1129
8327,19416,1129
8770,18170,1129
8770,18170,1129
8770,18170,1129
8770,18170,1129
8770,18170,1129
8770,18170,1129
8770,18170,1129
8770,18170,1129
8770,18170,1129
8770,18170,1129
8770,18170,1129
8770,18170,1129
8770,18170,1129
8770,18170,1129
8770,18170,1129
8770,18170,1129
8770,18170,1129
8770,18170,1129
8770,18170,1129
8770,18170,1129
8770,18170,1129
8770,18170,1129
8770,18170,1129
8770,18170,1129
8770,18170,1129
8770,18170,1129
8770,18170,1129
8770,18170,1129
8770,18170,1129
8770,18170,1129
8770,18170,1129
8770,18170,1129
8770,18170,1129
8777,1493,1129
8777,1493,1129
8777,1493,1129
7577,2405,1130
7751,21140,1130
7765,14395,1130
7765,14395,1130
7765,14395,1130
7765,14395,1130
7765,14395,1130
7765,14395,1130
7765,14395,1130
7765,14395,1130
8236,17963,1130
8236,22565,1130
8236,22565,1130
8327,808,1130
8327,808,1130
8327,808,1130
8327,808,1130
8327,808,1130
8327,808,1130
8327,808,1130
8327,808,1130
8327,22934,1130
8327,22934,1130
8327,22934,1130
8327,22934,1130
8327,22934,1130
8327,22934,1130
8327,22934,1130
8327,22934,1130
8327,22934,1130
8327,22934,1130
8327,22934,1130
8327,22934,1130
8327,22934,1130
8327,22934,1130
8327,22934,1130
8327,22934,1130
8327,22934,1130
8327,22934,1130
8327,22934,1130
8327,22934,1130
8327,22934,1130
8327,22934,1130
8327,22934,1130
8327,22934,1130
8327,22934,1130
8327,22934,1130
8327,22934,1130
8327,22934,1130
8327,22934,1130
8327,22934,1130
8327,22934,1130
8327,22934,1130
8770,13934,1130
8770,13934,1130
8770,13934,1130
8770,14085,1130
8770,14085,1130
8770,14085,1130
8770,14085,1130
8770,14085,1130
7918,16355,1131
7918,16355,1131
7918,16355,1131
8327,3396,1131
8327,3396,1131
8327,3396,1131
8327,3396,1131
8327,3403,1131
8327,3403,1131
8327,3403,1131
8327,3403,1131
8327,3403,1131
8327,3403,1131
8327,3403,1131
8327,3403,1131
8327,3403,1131
8327,3403,1131
8327,3403,1131
8327,22934,1131
8327,22934,1131
8327,22934,1131
8327,22934,1131
8327,22934,1131
8327,22934,1131
8770,13934,1131
8770,14080,1131
8770,14085,1131
8770,14085,1131
8770,14085,1131
8777,1493,1131
8777,1493,1131
8777,14022,1131
8777,14622,1131
8777,20370,1131
8777,20370,1131
8777,20370,1131
8777,20370,1131
8777,20370,1131
8777,20370,1131
10139,8215,1131
2538,7607,1132
2538,7607,1132
7577,2538,1132
7751,21140,1132
7751,21140,1132
7918,16355,1132
7918,16355,1132
7918,16355,1132
8235,10139,1132
8235,10215,1132
8235,10215,1132
8235,10658,1132
8327,22934,1132
8327,22934,1132
8327,22934,1132
8327,22934,1132
8327,22934,1132
8327,22934,1132
8770,14763,1132
8770,14763,1132
8770,14763,1132
8770,14763,1132
8770,14763,1132
8770,14763,1132
8770,14763,1132
8770,14763,1132
8770,14763,1132
8770,14763,1132
8770,14763,1132
8770,14763,1132
8770,14763,1132
8770,14763,1132
8770,14763,1132
8777,1493,1132
10215,8235,1132
7577,11443,1133
7751,21140,1133
7751,21140,1133
8236,10658,1133
8236,11394,1133
8236,11443,1133
8236,17963,1133
8236,22565,1133
8236,22565,1133
8777,1493,1133
8777,1493,1133
8777,1493,1133
8777,17127,1133
8777,17127,1133
8777,17127,1133
8777,17127,1133
8777,17127,1133
8777,17127,1133
8777,17127,1133
8777,17127,1133
7751,2405,1134
7751,2538,1134
7751,21134,1134
7751,21134,1134
7751,21136,1134
7751,21136,1134
7751,21136,1134
7751,21136,1134
7751,21136,1134
7751,21136,1134
7751,21136,1134
7751,21136,1134
7751,21136,1134
7751,21136,1134
7751,21136,1134
7751,21136,1134
7751,21136,1134
7751,21136,1134
7751,21136,1134
7751,21136,1134
7751,21136,1134
7751,21136,1134
7751,21136,1134
7751,21136,1134
7751,21136,1134
7751,21136,1134
7751,21136,1134
7751,21136,1134
7751,21136,1134
7751,21136,1134
7751,21136,1134
7751,21136,1134
7751,21136,1134
7751,21136,1134
7751,21136,1134
7751,21136,1134
7751,21136,1134
7751,21136,1134
7751,21136,1134
8236,17963,1134
8236,22565,1134
8236,22565,1134
8274,10215,1134
8274,10851,1134
8274,11394,1134
8327,13640,1134
8327,13640,1134
8327,13640,1134
8327,13640,1134
8327,13640,1134
8327,13640,1134
8770,14763,1134
8770,14763,1134
8770,14763,1134
8770,14763,1134
8770,14763,1134
8770,14763,1134
8770,14763,1134
8770,14763,1134
8770,14763,1134
8770,14763,1134
8770,14763,1134
8770,14763,1134
8770,14763,1134
8770,14763,1134
8770,14763,1134
8770,14763,1134
8770,14763,1134
8770,14763,1134
8770,14763,1134
8770,14763,1134
8770,14763,1134
8770,14763,1134
8770,14763,1134
8770,14763,1134
8770,14763,1134
8770,14763,1134
8770,14763,1134
8770,14763,1134
8770,14763,1134
8770,14763,1134
8770,14763,1134
8770,14764,1134
8770,14764,1134
8770,14764,1134
8770,14764,1134
8770,14764,1134
8770,14764,1134
8770,14764,1134
8770,14764,1134
8770,14764,1134
8770,14764,1134
8770,14764,1134
8770,14764,1134
8770,14764,1134
8770,14764,1134
8770,14764,1134
8770,14764,1134
8770,14764,1134
8770,14764,1134
8770,14764,1134
8770,14764,1134
8770,14764,1134
8770,14764,1134
8770,14764,1134
8770,14764,1134
8770,14764,1134
8770,14764,1134
8770,14764,1134
8770,14764,1134
8770,14764,1134
8770,14764,1134
8770,14764,1134
8770,14764,1134
8770,14764,1134
8770,14764,1134
8770,14764,1134
8770,14764,1134
8770,14764,1134
8770,14764,1134
8770,14764,1134
8770,14764,1134
8770,14764,1134
8770,14764,1134
8770,14764,1134
8770,14764,1134
8770,14764,1134
8770,14764,1134
8770,14772,1134
8770,23861,1134
10215,7863,1134
10215,8017,1134
10215,8236,1134
10215,8274,1134
11394,7863,1134
11394,7897,1134
11394,7918,1134
11394,8017,1134
11394,8215,1134
11394,8236,1134
11394,8274,1134
2405,7751,1135
7577,9766,1135
7751,21132,1135
7751,21132,1135
7751,21132,1135
7751,21132,1135
7751,21132,1135
7751,21132,1135
7751,21132,1135
7751,21132,1135
7751,21132,1135
7751,21132,1135
7751,21132,1135
7751,21134,1135
7751,21134,1135
7751,21136,1135
7751,21136,1135
7751,21136,1135
7751,21136,1135
7751,21136,1135
7751,21136,1135
7751,21136,1135
7751,21136,1135
7751,21136,1135
7751,21136,1135
7751,21136,1135
7751,21136,1135
7751,21136,1135
7751,21136,1135
7751,21136,1135
7751,21136,1135
7751,21136,1135
7751,21136,1135
7751,21136,1135
7751,21136,1135
7751,21136,1135
7751,21136,1135
7751,21136,1135
7751,21136,1135
7751,21136,1135
7751,21136,1135
7751,21136,1135
8215,16793,1135
8215,16793,1135
8215,16793,1135
8215,16793,1135
8215,16793,1135
8215,16793,1135
8215,16793,1135
8215,16793,1135
8215,16793,1135
8215,16793,1135
8215,16793,1135
8215,16793,1135
8215,16793,1135
8215,16793,1135
8215,16793,1135
8215,16793,1135
8215,25507,1135
8215,25507,1135
8215,25507,1135
8215,25507,1135
8236,17963,1135
8236,22565,1135
8236,22565,1135
8274,10215,1135
8274,10215,1135
8327,16829,1135
8327,16829,1135
8327,16829,1135
8327,16829,1135
8327,16829,1135
8327,16829,1135
8770,14764,1135
8770,14764,1135
8770,14764,1135
10658,8236,1135
7577,11394,1136
7751,21132,1136
7751,21136,1136
7751,21136,1136
7751,21136,1136
7751,21136,1136
7751,21136,1136
7751,21136,1136
7751,21136,1136
7751,21136,1136
7751,21136,1136
7751,21136,1136
7751,21136,1136
7751,21136,1136
7751,21136,1136
8017,10215,1136
8117,10139,1136
8327,13674,1136
8327,13674,1136
8327,13674,1136
8327,13674,1136
8327,13674,1136
8327,13679,1136
8327,13681,1136
8777,17127,1136
8777,17127,1136
10139,7706,1136
10139,7751,1136
10139,8117,1136
7751,10139,1137
8215,16793,1137
8215,16793,1137
8215,16793,1137
8215,16793,1137
8215,16793,1137
8215,16793,1137
8215,16793,1137
8215,16793,1137
8215,16793,1137
8215,16793,1137
8327,13679,1137
8327,13681,1137
10215,7897,1137
10215,8274,1137
10658,8235,1137
7706,10658,1138
7706,11101,1138
7706,11237,1138
7706,11443,1138
8215,16793,1138
8215,16793,1138
8215,16793,1138
8215,16793,1138
8215,16793,1138
8215,16793,1138
8215,16793,1138
8215,16793,1138
8215,16793,1138
8215,16793,1138
8236,17963,1138
8236,22565,1138
8236,22565,1138
8274,10215,1138
8770,14763,1138
8770,14764,1138
8770,14764,1138
8770,14764,1138
8770,14764,1138
8770,14764,1138
8770,14764,1138
8770,14764,1138
8770,14764,1138
8770,14764,1138
8770,14764,1138
8770,14764,1138
8770,14764,1138
8770,14764,1138
8770,14764,1138
8770,14764,1138
8770,14764,1138
8770,14764,1138
8770,14764,1138
8770,14764,1138
8770,14764,1138
8770,14764,1138
8770,14764,1138
8770,14764,1138
8770,14764,1138
8777,16932,1138
8777,17127,1138
8777,17127,1138
9763,9764,1138
11443,7706,1138
11443,8236,1138
7751,21136,1139
7751,21136,1139
7751,21136,1139
7751,21136,1139
7751,21136,1139
7751,21136,1139
7751,21136,1139
7751,21136,1139
7751,21136,1139
7751,21136,1139
7751,21136,1139
7751,21136,1139
7751,21136,1139
7751,21136,1139
7751,21136,1139
7751,21136,1139
7751,21136,1139
7751,21136,1139
7751,21136,1139
7751,21136,1139
7751,21136,1139
7751,21136,1139
8215,16793,1139
8215,16793,1139
8215,16793,1139
8215,16793,1139
8215,16793,1139
8215,16793,1139
8215,16793,1139
8215,16793,1139
8215,16793,1139
8215,16793,1139
8236,10215,1139
8327,18141,1139
8327,18141,1139
8327,18141,1139
8327,18141,1139
8327,18141,1139
8327,18141,1139
8327,18141,1139
8327,18141,1139
8327,18141,1139
8327,18141,1139
8327,18141,1139
8327,18141,1139
8327,18141,1139
8327,18141,1139
8327,18141,1139
8327,18141,1139
8327,18141,1139
8327,18141,1139
8327,18141,1139
8327,18141,1139
8327,18141,1139
8770,4670,1139
8770,4670,1139
8770,4670,1139
8770,4670,1139
8770,4670,1139
8770,4670,1139
8770,4670,1139
8770,4670,1139
8770,4670,1139
8770,4670,1139
8770,4670,1139
8770,4670,1139
8770,4670,1139
8770,4670,1139
8770,4670,1139
8770,4670,1139
8770,4670,1139
8770,4670,1139
8770,4670,1139
8770,4670,1139
8770,4670,1139
8770,4670,1139
8770,4670,1139
8770,4670,1139
8770,4670,1139
8770,4670,1139
8770,4670,1139
8770,4670,1139
8770,4670,1139
8770,4670,1139
8770,4670,1139
8770,4670,1139
8770,4670,1139
8770,4670,1139
8770,4670,1139
8770,4670,1139
8770,4670,1139
8770,4670,1139
8770,4670,1139
8770,4670,1139
8770,4670,1139
11443,7706,1139
11443,7765,1139
7751,21136,1140
7751,21136,1140
7751,21136,1140
7751,21136,1140
7751,21136,1140
7751,21136,1140
7751,21136,1140
7751,21136,1140
7751,21136,1140
7751,21136,1140
7751,21136,1140
7751,21136,1140
7751,21136,1140
7751,21136,1140
7751,21136,1140
7751,21136,1140
7751,21136,1140
7751,21136,1140
7751,21136,1140
7751,21136,1140
7751,21136,1140
7751,21136,1140
7751,21136,1140
7751,21136,1140
7751,21136,1140
7751,21136,1140
8215,10969,1140
8215,10969,1140
8215,10969,1140
8215,10969,1140
8215,10969,1140
8215,10969,1140
8215,10969,1140
8215,10969,1140
8215,10969,1140
8215,10969,1140
8215,10969,1140
8215,10969,1140
8777,20727,1140
11443,7765,1140
11443,8235,1140
11443,8236,1140
2538,7607,1141
2538,8117,1141
7751,21136,1141
7751,21136,1141
7751,21136,1141
7751,21136,1141
7751,21136,1141
7751,21136,1141
7751,21136,1141
7751,21136,1141
7751,21136,1141
7751,21136,1141
7751,21136,1141
7751,21136,1141
7751,21136,1141
7751,21136,1141
7751,21136,1141
7751,21136,1141
8117,2538,1141
8215,10969,1141
8215,10969,1141
8215,10969,1141
8215,10969,1141
8215,10969,1141
8215,10969,1141
8215,19877,1141
8215,19877,1141
8215,19877,1141
8215,19877,1141
8215,19877,1141
8215,19877,1141
8215,19877,1141
8770,4670,1141
8770,4670,1141
8770,4670,1141
8770,4670,1141
8770,4670,1141
8770,4670,1141
8770,4670,1141
8770,4670,1141
8770,4670,1141
8770,4670,1141
8770,4670,1141
8770,4670,1141
8770,23862,1141
8770,23862,1141
8770,23862,1141
8770,23862,1141
8770,23862,1141
8777,19132,1141
8777,19132,1141
8777,19132,1141
8777,19132,1141
8777,19132,1141
8777,19132,1141
8777,19132,1141
8777,19132,1141
8777,19132,1141
8777,19132,1141
